rx_index,time_ns,softOut,rx_bit,tx_bit
0,6885000,-20,1,1
1,7885000,-20,1,1
2,8885000,30,0,0
3,9885000,-40,1,1
4,10885000,-46,1,1
5,11885000,-42,1,1
6,12885000,42,0,0
7,13885000,40,0,0
8,14885000,-38,1,1
9,15885000,38,0,0
10,16885000,-38,1,1
11,17885000,40,0,0
12,18885000,46,0,0
13,19885000,40,0,0
14,20885000,-38,1,1
15,21885000,38,0,0
16,22885000,-38,1,1
17,23885000,38,0,0
18,24885000,-38,1,1
19,25885000,40,0,0
20,26885000,40,0,0
21,27885000,-40,1,1
22,28885000,40,0,0
23,29885000,40,0,0
24,30885000,-38,1,1
25,31885000,38,0,0
26,32885000,-40,1,1
27,33885000,-46,1,1
28,34885000,-46,1,1
29,35885000,-40,1,1
30,36885000,38,0,0
31,37885000,-38,1,1
32,38885000,40,0,0
33,39885000,46,0,0
34,40885000,40,0,0
35,41885000,-38,1,1
36,42885000,38,0,0
37,43885000,-40,1,1
38,44885000,-40,1,1
39,45885000,40,0,0
40,46885000,-40,1,1
41,47885000,-46,1,1
42,48885000,-48,1,1
43,49885000,-48,1,1
44,50885000,-48,1,1
45,51885000,-46,1,1
46,52885000,-40,1,1
47,53885000,38,0,0
48,54885000,-38,1,1
49,55885000,38,0,0
50,56885000,-40,1,1
51,57885000,-46,1,1
52,58885000,-48,1,1
53,59885000,-48,1,1
54,60885000,-48,1,1
55,61885000,-48,1,1
56,62885000,-48,1,1
57,63885000,-48,1,1
58,64885000,-48,1,1
59,65885000,-48,1,1
60,66885000,-48,1,1
61,67885000,-46,1,1
62,68885000,-40,1,1
63,69885000,40,0,0
64,70885000,-40,1,1
65,71885000,-42,1,1
66,72885000,42,0,0
67,73885000,46,0,0
68,74885000,48,0,0
69,75885000,46,0,0
70,76885000,42,0,0
71,77885000,-42,1,1
72,78885000,-42,1,1
73,79885000,42,0,0
74,80885000,46,0,0
75,81885000,40,0,0
76,82885000,-38,1,1
77,83885000,38,0,0
78,84885000,-38,1,1
79,85885000,40,0,0
80,86885000,42,0,0
81,87885000,-42,1,1
82,88885000,-40,1,1
83,89885000,38,0,0
84,90885000,-38,1,1
85,91885000,40,0,0
86,92885000,46,0,0
87,93885000,40,0,0
88,94885000,-38,1,1
89,95885000,38,0,0
90,96885000,-38,1,1
91,97885000,40,0,0
92,98885000,46,0,0
93,99885000,42,0,0
94,100885000,-42,1,1
95,101885000,-40,1,1
96,102885000,40,0,0
97,103885000,-40,1,1
98,104885000,-46,1,1
99,105885000,-48,1,1
100,106885000,-46,1,1
101,107885000,-40,1,1
102,108885000,38,0,0
103,109885000,-38,1,1
104,110885000,38,0,0
105,111885000,-38,1,1
106,112885000,40,0,0
107,113885000,46,0,0
108,114885000,46,0,0
109,115885000,40,0,0
110,116885000,-40,1,1
111,117885000,40,0,0
112,118885000,40,0,0
113,119885000,-40,1,1
114,120885000,40,0,0
115,121885000,46,0,0
116,122885000,48,0,0
117,123885000,46,0,0
118,124885000,42,0,0
119,125885000,-42,1,1
120,126885000,-42,1,1
121,127885000,42,0,0
122,128885000,40,0,0
123,129885000,-38,1,1
124,130885000,38,0,0
125,131885000,-40,1,1
126,132885000,-46,1,1
127,133885000,-48,1,1
128,134885000,-46,1,1
129,135885000,-42,1,1
130,136885000,42,0,0
131,137885000,42,0,0
132,138885000,-42,1,1
133,139885000,-40,1,1
134,140885000,38,0,0
135,141885000,-38,1,1
136,142885000,38,0,0
137,143885000,-38,1,1
138,144885000,38,0,0
139,145885000,-38,1,1
140,146885000,38,0,0
141,147885000,-40,1,1
142,148885000,-46,1,1
143,149885000,-48,1,1
144,150885000,-48,1,1
145,151885000,-48,1,1
146,152885000,-48,1,1
147,153885000,-48,1,1
148,154885000,-48,1,1
149,155885000,-48,1,1
150,156885000,-46,1,1
151,157885000,-42,1,1
152,158885000,42,0,0
153,159885000,46,0,0
154,160885000,42,0,0
155,161885000,-42,1,1
156,162885000,-46,1,1
157,163885000,-46,1,1
158,164885000,-42,1,1
159,165885000,42,0,0
160,166885000,46,0,0
161,167885000,42,0,0
162,168885000,-42,1,1
163,169885000,-40,1,1
164,170885000,40,0,0
165,171885000,-40,1,1
166,172885000,-46,1,1
167,173885000,-42,1,1
168,174885000,42,0,0
169,175885000,40,0,0
170,176885000,-38,1,1
171,177885000,38,0,0
172,178885000,-40,1,1
173,179885000,-40,1,1
174,180885000,40,0,0
175,181885000,-40,1,1
176,182885000,-46,1,1
177,183885000,-40,1,1
178,184885000,38,0,0
179,185885000,-38,1,1
180,186885000,38,0,0
181,187885000,-40,1,1
182,188885000,-46,1,1
183,189885000,-46,1,1
184,190885000,-40,1,1
185,191885000,38,0,0
186,192885000,-38,1,1
187,193885000,40,0,0
188,194885000,46,0,0
189,195885000,46,0,0
190,196885000,40,0,0
191,197885000,-40,1,1
192,198885000,40,0,0
193,199885000,46,0,0
194,200885000,42,0,0
195,201885000,-42,1,1
196,202885000,-46,1,1
197,203885000,-40,1,1
198,204885000,40,0,0
199,205885000,-40,1,1
200,206885000,-42,1,1
201,207885000,42,0,0
202,208885000,46,0,0
203,209885000,46,0,0
204,210885000,42,0,0
205,211885000,-42,1,1
206,212885000,-46,1,1
207,213885000,-42,1,1
208,214885000,42,0,0
209,215885000,46,0,0
210,216885000,42,0,0
211,217885000,-42,1,1
212,218885000,-40,1,1
213,219885000,40,0,0
214,220885000,-40,1,1
215,221885000,-46,1,1
216,222885000,-40,1,1
217,223885000,40,0,0
218,224885000,-40,1,1
219,225885000,-46,1,1
220,226885000,-46,1,1
221,227885000,-40,1,1
222,228885000,38,0,0
223,229885000,-38,1,1
224,230885000,38,0,0
225,231885000,-40,1,1
226,232885000,-46,1,1
227,233885000,-40,1,1
228,234885000,40,0,0
229,235885000,-40,1,1
230,236885000,-46,1,1
231,237885000,-42,1,1
232,238885000,42,0,0
233,239885000,42,0,0
234,240885000,-42,1,1
235,241885000,-46,1,1
236,242885000,-42,1,1
237,243885000,42,0,0
238,244885000,46,0,0
239,245885000,40,0,0
240,246885000,-40,1,1
241,247885000,40,0,0
242,248885000,40,0,0
243,249885000,-40,1,1
244,250885000,40,0,0
245,251885000,46,0,0
246,252885000,48,0,0
247,253885000,46,0,0
248,254885000,40,0,0
249,255885000,-38,1,1
250,256885000,38,0,0
251,257885000,-40,1,1
252,258885000,-46,1,1
253,259885000,-46,1,1
254,260885000,-42,1,1
255,261885000,42,0,0
256,262885000,46,0,0
257,263885000,48,0,0
258,264885000,46,0,0
259,265885000,42,0,0
260,266885000,-42,1,1
261,267885000,-42,1,1
262,268885000,42,0,0
263,269885000,46,0,0
264,270885000,46,0,0
265,271885000,40,0,0
266,272885000,-38,1,1
267,273885000,38,0,0
268,274885000,-38,1,1
269,275885000,38,0,0
270,276885000,-38,1,1
271,277885000,38,0,0
272,278885000,-40,1,1
273,279885000,-42,1,1
274,280885000,42,0,0
275,281885000,46,0,0
276,282885000,46,0,0
277,283885000,40,0,0
278,284885000,-38,1,1
279,285885000,38,0,0
280,286885000,-40,1,1
281,287885000,-46,1,1
282,288885000,-42,1,1
283,289885000,42,0,0
284,290885000,46,0,0
285,291885000,46,0,0
286,292885000,40,0,0
287,293885000,-40,1,1
288,294885000,40,0,0
289,295885000,40,0,0
290,296885000,-40,1,1
291,297885000,40,0,0
292,298885000,46,0,0
293,299885000,46,0,0
294,300885000,40,0,0
295,301885000,-38,1,1
296,302885000,38,0,0
297,303885000,-38,1,1
298,304885000,38,0,0
299,305885000,-40,1,1
300,306885000,-40,1,1
301,307885000,38,0,0
302,308885000,-38,1,1
303,309885000,38,0,0
304,310885000,-40,1,1
305,311885000,-40,1,1
306,312885000,40,0,0
307,313885000,-40,1,1
308,314885000,-40,1,1
309,315885000,40,0,0
310,316885000,-40,1,1
311,317885000,-40,1,1
312,318885000,40,0,0
313,319885000,-40,1,1
314,320885000,-42,1,1
315,321885000,42,0,0
316,322885000,40,0,0
317,323885000,-40,1,1
318,324885000,40,0,0
319,325885000,46,0,0
320,326885000,46,0,0
321,327885000,40,0,0
322,328885000,-40,1,1
323,329885000,40,0,0
324,330885000,42,0,0
325,331885000,-42,1,1
326,332885000,-46,1,1
327,333885000,-42,1,1
328,334885000,42,0,0
329,335885000,46,0,0
330,336885000,42,0,0
331,337885000,-42,1,1
332,338885000,-46,1,1
333,339885000,-46,1,1
334,340885000,-40,1,1
335,341885000,38,0,0
336,342885000,-38,1,1
337,343885000,38,0,0
338,344885000,-40,1,1
339,345885000,-42,1,1
340,346885000,42,0,0
341,347885000,42,0,0
342,348885000,-42,1,1
343,349885000,-40,1,1
344,350885000,40,0,0
345,351885000,-40,1,1
346,352885000,-42,1,1
347,353885000,42,0,0
348,354885000,46,0,0
349,355885000,48,0,0
350,356885000,46,0,0
351,357885000,40,0,0
352,358885000,-38,1,1
353,359885000,38,0,0
354,360885000,-38,1,1
355,361885000,40,0,0
356,362885000,46,0,0
357,363885000,40,0,0
358,364885000,-38,1,1
359,365885000,38,0,0
360,366885000,-38,1,1
361,367885000,40,0,0
362,368885000,46,0,0
363,369885000,48,0,0
364,370885000,48,0,0
365,371885000,46,0,0
366,372885000,40,0,0
367,373885000,-38,1,1
368,374885000,38,0,0
369,375885000,-38,1,1
370,376885000,40,0,0
371,377885000,46,0,0
372,378885000,48,0,0
373,379885000,46,0,0
374,380885000,40,0,0
375,381885000,-38,1,1
376,382885000,38,0,0
377,383885000,-38,1,1
378,384885000,40,0,0
379,385885000,42,0,0
380,386885000,-42,1,1
381,387885000,-46,1,1
382,388885000,-42,1,1
383,389885000,42,0,0
384,390885000,46,0,0
385,391885000,46,0,0
386,392885000,42,0,0
387,393885000,-42,1,1
388,394885000,-42,1,1
389,395885000,42,0,0
390,396885000,40,0,0
391,397885000,-40,1,1
392,398885000,40,0,0
393,399885000,42,0,0
394,400885000,-42,1,1
395,401885000,-46,1,1
396,402885000,-40,1,1
397,403885000,40,0,0
398,404885000,-40,1,1
399,405885000,-46,1,1
400,406885000,-42,1,1
401,407885000,42,0,0
402,408885000,42,0,0
403,409885000,-42,1,1
404,410885000,-40,1,1
405,411885000,38,0,0
406,412885000,-38,1,1
407,413885000,38,0,0
408,414885000,-38,1,1
409,415885000,40,0,0
410,416885000,40,0,0
411,417885000,-38,1,1
412,418885000,38,0,0
413,419885000,-40,1,1
414,420885000,-40,1,1
415,421885000,38,0,0
416,422885000,-38,1,1
417,423885000,40,0,0
418,424885000,46,0,0
419,425885000,48,0,0
420,426885000,46,0,0
421,427885000,40,0,0
422,428885000,-38,1,1
423,429885000,38,0,0
424,430885000,-40,1,1
425,431885000,-46,1,1
426,432885000,-48,1,1
427,433885000,-48,1,1
428,434885000,-46,1,1
429,435885000,-40,1,1
430,436885000,40,0,0
431,437885000,-40,1,1
432,438885000,-42,1,1
433,439885000,42,0,0
434,440885000,46,0,0
435,441885000,46,0,0
436,442885000,42,0,0
437,443885000,-42,1,1
438,444885000,-42,1,1
439,445885000,42,0,0
440,446885000,42,0,0
441,447885000,-42,1,1
442,448885000,-46,1,1
443,449885000,-42,1,1
444,450885000,42,0,0
445,451885000,46,0,0
446,452885000,42,0,0
447,453885000,-42,1,1
448,454885000,-40,1,1
449,455885000,40,0,0
450,456885000,-40,1,1
451,457885000,-40,1,1
452,458885000,40,0,0
453,459885000,-40,1,1
454,460885000,-46,1,1
455,461885000,-42,1,1
456,462885000,42,0,0
457,463885000,46,0,0
458,464885000,40,0,0
459,465885000,-38,1,1
460,466885000,38,0,0
461,467885000,-38,1,1
462,468885000,40,0,0
463,469885000,46,0,0
464,470885000,46,0,0
465,471885000,40,0,0
466,472885000,-40,1,1
467,473885000,40,0,0
468,474885000,46,0,0
469,475885000,42,0,0
470,476885000,-42,1,1
471,477885000,-42,1,1
472,478885000,42,0,0
473,479885000,40,0,0
474,480885000,-38,1,1
475,481885000,38,0,0
476,482885000,-38,1,1
477,483885000,38,0,0
478,484885000,-38,1,1
479,485885000,40,0,0
480,486885000,46,0,0
481,487885000,46,0,0
482,488885000,42,0,0
483,489885000,-42,1,1
484,490885000,-40,1,1
485,491885000,38,0,0
486,492885000,-38,1,1
487,493885000,40,0,0
488,494885000,42,0,0
489,495885000,-42,1,1
490,496885000,-40,1,1
491,497885000,38,0,0
492,498885000,-38,1,1
493,499885000,38,0,0
494,500885000,-38,1,1
495,501885000,38,0,0
496,502885000,-38,1,1
497,503885000,38,0,0
498,504885000,-40,1,1
499,505885000,-46,1,1
500,506885000,-42,1,1
501,507885000,42,0,0
502,508885000,46,0,0
503,509885000,46,0,0
504,510885000,42,0,0
505,511885000,-42,1,1
506,512885000,-40,1,1
507,513885000,38,0,0
508,514885000,-38,1,1
509,515885000,38,0,0
510,516885000,-38,1,1
511,517885000,40,0,0
512,518885000,40,0,0
513,519885000,-40,1,1
514,520885000,40,0,0
515,521885000,42,0,0
516,522885000,-42,1,1
517,523885000,-46,1,1
518,524885000,-48,1,1
519,525885000,-46,1,1
520,526885000,-40,1,1
521,527885000,40,0,0
522,528885000,-40,1,1
523,529885000,-46,1,1
524,530885000,-48,1,1
525,531885000,-46,1,1
526,532885000,-42,1,1
527,533885000,42,0,0
528,534885000,42,0,0
529,535885000,-42,1,1
530,536885000,-42,1,1
531,537885000,42,0,0
532,538885000,46,0,0
533,539885000,48,0,0
534,540885000,46,0,0
535,541885000,40,0,0
536,542885000,-38,1,1
537,543885000,38,0,0
538,544885000,-40,1,1
539,545885000,-46,1,1
540,546885000,-42,1,1
541,547885000,42,0,0
542,548885000,42,0,0
543,549885000,-42,1,1
544,550885000,-46,1,1
545,551885000,-40,1,1
546,552885000,40,0,0
547,553885000,-40,1,1
548,554885000,-40,1,1
549,555885000,40,0,0
550,556885000,-40,1,1
551,557885000,-40,1,1
552,558885000,38,0,0
553,559885000,-38,1,1
554,560885000,40,0,0
555,561885000,40,0,0
556,562885000,-38,1,1
557,563885000,38,0,0
558,564885000,-40,1,1
559,565885000,-46,1,1
560,566885000,-40,1,1
561,567885000,38,0,0
562,568885000,-38,1,1
563,569885000,38,0,0
564,570885000,-40,1,1
565,571885000,-46,1,1
566,572885000,-40,1,1
567,573885000,38,0,0
568,574885000,-38,1,1
569,575885000,40,0,0
570,576885000,46,0,0
571,577885000,40,0,0
572,578885000,-40,1,1
573,579885000,40,0,0
574,580885000,46,0,0
575,581885000,46,0,0
576,582885000,42,0,0
577,583885000,-42,1,1
578,584885000,-46,1,1
579,585885000,-42,1,1
580,586885000,42,0,0
581,587885000,46,0,0
582,588885000,48,0,0
583,589885000,46,0,0
584,590885000,42,0,0
585,591885000,-42,1,1
586,592885000,-40,1,1
587,593885000,40,0,0
588,594885000,-40,1,1
589,595885000,-40,1,1
590,596885000,40,0,0
591,597885000,-40,1,1
592,598885000,-40,1,1
593,599885000,38,0,0
594,600885000,-38,1,1
595,601885000,40,0,0
596,602885000,46,0,0
597,603885000,48,0,0
598,604885000,46,0,0
599,605885000,40,0,0
600,606885000,-40,1,1
601,607885000,40,0,0
602,608885000,42,0,0
603,609885000,-42,1,1
604,610885000,-42,1,1
605,611885000,42,0,0
606,612885000,46,0,0
607,613885000,42,0,0
608,614885000,-42,1,1
609,615885000,-42,1,1
610,616885000,42,0,0
611,617885000,46,0,0
612,618885000,40,0,0
613,619885000,-38,1,1
614,620885000,38,0,0
615,621885000,-38,1,1
616,622885000,38,0,0
617,623885000,-38,1,1
618,624885000,38,0,0
619,625885000,-40,1,1
620,626885000,-42,1,1
621,627885000,42,0,0
622,628885000,42,0,0
623,629885000,-42,1,1
624,630885000,-46,1,1
625,631885000,-40,1,1
626,632885000,38,0,0
627,633885000,-38,1,1
628,634885000,38,0,0
629,635885000,-40,1,1
630,636885000,-46,1,1
631,637885000,-40,1,1
632,638885000,40,0,0
633,639885000,-40,1,1
634,640885000,-40,1,1
635,641885000,40,0,0
636,642885000,-40,1,1
637,643885000,-40,1,1
638,644885000,40,0,0
639,645885000,-40,1,1
640,646885000,-40,1,1
641,647885000,40,0,0
642,648885000,-40,1,1
643,649885000,-46,1,1
644,650885000,-42,1,1
645,651885000,42,0,0
646,652885000,42,0,0
647,653885000,-42,1,1
648,654885000,-46,1,1
649,655885000,-40,1,1
650,656885000,40,0,0
651,657885000,-40,1,1
652,658885000,-46,1,1
653,659885000,-46,1,1
654,660885000,-40,1,1
655,661885000,40,0,0
656,662885000,-40,1,1
657,663885000,-46,1,1
658,664885000,-40,1,1
659,665885000,38,0,0
660,666885000,-38,1,1
661,667885000,40,0,0
662,668885000,46,0,0
663,669885000,40,0,0
664,670885000,-38,1,1
665,671885000,38,0,0
666,672885000,-40,1,1
667,673885000,-46,1,1
668,674885000,-46,1,1
669,675885000,-40,1,1
670,676885000,38,0,0
671,677885000,-38,1,1
672,678885000,38,0,0
673,679885000,-40,1,1
674,680885000,-40,1,1
675,681885000,38,0,0
676,682885000,-38,1,1
677,683885000,38,0,0
678,684885000,-40,1,1
679,685885000,-46,1,1
680,686885000,-40,1,1
681,687885000,38,0,0
682,688885000,-38,1,1
683,689885000,40,0,0
684,690885000,46,0,0
685,691885000,42,0,0
686,692885000,-42,1,1
687,693885000,-40,1,1
688,694885000,40,0,0
689,695885000,-40,1,1
690,696885000,-40,1,1
691,697885000,38,0,0
692,698885000,-38,1,1
693,699885000,38,0,0
694,700885000,-40,1,1
695,701885000,-42,1,1
696,702885000,42,0,0
697,703885000,46,0,0
698,704885000,46,0,0
699,705885000,42,0,0
700,706885000,-42,1,1
701,707885000,-42,1,1
702,708885000,42,0,0
703,709885000,42,0,0
704,710885000,-42,1,1
705,711885000,-42,1,1
706,712885000,42,0,0
707,713885000,40,0,0
708,714885000,-38,1,1
709,715885000,38,0,0
710,716885000,-38,1,1
711,717885000,38,0,0
712,718885000,-38,1,1
713,719885000,40,0,0
714,720885000,46,0,0
715,721885000,46,0,0
716,722885000,42,0,0
717,723885000,-42,1,1
718,724885000,-46,1,1
719,725885000,-40,1,1
720,726885000,38,0,0
721,727885000,-38,1,1
722,728885000,40,0,0
723,729885000,46,0,0
724,730885000,46,0,0
725,731885000,40,0,0
726,732885000,-38,1,1
727,733885000,38,0,0
728,734885000,-38,1,1
729,735885000,38,0,0
730,736885000,-40,1,1
731,737885000,-40,1,1
732,738885000,40,0,0
733,739885000,-40,1,1
734,740885000,-42,1,1
735,741885000,42,0,0
736,742885000,42,0,0
737,743885000,-42,1,1
738,744885000,-46,1,1
739,745885000,-48,1,1
740,746885000,-46,1,1
741,747885000,-40,1,1
742,748885000,38,0,0
743,749885000,-38,1,1
744,750885000,40,0,0
745,751885000,46,0,0
746,752885000,42,0,0
747,753885000,-42,1,1
748,754885000,-42,1,1
749,755885000,42,0,0
750,756885000,40,0,0
751,757885000,-40,1,1
752,758885000,40,0,0
753,759885000,42,0,0
754,760885000,-42,1,1
755,761885000,-42,1,1
756,762885000,42,0,0
757,763885000,46,0,0
758,764885000,46,0,0
759,765885000,40,0,0
760,766885000,-40,1,1
761,767885000,40,0,0
762,768885000,46,0,0
763,769885000,46,0,0
764,770885000,40,0,0
765,771885000,-40,1,1
766,772885000,40,0,0
767,773885000,46,0,0
768,774885000,48,0,0
769,775885000,46,0,0
770,776885000,42,0,0
771,777885000,-42,1,1
772,778885000,-46,1,1
773,779885000,-48,1,1
774,780885000,-48,1,1
775,781885000,-48,1,1
776,782885000,-46,1,1
777,783885000,-40,1,1
778,784885000,40,0,0
779,785885000,-40,1,1
780,786885000,-42,1,1
781,787885000,42,0,0
782,788885000,40,0,0
783,789885000,-40,1,1
784,790885000,40,0,0
785,791885000,46,0,0
786,792885000,40,0,0
787,793885000,-40,1,1
788,794885000,40,0,0
789,795885000,46,0,0
790,796885000,48,0,0
791,797885000,46,0,0
792,798885000,40,0,0
793,799885000,-38,1,1
794,800885000,38,0,0
795,801885000,-38,1,1
796,802885000,38,0,0
797,803885000,-38,1,1
798,804885000,40,0,0
799,805885000,46,0,0
800,806885000,48,0,0
801,807885000,46,0,0
802,808885000,42,0,0
803,809885000,-42,1,1
804,810885000,-46,1,1
805,811885000,-48,1,1
806,812885000,-46,1,1
807,813885000,-40,1,1
808,814885000,40,0,0
809,815885000,-40,1,1
810,816885000,-40,1,1
811,817885000,38,0,0
812,818885000,-38,1,1
813,819885000,40,0,0
814,820885000,46,0,0
815,821885000,42,0,0
816,822885000,-42,1,1
817,823885000,-42,1,1
818,824885000,42,0,0
819,825885000,40,0,0
820,826885000,-38,1,1
821,827885000,38,0,0
822,828885000,-38,1,1
823,829885000,40,0,0
824,830885000,40,0,0
825,831885000,-40,1,1
826,832885000,40,0,0
827,833885000,40,0,0
828,834885000,-38,1,1
829,835885000,38,0,0
830,836885000,-38,1,1
831,837885000,40,0,0
832,838885000,46,0,0
833,839885000,42,0,0
834,840885000,-42,1,1
835,841885000,-42,1,1
836,842885000,42,0,0
837,843885000,42,0,0
838,844885000,-42,1,1
839,845885000,-46,1,1
840,846885000,-48,1,1
841,847885000,-46,1,1
842,848885000,-42,1,1
843,849885000,42,0,0
844,850885000,40,0,0
845,851885000,-38,1,1
846,852885000,38,0,0
847,853885000,-38,1,1
848,854885000,40,0,0
849,855885000,42,0,0
850,856885000,-42,1,1
851,857885000,-42,1,1
852,858885000,42,0,0
853,859885000,46,0,0
854,860885000,48,0,0
855,861885000,46,0,0
856,862885000,42,0,0
857,863885000,-42,1,1
858,864885000,-42,1,1
859,865885000,42,0,0
860,866885000,42,0,0
861,867885000,-42,1,1
862,868885000,-46,1,1
863,869885000,-40,1,1
864,870885000,38,0,0
865,871885000,-38,1,1
866,872885000,38,0,0
867,873885000,-40,1,1
868,874885000,-46,1,1
869,875885000,-42,1,1
870,876885000,42,0,0
871,877885000,42,0,0
872,878885000,-42,1,1
873,879885000,-42,1,1
874,880885000,42,0,0
875,881885000,42,0,0
876,882885000,-42,1,1
877,883885000,-42,1,1
878,884885000,42,0,0
879,885885000,40,0,0
880,886885000,-40,1,1
881,887885000,40,0,0
882,888885000,42,0,0
883,889885000,-42,1,1
884,890885000,-46,1,1
885,891885000,-40,1,1
886,892885000,40,0,0
887,893885000,-40,1,1
888,894885000,-46,1,1
889,895885000,-46,1,1
890,896885000,-40,1,1
891,897885000,40,0,0
892,898885000,-40,1,1
893,899885000,-42,1,1
894,900885000,42,0,0
895,901885000,42,0,0
896,902885000,-42,1,1
897,903885000,-46,1,1
898,904885000,-42,1,1
899,905885000,42,0,0
900,906885000,40,0,0
901,907885000,-38,1,1
902,908885000,38,0,0
903,909885000,-40,1,1
904,910885000,-42,1,1
905,911885000,42,0,0
906,912885000,46,0,0
907,913885000,40,0,0
908,914885000,-40,1,1
909,915885000,40,0,0
910,916885000,46,0,0
911,917885000,40,0,0
912,918885000,-40,1,1
913,919885000,40,0,0
914,920885000,40,0,0
915,921885000,-40,1,1
916,922885000,40,0,0
917,923885000,46,0,0
918,924885000,46,0,0
919,925885000,40,0,0
920,926885000,-40,1,1
921,927885000,40,0,0
922,928885000,46,0,0
923,929885000,46,0,0
924,930885000,42,0,0
925,931885000,-42,1,1
926,932885000,-46,1,1
927,933885000,-46,1,1
928,934885000,-42,1,1
929,935885000,42,0,0
930,936885000,46,0,0
931,937885000,42,0,0
932,938885000,-42,1,1
933,939885000,-46,1,1
934,940885000,-46,1,1
935,941885000,-42,1,1
936,942885000,42,0,0
937,943885000,42,0,0
938,944885000,-42,1,1
939,945885000,-46,1,1
940,946885000,-46,1,1
941,947885000,-42,1,1
942,948885000,42,0,0
943,949885000,46,0,0
944,950885000,46,0,0
945,951885000,40,0,0
946,952885000,-40,1,1
947,953885000,40,0,0
948,954885000,46,0,0
949,955885000,40,0,0
950,956885000,-38,1,1
951,957885000,38,0,0
952,958885000,-40,1,1
953,959885000,-46,1,1
954,960885000,-42,1,1
955,961885000,42,0,0
956,962885000,42,0,0
957,963885000,-42,1,1
958,964885000,-42,1,1
959,965885000,42,0,0
960,966885000,46,0,0
961,967885000,42,0,0
962,968885000,-42,1,1
963,969885000,-42,1,1
964,970885000,42,0,0
965,971885000,42,0,0
966,972885000,-42,1,1
967,973885000,-46,1,1
968,974885000,-48,1,1
969,975885000,-46,1,1
970,976885000,-40,1,1
971,977885000,38,0,0
972,978885000,-38,1,1
973,979885000,38,0,0
974,980885000,-38,1,1
975,981885000,40,0,0
976,982885000,40,0,0
977,983885000,-40,1,1
978,984885000,40,0,0
979,985885000,46,0,0
980,986885000,48,0,0
981,987885000,48,0,0
982,988885000,46,0,0
983,989885000,40,0,0
984,990885000,-40,1,1
985,991885000,40,0,0
986,992885000,46,0,0
987,993885000,46,0,0
988,994885000,40,0,0
989,995885000,-40,1,1
990,996885000,40,0,0
991,997885000,42,0,0
992,998885000,-42,1,1
993,999885000,-46,1,1
994,1000885000,-40,1,1
995,1001885000,38,0,0
996,1002885000,-38,1,1
997,1003885000,40,0,0
998,1004885000,40,0,0
999,1005885000,-38,1,1
1000,1006885000,38,0,0
1001,1007885000,-40,1,1
1002,1008885000,-46,1,1
1003,1009885000,-48,1,1
1004,1010885000,-46,1,1
1005,1011885000,-42,1,1
1006,1012885000,42,0,0
1007,1013885000,42,0,0
1008,1014885000,-42,1,1
1009,1015885000,-46,1,1
1010,1016885000,-40,1,1
1011,1017885000,40,0,0
1012,1018885000,-40,1,1
1013,1019885000,-46,1,1
1014,1020885000,-48,1,1
1015,1021885000,-48,1,1
1016,1022885000,-48,1,1
1017,1023885000,-48,1,1
1018,1024885000,-48,1,1
1019,1025885000,-46,1,1
1020,1026885000,-40,1,1
1021,1027885000,40,0,0
1022,1028885000,-40,1,1
1023,1029885000,-40,1,1
1024,1030885000,38,0,0
1025,1031885000,-38,1,1
1026,1032885000,40,0,0
1027,1033885000,40,0,0
1028,1034885000,-40,1,1
1029,1035885000,40,0,0
1030,1036885000,42,0,0
1031,1037885000,-42,1,1
1032,1038885000,-40,1,1
1033,1039885000,40,0,0
1034,1040885000,-40,1,1
1035,1041885000,-46,1,1
1036,1042885000,-48,1,1
1037,1043885000,-46,1,1
1038,1044885000,-40,1,1
1039,1045885000,38,0,0
1040,1046885000,-38,1,1
1041,1047885000,40,0,0
1042,1048885000,42,0,0
1043,1049885000,-42,1,1
1044,1050885000,-46,1,1
1045,1051885000,-42,1,1
1046,1052885000,42,0,0
1047,1053885000,42,0,0
1048,1054885000,-42,1,1
1049,1055885000,-46,1,1
1050,1056885000,-40,1,1
1051,1057885000,38,0,0
1052,1058885000,-38,1,1
1053,1059885000,38,0,0
1054,1060885000,-38,1,1
1055,1061885000,40,0,0
1056,1062885000,42,0,0
1057,1063885000,-42,1,1
1058,1064885000,-46,1,1
1059,1065885000,-42,1,1
1060,1066885000,42,0,0
1061,1067885000,42,0,0
1062,1068885000,-42,1,1
1063,1069885000,-42,1,1
1064,1070885000,42,0,0
1065,1071885000,40,0,0
1066,1072885000,-38,1,1
1067,1073885000,38,0,0
1068,1074885000,-38,1,1
1069,1075885000,40,0,0
1070,1076885000,46,0,0
1071,1077885000,42,0,0
1072,1078885000,-42,1,1
1073,1079885000,-40,1,1
1074,1080885000,40,0,0
1075,1081885000,-40,1,1
1076,1082885000,-42,1,1
1077,1083885000,42,0,0
1078,1084885000,46,0,0
1079,1085885000,46,0,0
1080,1086885000,42,0,0
1081,1087885000,-42,1,1
1082,1088885000,-46,1,1
1083,1089885000,-48,1,1
1084,1090885000,-46,1,1
1085,1091885000,-42,1,1
1086,1092885000,42,0,0
1087,1093885000,40,0,0
1088,1094885000,-38,1,1
1089,1095885000,38,0,0
1090,1096885000,-40,1,1
1091,1097885000,-40,1,1
1092,1098885000,40,0,0
1093,1099885000,-40,1,1
1094,1100885000,-46,1,1
1095,1101885000,-40,1,1
1096,1102885000,38,0,0
1097,1103885000,-38,1,1
1098,1104885000,38,0,0
1099,1105885000,-38,1,1
1100,1106885000,40,0,0
1101,1107885000,46,0,0
1102,1108885000,40,0,0
1103,1109885000,-40,1,1
1104,1110885000,40,0,0
1105,1111885000,46,0,0
1106,1112885000,48,0,0
1107,1113885000,46,0,0
1108,1114885000,40,0,0
1109,1115885000,-40,1,1
1110,1116885000,40,0,0
1111,1117885000,40,0,0
1112,1118885000,-38,1,1
1113,1119885000,38,0,0
1114,1120885000,-40,1,1
1115,1121885000,-46,1,1
1116,1122885000,-40,1,1
1117,1123885000,38,0,0
1118,1124885000,-38,1,1
1119,1125885000,38,0,0
1120,1126885000,-38,1,1
1121,1127885000,38,0,0
1122,1128885000,-40,1,1
1123,1129885000,-40,1,1
1124,1130885000,38,0,0
1125,1131885000,-38,1,1
1126,1132885000,40,0,0
1127,1133885000,40,0,0
1128,1134885000,-38,1,1
1129,1135885000,38,0,0
1130,1136885000,-40,1,1
1131,1137885000,-46,1,1
1132,1138885000,-46,1,1
1133,1139885000,-40,1,1
1134,1140885000,38,0,0
1135,1141885000,-38,1,1
1136,1142885000,38,0,0
1137,1143885000,-38,1,1
1138,1144885000,40,0,0
1139,1145885000,40,0,0
1140,1146885000,-40,1,1
1141,1147885000,40,0,0
1142,1148885000,40,0,0
1143,1149885000,-38,1,1
1144,1150885000,38,0,0
1145,1151885000,-40,1,1
1146,1152885000,-46,1,1
1147,1153885000,-46,1,1
1148,1154885000,-42,1,1
1149,1155885000,42,0,0
1150,1156885000,46,0,0
1151,1157885000,46,0,0
1152,1158885000,42,0,0
1153,1159885000,-42,1,1
1154,1160885000,-46,1,1
1155,1161885000,-40,1,1
1156,1162885000,38,0,0
1157,1163885000,-38,1,1
1158,1164885000,38,0,0
1159,1165885000,-38,1,1
1160,1166885000,40,0,0
1161,1167885000,46,0,0
1162,1168885000,40,0,0
1163,1169885000,-38,1,1
1164,1170885000,38,0,0
1165,1171885000,-38,1,1
1166,1172885000,40,0,0
1167,1173885000,46,0,0
1168,1174885000,40,0,0
1169,1175885000,-38,1,1
1170,1176885000,38,0,0
1171,1177885000,-40,1,1
1172,1178885000,-40,1,1
1173,1179885000,40,0,0
1174,1180885000,-40,1,1
1175,1181885000,-46,1,1
1176,1182885000,-40,1,1
1177,1183885000,40,0,0
1178,1184885000,-40,1,1
1179,1185885000,-46,1,1
1180,1186885000,-42,1,1
1181,1187885000,42,0,0
1182,1188885000,40,0,0
1183,1189885000,-38,1,1
1184,1190885000,38,0,0
1185,1191885000,-40,1,1
1186,1192885000,-46,1,1
1187,1193885000,-46,1,1
1188,1194885000,-40,1,1
1189,1195885000,40,0,0
1190,1196885000,-40,1,1
1191,1197885000,-42,1,1
1192,1198885000,42,0,0
1193,1199885000,46,0,0
1194,1200885000,46,0,0
1195,1201885000,42,0,0
1196,1202885000,-42,1,1
1197,1203885000,-46,1,1
1198,1204885000,-46,1,1
1199,1205885000,-40,1,1
1200,1206885000,40,0,0
1201,1207885000,-40,1,1
1202,1208885000,-42,1,1
1203,1209885000,42,0,0
1204,1210885000,46,0,0
1205,1211885000,46,0,0
1206,1212885000,40,0,0
1207,1213885000,-38,1,1
1208,1214885000,38,0,0
1209,1215885000,-38,1,1
1210,1216885000,40,0,0
1211,1217885000,46,0,0
1212,1218885000,48,0,0
1213,1219885000,46,0,0
1214,1220885000,40,0,0
1215,1221885000,-38,1,1
1216,1222885000,38,0,0
1217,1223885000,-40,1,1
1218,1224885000,-40,1,1
1219,1225885000,38,0,0
1220,1226885000,-38,1,1
1221,1227885000,40,0,0
1222,1228885000,40,0,0
1223,1229885000,-38,1,1
1224,1230885000,38,0,0
1225,1231885000,-38,1,1
1226,1232885000,40,0,0
1227,1233885000,46,0,0
1228,1234885000,42,0,0
1229,1235885000,-42,1,1
1230,1236885000,-40,1,1
1231,1237885000,40,0,0
1232,1238885000,-40,1,1
1233,1239885000,-46,1,1
1234,1240885000,-46,1,1
1235,1241885000,-42,1,1
1236,1242885000,42,0,0
1237,1243885000,46,0,0
1238,1244885000,40,0,0
1239,1245885000,-40,1,1
1240,1246885000,40,0,0
1241,1247885000,40,0,0
1242,1248885000,-40,1,1
1243,1249885000,40,0,0
1244,1250885000,40,0,0
1245,1251885000,-40,1,1
1246,1252885000,40,0,0
1247,1253885000,46,0,0
1248,1254885000,46,0,0
1249,1255885000,40,0,0
1250,1256885000,-40,1,1
1251,1257885000,40,0,0
1252,1258885000,46,0,0
1253,1259885000,42,0,0
1254,1260885000,-42,1,1
1255,1261885000,-40,1,1
1256,1262885000,40,0,0
1257,1263885000,-40,1,1
1258,1264885000,-46,1,1
1259,1265885000,-42,1,1
1260,1266885000,42,0,0
1261,1267885000,40,0,0
1262,1268885000,-38,1,1
1263,1269885000,38,0,0
1264,1270885000,-40,1,1
1265,1271885000,-46,1,1
1266,1272885000,-40,1,1
1267,1273885000,38,0,0
1268,1274885000,-38,1,1
1269,1275885000,40,0,0
1270,1276885000,46,0,0
1271,1277885000,46,0,0
1272,1278885000,42,0,0
1273,1279885000,-42,1,1
1274,1280885000,-46,1,1
1275,1281885000,-42,1,1
1276,1282885000,42,0,0
1277,1283885000,42,0,0
1278,1284885000,-42,1,1
1279,1285885000,-42,1,1
1280,1286885000,42,0,0
1281,1287885000,46,0,0
1282,1288885000,42,0,0
1283,1289885000,-42,1,1
1284,1290885000,-46,1,1
1285,1291885000,-42,1,1
1286,1292885000,42,0,0
1287,1293885000,46,0,0
1288,1294885000,40,0,0
1289,1295885000,-38,1,1
1290,1296885000,38,0,0
1291,1297885000,-38,1,1
1292,1298885000,38,0,0
1293,1299885000,-40,1,1
1294,1300885000,-40,1,1
1295,1301885000,38,0,0
1296,1302885000,-38,1,1
1297,1303885000,40,0,0
1298,1304885000,42,0,0
1299,1305885000,-42,1,1
1300,1306885000,-46,1,1
1301,1307885000,-40,1,1
1302,1308885000,40,0,0
1303,1309885000,-40,1,1
1304,1310885000,-46,1,1
1305,1311885000,-46,1,1
1306,1312885000,-42,1,1
1307,1313885000,42,0,0
1308,1314885000,46,0,0
1309,1315885000,48,0,0
1310,1316885000,46,0,0
1311,1317885000,40,0,0
1312,1318885000,-40,1,1
1313,1319885000,40,0,0
1314,1320885000,46,0,0
1315,1321885000,46,0,0
1316,1322885000,42,0,0
1317,1323885000,-42,1,1
1318,1324885000,-42,1,1
1319,1325885000,42,0,0
1320,1326885000,46,0,0
1321,1327885000,46,0,0
1322,1328885000,42,0,0
1323,1329885000,-42,1,1
1324,1330885000,-46,1,1
1325,1331885000,-48,1,1
1326,1332885000,-46,1,1
1327,1333885000,-40,1,1
1328,1334885000,38,0,0
1329,1335885000,-38,1,1
1330,1336885000,40,0,0
1331,1337885000,40,0,0
1332,1338885000,-38,1,1
1333,1339885000,38,0,0
1334,1340885000,-38,1,1
1335,1341885000,38,0,0
1336,1342885000,-38,1,1
1337,1343885000,40,0,0
1338,1344885000,46,0,0
1339,1345885000,40,0,0
1340,1346885000,-40,1,1
1341,1347885000,40,0,0
1342,1348885000,46,0,0
1343,1349885000,48,0,0
1344,1350885000,46,0,0
1345,1351885000,40,0,0
1346,1352885000,-40,1,1
1347,1353885000,40,0,0
1348,1354885000,40,0,0
1349,1355885000,-38,1,1
1350,1356885000,38,0,0
1351,1357885000,-40,1,1
1352,1358885000,-42,1,1
1353,1359885000,42,0,0
1354,1360885000,42,0,0
1355,1361885000,-42,1,1
1356,1362885000,-40,1,1
1357,1363885000,38,0,0
1358,1364885000,-38,1,1
1359,1365885000,38,0,0
1360,1366885000,-38,1,1
1361,1367885000,40,0,0
1362,1368885000,42,0,0
1363,1369885000,-42,1,1
1364,1370885000,-42,1,1
1365,1371885000,42,0,0
1366,1372885000,40,0,0
1367,1373885000,-38,1,1
1368,1374885000,38,0,0
1369,1375885000,-38,1,1
1370,1376885000,38,0,0
1371,1377885000,-40,1,1
1372,1378885000,-46,1,1
1373,1379885000,-42,1,1
1374,1380885000,42,0,0
1375,1381885000,46,0,0
1376,1382885000,42,0,0
1377,1383885000,-42,1,1
1378,1384885000,-46,1,1
1379,1385885000,-48,1,1
1380,1386885000,-46,1,1
1381,1387885000,-40,1,1
1382,1388885000,38,0,0
1383,1389885000,-38,1,1
1384,1390885000,40,0,0
1385,1391885000,46,0,0
1386,1392885000,48,0,0
1387,1393885000,48,0,0
1388,1394885000,46,0,0
1389,1395885000,40,0,0
1390,1396885000,-40,1,1
1391,1397885000,40,0,0
1392,1398885000,46,0,0
1393,1399885000,46,0,0
1394,1400885000,42,0,0
1395,1401885000,-42,1,1
1396,1402885000,-42,1,1
1397,1403885000,42,0,0
1398,1404885000,42,0,0
1399,1405885000,-42,1,1
1400,1406885000,-40,1,1
1401,1407885000,38,0,0
1402,1408885000,-38,1,1
1403,1409885000,40,0,0
1404,1410885000,46,0,0
1405,1411885000,46,0,0
1406,1412885000,40,0,0
1407,1413885000,-38,1,1
1408,1414885000,38,0,0
1409,1415885000,-38,1,1
1410,1416885000,38,0,0
1411,1417885000,-40,1,1
1412,1418885000,-46,1,1
1413,1419885000,-40,1,1
1414,1420885000,38,0,0
1415,1421885000,-38,1,1
1416,1422885000,40,0,0
1417,1423885000,46,0,0
1418,1424885000,42,0,0
1419,1425885000,-42,1,1
1420,1426885000,-46,1,1
1421,1427885000,-42,1,1
1422,1428885000,42,0,0
1423,1429885000,46,0,0
1424,1430885000,48,0,0
1425,1431885000,48,0,0
1426,1432885000,48,0,0
1427,1433885000,46,0,0
1428,1434885000,40,0,0
1429,1435885000,-38,1,1
1430,1436885000,38,0,0
1431,1437885000,-40,1,1
1432,1438885000,-46,1,1
1433,1439885000,-40,1,1
1434,1440885000,40,0,0
1435,1441885000,-40,1,1
1436,1442885000,-46,1,1
1437,1443885000,-40,1,1
1438,1444885000,40,0,0
1439,1445885000,-40,1,1
1440,1446885000,-42,1,1
1441,1447885000,42,0,0
1442,1448885000,46,0,0
1443,1449885000,42,0,0
1444,1450885000,-42,1,1
1445,1451885000,-40,1,1
1446,1452885000,40,0,0
1447,1453885000,-40,1,1
1448,1454885000,-42,1,1
1449,1455885000,42,0,0
1450,1456885000,42,0,0
1451,1457885000,-42,1,1
1452,1458885000,-46,1,1
1453,1459885000,-48,1,1
1454,1460885000,-48,1,1
1455,1461885000,-48,1,1
1456,1462885000,-46,1,1
1457,1463885000,-42,1,1
1458,1464885000,42,0,0
1459,1465885000,46,0,0
1460,1466885000,42,0,0
1461,1467885000,-42,1,1
1462,1468885000,-40,1,1
1463,1469885000,38,0,0
1464,1470885000,-38,1,1
1465,1471885000,40,0,0
1466,1472885000,46,0,0
1467,1473885000,40,0,0
1468,1474885000,-40,1,1
1469,1475885000,40,0,0
1470,1476885000,46,0,0
1471,1477885000,48,0,0
1472,1478885000,46,0,0
1473,1479885000,42,0,0
1474,1480885000,-42,1,1
1475,1481885000,-46,1,1
1476,1482885000,-42,1,1
1477,1483885000,42,0,0
1478,1484885000,42,0,0
1479,1485885000,-42,1,1
1480,1486885000,-46,1,1
1481,1487885000,-48,1,1
1482,1488885000,-46,1,1
1483,1489885000,-40,1,1
1484,1490885000,40,0,0
1485,1491885000,-40,1,1
1486,1492885000,-40,1,1
1487,1493885000,38,0,0
1488,1494885000,-38,1,1
1489,1495885000,38,0,0
1490,1496885000,-40,1,1
1491,1497885000,-46,1,1
1492,1498885000,-40,1,1
1493,1499885000,38,0,0
1494,1500885000,-38,1,1
1495,1501885000,38,0,0
1496,1502885000,-40,1,1
1497,1503885000,-42,1,1
1498,1504885000,42,0,0
1499,1505885000,40,0,0
1500,1506885000,-38,1,1
1501,1507885000,38,0,0
1502,1508885000,-38,1,1
1503,1509885000,40,0,0
1504,1510885000,46,0,0
1505,1511885000,42,0,0
1506,1512885000,-42,1,1
1507,1513885000,-46,1,1
1508,1514885000,-42,1,1
1509,1515885000,42,0,0
1510,1516885000,42,0,0
1511,1517885000,-42,1,1
1512,1518885000,-46,1,1
1513,1519885000,-42,1,1
1514,1520885000,42,0,0
1515,1521885000,46,0,0
1516,1522885000,40,0,0
1517,1523885000,-40,1,1
1518,1524885000,40,0,0
1519,1525885000,46,0,0
1520,1526885000,48,0,0
1521,1527885000,48,0,0
1522,1528885000,46,0,0
1523,1529885000,40,0,0
1524,1530885000,-38,1,1
1525,1531885000,38,0,0
1526,1532885000,-40,1,1
1527,1533885000,-46,1,1
1528,1534885000,-48,1,1
1529,1535885000,-48,1,1
1530,1536885000,-48,1,1
1531,1537885000,-46,1,1
1532,1538885000,-40,1,1
1533,1539885000,40,0,0
1534,1540885000,-40,1,1
1535,1541885000,-42,1,1
1536,1542885000,42,0,0
1537,1543885000,40,0,0
1538,1544885000,-40,1,1
1539,1545885000,40,0,0
1540,1546885000,46,0,0
1541,1547885000,48,0,0
1542,1548885000,48,0,0
1543,1549885000,48,0,0
1544,1550885000,48,0,0
1545,1551885000,46,0,0
1546,1552885000,40,0,0
1547,1553885000,-40,1,1
1548,1554885000,40,0,0
1549,1555885000,40,0,0
1550,1556885000,-38,1,1
1551,1557885000,38,0,0
1552,1558885000,-38,1,1
1553,1559885000,38,0,0
1554,1560885000,-40,1,1
1555,1561885000,-46,1,1
1556,1562885000,-40,1,1
1557,1563885000,38,0,0
1558,1564885000,-38,1,1
1559,1565885000,40,0,0
1560,1566885000,40,0,0
1561,1567885000,-38,1,1
1562,1568885000,38,0,0
1563,1569885000,-40,1,1
1564,1570885000,-40,1,1
1565,1571885000,40,0,0
1566,1572885000,-40,1,1
1567,1573885000,-46,1,1
1568,1574885000,-46,1,1
1569,1575885000,-42,1,1
1570,1576885000,42,0,0
1571,1577885000,40,0,0
1572,1578885000,-38,1,1
1573,1579885000,38,0,0
1574,1580885000,-38,1,1
1575,1581885000,38,0,0
1576,1582885000,-38,1,1
1577,1583885000,38,0,0
1578,1584885000,-38,1,1
1579,1585885000,38,0,0
1580,1586885000,-40,1,1
1581,1587885000,-46,1,1
1582,1588885000,-42,1,1
1583,1589885000,42,0,0
1584,1590885000,42,0,0
1585,1591885000,-42,1,1
1586,1592885000,-42,1,1
1587,1593885000,42,0,0
1588,1594885000,46,0,0
1589,1595885000,42,0,0
1590,1596885000,-42,1,1
1591,1597885000,-40,1,1
1592,1598885000,40,0,0
1593,1599885000,-40,1,1
1594,1600885000,-42,1,1
1595,1601885000,42,0,0
1596,1602885000,46,0,0
1597,1603885000,42,0,0
1598,1604885000,-42,1,1
1599,1605885000,-46,1,1
1600,1606885000,-46,1,1
1601,1607885000,-42,1,1
1602,1608885000,42,0,0
1603,1609885000,46,0,0
1604,1610885000,40,0,0
1605,1611885000,-38,1,1
1606,1612885000,38,0,0
1607,1613885000,-40,1,1
1608,1614885000,-46,1,1
1609,1615885000,-48,1,1
1610,1616885000,-46,1,1
1611,1617885000,-42,1,1
1612,1618885000,42,0,0
1613,1619885000,46,0,0
1614,1620885000,40,0,0
1615,1621885000,-40,1,1
1616,1622885000,40,0,0
1617,1623885000,40,0,0
1618,1624885000,-38,1,1
1619,1625885000,38,0,0
1620,1626885000,-38,1,1
1621,1627885000,40,0,0
1622,1628885000,46,0,0
1623,1629885000,42,0,0
1624,1630885000,-42,1,1
1625,1631885000,-46,1,1
1626,1632885000,-42,1,1
1627,1633885000,42,0,0
1628,1634885000,46,0,0
1629,1635885000,40,0,0
1630,1636885000,-40,1,1
1631,1637885000,40,0,0
1632,1638885000,42,0,0
1633,1639885000,-42,1,1
1634,1640885000,-46,1,1
1635,1641885000,-46,1,1
1636,1642885000,-40,1,1
1637,1643885000,40,0,0
1638,1644885000,-40,1,1
1639,1645885000,-40,1,1
1640,1646885000,40,0,0
1641,1647885000,-40,1,1
1642,1648885000,-40,1,1
1643,1649885000,38,0,0
1644,1650885000,-38,1,1
1645,1651885000,40,0,0
1646,1652885000,40,0,0
1647,1653885000,-40,1,1
1648,1654885000,40,0,0
1649,1655885000,46,0,0
1650,1656885000,48,0,0
1651,1657885000,46,0,0
1652,1658885000,40,0,0
1653,1659885000,-40,1,1
1654,1660885000,40,0,0
1655,1661885000,42,0,0
1656,1662885000,-42,1,1
1657,1663885000,-40,1,1
1658,1664885000,40,0,0
1659,1665885000,-40,1,1
1660,1666885000,-46,1,1
1661,1667885000,-46,1,1
1662,1668885000,-42,1,1
1663,1669885000,42,0,0
1664,1670885000,42,0,0
1665,1671885000,-42,1,1
1666,1672885000,-40,1,1
1667,1673885000,40,0,0
1668,1674885000,-40,1,1
1669,1675885000,-40,1,1
1670,1676885000,38,0,0
1671,1677885000,-38,1,1
1672,1678885000,40,0,0
1673,1679885000,42,0,0
1674,1680885000,-42,1,1
1675,1681885000,-46,1,1
1676,1682885000,-40,1,1
1677,1683885000,40,0,0
1678,1684885000,-40,1,1
1679,1685885000,-40,1,1
1680,1686885000,38,0,0
1681,1687885000,-38,1,1
1682,1688885000,40,0,0
1683,1689885000,46,0,0
1684,1690885000,46,0,0
1685,1691885000,42,0,0
1686,1692885000,-42,1,1
1687,1693885000,-46,1,1
1688,1694885000,-46,1,1
1689,1695885000,-40,1,1
1690,1696885000,38,0,0
1691,1697885000,-38,1,1
1692,1698885000,40,0,0
1693,1699885000,40,0,0
1694,1700885000,-40,1,1
1695,1701885000,40,0,0
1696,1702885000,40,0,0
1697,1703885000,-38,1,1
1698,1704885000,38,0,0
1699,1705885000,-38,1,1
1700,1706885000,38,0,0
1701,1707885000,-38,1,1
1702,1708885000,40,0,0
1703,1709885000,40,0,0
1704,1710885000,-40,1,1
1705,1711885000,40,0,0
1706,1712885000,46,0,0
1707,1713885000,40,0,0
1708,1714885000,-38,1,1
1709,1715885000,38,0,0
1710,1716885000,-40,1,1
1711,1717885000,-46,1,1
1712,1718885000,-40,1,1
1713,1719885000,40,0,0
1714,1720885000,-40,1,1
1715,1721885000,-46,1,1
1716,1722885000,-42,1,1
1717,1723885000,42,0,0
1718,1724885000,42,0,0
1719,1725885000,-42,1,1
1720,1726885000,-46,1,1
1721,1727885000,-48,1,1
1722,1728885000,-48,1,1
1723,1729885000,-48,1,1
1724,1730885000,-48,1,1
1725,1731885000,-46,1,1
1726,1732885000,-40,1,1
1727,1733885000,38,0,0
1728,1734885000,-38,1,1
1729,1735885000,40,0,0
1730,1736885000,46,0,0
1731,1737885000,42,0,0
1732,1738885000,-42,1,1
1733,1739885000,-42,1,1
1734,1740885000,42,0,0
1735,1741885000,42,0,0
1736,1742885000,-42,1,1
1737,1743885000,-40,1,1
1738,1744885000,38,0,0
1739,1745885000,-38,1,1
1740,1746885000,38,0,0
1741,1747885000,-40,1,1
1742,1748885000,-42,1,1
1743,1749885000,42,0,0
1744,1750885000,42,0,0
1745,1751885000,-42,1,1
1746,1752885000,-46,1,1
1747,1753885000,-42,1,1
1748,1754885000,42,0,0
1749,1755885000,42,0,0
1750,1756885000,-42,1,1
1751,1757885000,-46,1,1
1752,1758885000,-46,1,1
1753,1759885000,-40,1,1
1754,1760885000,38,0,0
1755,1761885000,-38,1,1
1756,1762885000,38,0,0
1757,1763885000,-40,1,1
1758,1764885000,-40,1,1
1759,1765885000,40,0,0
1760,1766885000,-40,1,1
1761,1767885000,-46,1,1
1762,1768885000,-48,1,1
1763,1769885000,-46,1,1
1764,1770885000,-40,1,1
1765,1771885000,38,0,0
1766,1772885000,-38,1,1
1767,1773885000,38,0,0
1768,1774885000,-38,1,1
1769,1775885000,40,0,0
1770,1776885000,40,0,0
1771,1777885000,-40,1,1
1772,1778885000,40,0,0
1773,1779885000,46,0,0
1774,1780885000,40,0,0
1775,1781885000,-40,1,1
1776,1782885000,40,0,0
1777,1783885000,42,0,0
1778,1784885000,-42,1,1
1779,1785885000,-46,1,1
1780,1786885000,-40,1,1
1781,1787885000,38,0,0
1782,1788885000,-38,1,1
1783,1789885000,38,0,0
1784,1790885000,-38,1,1
1785,1791885000,38,0,0
1786,1792885000,-40,1,1
1787,1793885000,-46,1,1
1788,1794885000,-46,1,1
1789,1795885000,-40,1,1
1790,1796885000,38,0,0
1791,1797885000,-38,1,1
1792,1798885000,38,0,0
1793,1799885000,-38,1,1
1794,1800885000,40,0,0
1795,1801885000,46,0,0
1796,1802885000,48,0,0
1797,1803885000,46,0,0
1798,1804885000,42,0,0
1799,1805885000,-42,1,1
1800,1806885000,-46,1,1
1801,1807885000,-46,1,1
1802,1808885000,-42,1,1
1803,1809885000,42,0,0
1804,1810885000,46,0,0
1805,1811885000,40,0,0
1806,1812885000,-38,1,1
1807,1813885000,38,0,0
1808,1814885000,-38,1,1
1809,1815885000,40,0,0
1810,1816885000,40,0,0
1811,1817885000,-38,1,1
1812,1818885000,38,0,0
1813,1819885000,-38,1,1
1814,1820885000,38,0,0
1815,1821885000,-38,1,1
1816,1822885000,40,0,0
1817,1823885000,46,0,0
1818,1824885000,46,0,0
1819,1825885000,42,0,0
1820,1826885000,-42,1,1
1821,1827885000,-40,1,1
1822,1828885000,38,0,0
1823,1829885000,-38,1,1
1824,1830885000,40,0,0
1825,1831885000,46,0,0
1826,1832885000,48,0,0
1827,1833885000,46,0,0
1828,1834885000,42,0,0
1829,1835885000,-42,1,1
1830,1836885000,-42,1,1
1831,1837885000,42,0,0
1832,1838885000,40,0,0
1833,1839885000,-40,1,1
1834,1840885000,40,0,0
1835,1841885000,46,0,0
1836,1842885000,40,0,0
1837,1843885000,-40,1,1
1838,1844885000,40,0,0
1839,1845885000,46,0,0
1840,1846885000,48,0,0
1841,1847885000,48,0,0
1842,1848885000,46,0,0
1843,1849885000,40,0,0
1844,1850885000,-38,1,1
1845,1851885000,38,0,0
1846,1852885000,-38,1,1
1847,1853885000,40,0,0
1848,1854885000,46,0,0
1849,1855885000,48,0,0
1850,1856885000,48,0,0
1851,1857885000,46,0,0
1852,1858885000,42,0,0
1853,1859885000,-42,1,1
1854,1860885000,-46,1,1
1855,1861885000,-40,1,1
1856,1862885000,40,0,0
1857,1863885000,-40,1,1
1858,1864885000,-46,1,1
1859,1865885000,-48,1,1
1860,1866885000,-46,1,1
1861,1867885000,-42,1,1
1862,1868885000,42,0,0
1863,1869885000,40,0,0
1864,1870885000,-38,1,1
1865,1871885000,38,0,0
1866,1872885000,-38,1,1
1867,1873885000,38,0,0
1868,1874885000,-38,1,1
1869,1875885000,40,0,0
1870,1876885000,42,0,0
1871,1877885000,-42,1,1
1872,1878885000,-46,1,1
1873,1879885000,-40,1,1
1874,1880885000,40,0,0
1875,1881885000,-40,1,1
1876,1882885000,-42,1,1
1877,1883885000,42,0,0
1878,1884885000,46,0,0
1879,1885885000,48,0,0
1880,1886885000,46,0,0
1881,1887885000,42,0,0
1882,1888885000,-42,1,1
1883,1889885000,-40,1,1
1884,1890885000,38,0,0
1885,1891885000,-38,1,1
1886,1892885000,40,0,0
1887,1893885000,46,0,0
1888,1894885000,48,0,0
1889,1895885000,46,0,0
1890,1896885000,42,0,0
1891,1897885000,-42,1,1
1892,1898885000,-46,1,1
1893,1899885000,-48,1,1
1894,1900885000,-46,1,1
1895,1901885000,-42,1,1
1896,1902885000,42,0,0
1897,1903885000,46,0,0
1898,1904885000,40,0,0
1899,1905885000,-38,1,1
1900,1906885000,38,0,0
1901,1907885000,-40,1,1
1902,1908885000,-42,1,1
1903,1909885000,42,0,0
1904,1910885000,46,0,0
1905,1911885000,48,0,0
1906,1912885000,46,0,0
1907,1913885000,40,0,0
1908,1914885000,-40,1,1
1909,1915885000,40,0,0
1910,1916885000,40,0,0
1911,1917885000,-38,1,1
1912,1918885000,38,0,0
1913,1919885000,-38,1,1
1914,1920885000,38,0,0
1915,1921885000,-38,1,1
1916,1922885000,40,0,0
1917,1923885000,40,0,0
1918,1924885000,-40,1,1
1919,1925885000,40,0,0
1920,1926885000,40,0,0
1921,1927885000,-40,1,1
1922,1928885000,40,0,0
1923,1929885000,42,0,0
1924,1930885000,-42,1,1
1925,1931885000,-42,1,1
1926,1932885000,42,0,0
1927,1933885000,46,0,0
1928,1934885000,48,0,0
1929,1935885000,46,0,0
1930,1936885000,42,0,0
1931,1937885000,-42,1,1
1932,1938885000,-46,1,1
1933,1939885000,-48,1,1
1934,1940885000,-46,1,1
1935,1941885000,-42,1,1
1936,1942885000,42,0,0
1937,1943885000,42,0,0
1938,1944885000,-42,1,1
1939,1945885000,-40,1,1
1940,1946885000,38,0,0
1941,1947885000,-38,1,1
1942,1948885000,38,0,0
1943,1949885000,-38,1,1
1944,1950885000,40,0,0
1945,1951885000,46,0,0
1946,1952885000,40,0,0
1947,1953885000,-38,1,1
1948,1954885000,38,0,0
1949,1955885000,-38,1,1
1950,1956885000,38,0,0
1951,1957885000,-38,1,1
1952,1958885000,40,0,0
1953,1959885000,42,0,0
1954,1960885000,-42,1,1
1955,1961885000,-46,1,1
1956,1962885000,-46,1,1
1957,1963885000,-42,1,1
1958,1964885000,42,0,0
1959,1965885000,46,0,0
1960,1966885000,40,0,0
1961,1967885000,-40,1,1
1962,1968885000,40,0,0
1963,1969885000,40,0,0
1964,1970885000,-38,1,1
1965,1971885000,38,0,0
1966,1972885000,-40,1,1
1967,1973885000,-40,1,1
1968,1974885000,38,0,0
1969,1975885000,-38,1,1
1970,1976885000,40,0,0
1971,1977885000,42,0,0
1972,1978885000,-42,1,1
1973,1979885000,-46,1,1
1974,1980885000,-42,1,1
1975,1981885000,42,0,0
1976,1982885000,46,0,0
1977,1983885000,42,0,0
1978,1984885000,-42,1,1
1979,1985885000,-46,1,1
1980,1986885000,-46,1,1
1981,1987885000,-42,1,1
1982,1988885000,42,0,0
1983,1989885000,46,0,0
1984,1990885000,48,0,0
1985,1991885000,46,0,0
1986,1992885000,40,0,0
1987,1993885000,-40,1,1
1988,1994885000,40,0,0
1989,1995885000,42,0,0
1990,1996885000,-42,1,1
1991,1997885000,-46,1,1
1992,1998885000,-48,1,1
1993,1999885000,-48,1,1
1994,2000885000,-48,1,1
1995,2001885000,-48,1,1
1996,2002885000,-48,1,1
1997,2003885000,-48,1,1
1998,2004885000,-46,1,1
1999,2005885000,-42,1,1
2000,2006885000,42,0,0
2001,2007885000,46,0,0
2002,2008885000,46,0,0
2003,2009885000,42,0,0
2004,2010885000,-42,1,1
2005,2011885000,-40,1,1
2006,2012885000,38,0,0
2007,2013885000,-38,1,1
2008,2014885000,40,0,0
2009,2015885000,46,0,0
2010,2016885000,46,0,0
2011,2017885000,42,0,0
2012,2018885000,-42,1,1
2013,2019885000,-40,1,1
2014,2020885000,40,0,0
2015,2021885000,-40,1,1
2016,2022885000,-46,1,1
2017,2023885000,-42,1,1
2018,2024885000,42,0,0
2019,2025885000,46,0,0
2020,2026885000,48,0,0
2021,2027885000,48,0,0
2022,2028885000,46,0,0
2023,2029885000,42,0,0
2024,2030885000,-42,1,1
2025,2031885000,-42,1,1
2026,2032885000,42,0,0
2027,2033885000,40,0,0
2028,2034885000,-40,1,1
2029,2035885000,40,0,0
2030,2036885000,46,0,0
2031,2037885000,42,0,0
2032,2038885000,-42,1,1
2033,2039885000,-42,1,1
2034,2040885000,42,0,0
2035,2041885000,46,0,0
2036,2042885000,42,0,0
2037,2043885000,-42,1,1
2038,2044885000,-42,1,1
2039,2045885000,42,0,0
2040,2046885000,46,0,0
2041,2047885000,46,0,0
2042,2048885000,42,0,0
2043,2049885000,-42,1,1
2044,2050885000,-46,1,1
2045,2051885000,-42,1,1
2046,2052885000,42,0,0
2047,2053885000,46,0,0
2048,2054885000,40,0,0
2049,2055885000,-40,1,1
2050,2056885000,40,0,0
2051,2057885000,40,0,0
2052,2058885000,-38,1,1
2053,2059885000,38,0,0
2054,2060885000,-38,1,1
2055,2061885000,40,0,0
2056,2062885000,46,0,0
2057,2063885000,48,0,0
2058,2064885000,46,0,0
2059,2065885000,40,0,0
2060,2066885000,-38,1,1
2061,2067885000,38,0,0
2062,2068885000,-38,1,1
2063,2069885000,38,0,0
2064,2070885000,-38,1,1
2065,2071885000,38,0,0
2066,2072885000,-40,1,1
2067,2073885000,-46,1,1
2068,2074885000,-40,1,1
2069,2075885000,40,0,0
2070,2076885000,-40,1,1
2071,2077885000,-46,1,1
2072,2078885000,-46,1,1
2073,2079885000,-40,1,1
2074,2080885000,38,0,0
2075,2081885000,-38,1,1
2076,2082885000,40,0,0
2077,2083885000,46,0,0
2078,2084885000,48,0,0
2079,2085885000,48,0,0
2080,2086885000,46,0,0
2081,2087885000,40,0,0
2082,2088885000,-38,1,1
2083,2089885000,38,0,0
2084,2090885000,-38,1,1
2085,2091885000,40,0,0
2086,2092885000,46,0,0
2087,2093885000,46,0,0
2088,2094885000,40,0,0
2089,2095885000,-38,1,1
2090,2096885000,38,0,0
2091,2097885000,-40,1,1
2092,2098885000,-46,1,1
2093,2099885000,-48,1,1
2094,2100885000,-48,1,1
2095,2101885000,-48,1,1
2096,2102885000,-46,1,1
2097,2103885000,-40,1,1
2098,2104885000,40,0,0
2099,2105885000,-40,1,1
2100,2106885000,-42,1,1
2101,2107885000,42,0,0
2102,2108885000,46,0,0
2103,2109885000,46,0,0
2104,2110885000,40,0,0
2105,2111885000,-40,1,1
2106,2112885000,40,0,0
2107,2113885000,46,0,0
2108,2114885000,48,0,0
2109,2115885000,46,0,0
2110,2116885000,42,0,0
2111,2117885000,-42,1,1
2112,2118885000,-46,1,1
2113,2119885000,-48,1,1
2114,2120885000,-46,1,1
2115,2121885000,-40,1,1
2116,2122885000,38,0,0
2117,2123885000,-38,1,1
2118,2124885000,38,0,0
2119,2125885000,-40,1,1
2120,2126885000,-40,1,1
2121,2127885000,40,0,0
2122,2128885000,-40,1,1
2123,2129885000,-42,1,1
2124,2130885000,42,0,0
2125,2131885000,40,0,0
2126,2132885000,-38,1,1
2127,2133885000,38,0,0
2128,2134885000,-38,1,1
2129,2135885000,40,0,0
2130,2136885000,46,0,0
2131,2137885000,46,0,0
2132,2138885000,42,0,0
2133,2139885000,-42,1,1
2134,2140885000,-40,1,1
2135,2141885000,40,0,0
2136,2142885000,-40,1,1
2137,2143885000,-46,1,1
2138,2144885000,-42,1,1
2139,2145885000,42,0,0
2140,2146885000,46,0,0
2141,2147885000,48,0,0
2142,2148885000,46,0,0
2143,2149885000,40,0,0
2144,2150885000,-38,1,1
2145,2151885000,38,0,0
2146,2152885000,-40,1,1
2147,2153885000,-42,1,1
2148,2154885000,42,0,0
2149,2155885000,42,0,0
2150,2156885000,-42,1,1
2151,2157885000,-40,1,1
2152,2158885000,38,0,0
2153,2159885000,-38,1,1
2154,2160885000,40,0,0
2155,2161885000,46,0,0
2156,2162885000,42,0,0
2157,2163885000,-42,1,1
2158,2164885000,-40,1,1
2159,2165885000,40,0,0
2160,2166885000,-40,1,1
2161,2167885000,-40,1,1
2162,2168885000,40,0,0
2163,2169885000,-40,1,1
2164,2170885000,-46,1,1
2165,2171885000,-46,1,1
2166,2172885000,-42,1,1
2167,2173885000,42,0,0
2168,2174885000,46,0,0
2169,2175885000,42,0,0
2170,2176885000,-42,1,1
2171,2177885000,-46,1,1
2172,2178885000,-42,1,1
2173,2179885000,42,0,0
2174,2180885000,40,0,0
2175,2181885000,-38,1,1
2176,2182885000,38,0,0
2177,2183885000,-38,1,1
2178,2184885000,38,0,0
2179,2185885000,-38,1,1
2180,2186885000,40,0,0
2181,2187885000,46,0,0
2182,2188885000,42,0,0
2183,2189885000,-42,1,1
2184,2190885000,-40,1,1
2185,2191885000,40,0,0
2186,2192885000,-40,1,1
2187,2193885000,-46,1,1
2188,2194885000,-40,1,1
2189,2195885000,38,0,0
2190,2196885000,-38,1,1
2191,2197885000,38,0,0
2192,2198885000,-40,1,1
2193,2199885000,-46,1,1
2194,2200885000,-40,1,1
2195,2201885000,40,0,0
2196,2202885000,-40,1,1
2197,2203885000,-40,1,1
2198,2204885000,38,0,0
2199,2205885000,-38,1,1
2200,2206885000,40,0,0
2201,2207885000,42,0,0
2202,2208885000,-42,1,1
2203,2209885000,-40,1,1
2204,2210885000,40,0,0
2205,2211885000,-40,1,1
2206,2212885000,-42,1,1
2207,2213885000,42,0,0
2208,2214885000,46,0,0
2209,2215885000,46,0,0
2210,2216885000,40,0,0
2211,2217885000,-38,1,1
2212,2218885000,38,0,0
2213,2219885000,-40,1,1
2214,2220885000,-46,1,1
2215,2221885000,-46,1,1
2216,2222885000,-40,1,1
2217,2223885000,38,0,0
2218,2224885000,-38,1,1
2219,2225885000,40,0,0
2220,2226885000,46,0,0
2221,2227885000,40,0,0
2222,2228885000,-38,1,1
2223,2229885000,38,0,0
2224,2230885000,-40,1,1
2225,2231885000,-46,1,1
2226,2232885000,-42,1,1
2227,2233885000,42,0,0
2228,2234885000,42,0,0
2229,2235885000,-42,1,1
2230,2236885000,-46,1,1
2231,2237885000,-40,1,1
2232,2238885000,40,0,0
2233,2239885000,-40,1,1
2234,2240885000,-42,1,1
2235,2241885000,42,0,0
2236,2242885000,46,0,0
2237,2243885000,42,0,0
2238,2244885000,-42,1,1
2239,2245885000,-46,1,1
2240,2246885000,-42,1,1
2241,2247885000,42,0,0
2242,2248885000,46,0,0
2243,2249885000,40,0,0
2244,2250885000,-38,1,1
2245,2251885000,38,0,0
2246,2252885000,-38,1,1
2247,2253885000,40,0,0
2248,2254885000,42,0,0
2249,2255885000,-42,1,1
2250,2256885000,-40,1,1
2251,2257885000,38,0,0
2252,2258885000,-38,1,1
2253,2259885000,40,0,0
2254,2260885000,46,0,0
2255,2261885000,40,0,0
2256,2262885000,-40,1,1
2257,2263885000,40,0,0
2258,2264885000,46,0,0
2259,2265885000,46,0,0
2260,2266885000,42,0,0
2261,2267885000,-42,1,1
2262,2268885000,-46,1,1
2263,2269885000,-48,1,1
2264,2270885000,-46,1,1
2265,2271885000,-40,1,1
2266,2272885000,38,0,0
2267,2273885000,-38,1,1
2268,2274885000,38,0,0
2269,2275885000,-38,1,1
2270,2276885000,40,0,0
2271,2277885000,46,0,0
2272,2278885000,46,0,0
2273,2279885000,42,0,0
2274,2280885000,-42,1,1
2275,2281885000,-42,1,1
2276,2282885000,42,0,0
2277,2283885000,46,0,0
2278,2284885000,42,0,0
2279,2285885000,-42,1,1
2280,2286885000,-46,1,1
2281,2287885000,-40,1,1
2282,2288885000,38,0,0
2283,2289885000,-38,1,1
2284,2290885000,38,0,0
2285,2291885000,-40,1,1
2286,2292885000,-42,1,1
2287,2293885000,42,0,0
2288,2294885000,40,0,0
2289,2295885000,-40,1,1
2290,2296885000,40,0,0
2291,2297885000,46,0,0
2292,2298885000,42,0,0
2293,2299885000,-42,1,1
2294,2300885000,-46,1,1
2295,2301885000,-48,1,1
2296,2302885000,-48,1,1
2297,2303885000,-46,1,1
2298,2304885000,-40,1,1
2299,2305885000,38,0,0
2300,2306885000,-38,1,1
2301,2307885000,38,0,0
2302,2308885000,-38,1,1
2303,2309885000,38,0,0
2304,2310885000,-38,1,1
2305,2311885000,38,0,0
2306,2312885000,-40,1,1
2307,2313885000,-40,1,1
2308,2314885000,38,0,0
2309,2315885000,-38,1,1
2310,2316885000,38,0,0
2311,2317885000,-38,1,1
2312,2318885000,40,0,0
2313,2319885000,46,0,0
2314,2320885000,42,0,0
2315,2321885000,-42,1,1
2316,2322885000,-42,1,1
2317,2323885000,42,0,0
2318,2324885000,42,0,0
2319,2325885000,-42,1,1
2320,2326885000,-46,1,1
2321,2327885000,-40,1,1
2322,2328885000,38,0,0
2323,2329885000,-38,1,1
2324,2330885000,40,0,0
2325,2331885000,42,0,0
2326,2332885000,-42,1,1
2327,2333885000,-46,1,1
2328,2334885000,-46,1,1
2329,2335885000,-42,1,1
2330,2336885000,42,0,0
2331,2337885000,42,0,0
2332,2338885000,-42,1,1
2333,2339885000,-46,1,1
2334,2340885000,-48,1,1
2335,2341885000,-48,1,1
2336,2342885000,-48,1,1
2337,2343885000,-48,1,1
2338,2344885000,-48,1,1
2339,2345885000,-46,1,1
2340,2346885000,-42,1,1
2341,2347885000,42,0,0
2342,2348885000,40,0,0
2343,2349885000,-38,1,1
2344,2350885000,38,0,0
2345,2351885000,-40,1,1
2346,2352885000,-46,1,1
2347,2353885000,-48,1,1
2348,2354885000,-46,1,1
2349,2355885000,-42,1,1
2350,2356885000,42,0,0
2351,2357885000,46,0,0
2352,2358885000,42,0,0
2353,2359885000,-42,1,1
2354,2360885000,-40,1,1
2355,2361885000,40,0,0
2356,2362885000,-40,1,1
2357,2363885000,-46,1,1
2358,2364885000,-46,1,1
2359,2365885000,-42,1,1
2360,2366885000,42,0,0
2361,2367885000,46,0,0
2362,2368885000,40,0,0
2363,2369885000,-38,1,1
2364,2370885000,38,0,0
2365,2371885000,-40,1,1
2366,2372885000,-40,1,1
2367,2373885000,40,0,0
2368,2374885000,-40,1,1
2369,2375885000,-46,1,1
2370,2376885000,-46,1,1
2371,2377885000,-40,1,1
2372,2378885000,38,0,0
2373,2379885000,-38,1,1
2374,2380885000,40,0,0
2375,2381885000,42,0,0
2376,2382885000,-42,1,1
2377,2383885000,-40,1,1
2378,2384885000,38,0,0
2379,2385885000,-38,1,1
2380,2386885000,40,0,0
2381,2387885000,46,0,0
2382,2388885000,40,0,0
2383,2389885000,-40,1,1
2384,2390885000,40,0,0
2385,2391885000,46,0,0
2386,2392885000,40,0,0
2387,2393885000,-38,1,1
2388,2394885000,38,0,0
2389,2395885000,-40,1,1
2390,2396885000,-46,1,1
2391,2397885000,-46,1,1
2392,2398885000,-42,1,1
2393,2399885000,42,0,0
2394,2400885000,40,0,0
2395,2401885000,-40,1,1
2396,2402885000,40,0,0
2397,2403885000,46,0,0
2398,2404885000,42,0,0
2399,2405885000,-42,1,1
2400,2406885000,-46,1,1
2401,2407885000,-40,1,1
2402,2408885000,40,0,0
2403,2409885000,-40,1,1
2404,2410885000,-40,1,1
2405,2411885000,38,0,0
2406,2412885000,-38,1,1
2407,2413885000,38,0,0
2408,2414885000,-38,1,1
2409,2415885000,38,0,0
2410,2416885000,-38,1,1
2411,2417885000,38,0,0
2412,2418885000,-38,1,1
2413,2419885000,40,0,0
2414,2420885000,46,0,0
2415,2421885000,40,0,0
2416,2422885000,-40,1,1
2417,2423885000,40,0,0
2418,2424885000,46,0,0
2419,2425885000,48,0,0
2420,2426885000,46,0,0
2421,2427885000,40,0,0
2422,2428885000,-38,1,1
2423,2429885000,38,0,0
2424,2430885000,-38,1,1
2425,2431885000,40,0,0
2426,2432885000,46,0,0
2427,2433885000,48,0,0
2428,2434885000,48,0,0
2429,2435885000,48,0,0
2430,2436885000,46,0,0
2431,2437885000,42,0,0
2432,2438885000,-42,1,1
2433,2439885000,-46,1,1
2434,2440885000,-48,1,1
2435,2441885000,-46,1,1
2436,2442885000,-40,1,1
2437,2443885000,38,0,0
2438,2444885000,-38,1,1
2439,2445885000,40,0,0
2440,2446885000,40,0,0
2441,2447885000,-40,1,1
2442,2448885000,40,0,0
2443,2449885000,46,0,0
2444,2450885000,40,0,0
2445,2451885000,-40,1,1
2446,2452885000,40,0,0
2447,2453885000,46,0,0
2448,2454885000,42,0,0
2449,2455885000,-42,1,1
2450,2456885000,-46,1,1
2451,2457885000,-40,1,1
2452,2458885000,38,0,0
2453,2459885000,-38,1,1
2454,2460885000,38,0,0
2455,2461885000,-40,1,1
2456,2462885000,-40,1,1
2457,2463885000,40,0,0
2458,2464885000,-40,1,1
2459,2465885000,-42,1,1
2460,2466885000,42,0,0
2461,2467885000,46,0,0
2462,2468885000,46,0,0
2463,2469885000,40,0,0
2464,2470885000,-40,1,1
2465,2471885000,40,0,0
2466,2472885000,40,0,0
2467,2473885000,-38,1,1
2468,2474885000,38,0,0
2469,2475885000,-38,1,1
2470,2476885000,38,0,0
2471,2477885000,-38,1,1
2472,2478885000,40,0,0
2473,2479885000,42,0,0
2474,2480885000,-42,1,1
2475,2481885000,-42,1,1
2476,2482885000,42,0,0
2477,2483885000,40,0,0
2478,2484885000,-38,1,1
2479,2485885000,38,0,0
2480,2486885000,-40,1,1
2481,2487885000,-42,1,1
2482,2488885000,42,0,0
2483,2489885000,46,0,0
2484,2490885000,46,0,0
2485,2491885000,42,0,0
2486,2492885000,-42,1,1
2487,2493885000,-42,1,1
2488,2494885000,42,0,0
2489,2495885000,42,0,0
2490,2496885000,-42,1,1
2491,2497885000,-42,1,1
2492,2498885000,42,0,0
2493,2499885000,42,0,0
2494,2500885000,-42,1,1
2495,2501885000,-46,1,1
2496,2502885000,-48,1,1
2497,2503885000,-48,1,1
2498,2504885000,-46,1,1
2499,2505885000,-42,1,1
2500,2506885000,42,0,0
2501,2507885000,46,0,0
2502,2508885000,46,0,0
2503,2509885000,40,0,0
2504,2510885000,-38,1,1
2505,2511885000,38,0,0
2506,2512885000,-38,1,1
2507,2513885000,40,0,0
2508,2514885000,40,0,0
2509,2515885000,-40,1,1
2510,2516885000,40,0,0
2511,2517885000,46,0,0
2512,2518885000,42,0,0
2513,2519885000,-42,1,1
2514,2520885000,-42,1,1
2515,2521885000,42,0,0
2516,2522885000,40,0,0
2517,2523885000,-38,1,1
2518,2524885000,38,0,0
2519,2525885000,-38,1,1
2520,2526885000,38,0,0
2521,2527885000,-38,1,1
2522,2528885000,38,0,0
2523,2529885000,-40,1,1
2524,2530885000,-46,1,1
2525,2531885000,-42,1,1
2526,2532885000,42,0,0
2527,2533885000,46,0,0
2528,2534885000,42,0,0
2529,2535885000,-42,1,1
2530,2536885000,-46,1,1
2531,2537885000,-46,1,1
2532,2538885000,-42,1,1
2533,2539885000,42,0,0
2534,2540885000,40,0,0
2535,2541885000,-38,1,1
2536,2542885000,38,0,0
2537,2543885000,-40,1,1
2538,2544885000,-40,1,1
2539,2545885000,40,0,0
2540,2546885000,-40,1,1
2541,2547885000,-46,1,1
2542,2548885000,-48,1,1
2543,2549885000,-46,1,1
2544,2550885000,-40,1,1
2545,2551885000,40,0,0
2546,2552885000,-40,1,1
2547,2553885000,-40,1,1
2548,2554885000,40,0,0
2549,2555885000,-40,1,1
2550,2556885000,-46,1,1
2551,2557885000,-40,1,1
2552,2558885000,38,0,0
2553,2559885000,-38,1,1
2554,2560885000,38,0,0
2555,2561885000,-40,1,1
2556,2562885000,-40,1,1
2557,2563885000,40,0,0
2558,2564885000,-40,1,1
2559,2565885000,-42,1,1
2560,2566885000,42,0,0
2561,2567885000,40,0,0
2562,2568885000,-38,1,1
2563,2569885000,38,0,0
2564,2570885000,-40,1,1
2565,2571885000,-40,1,1
2566,2572885000,40,0,0
2567,2573885000,-40,1,1
2568,2574885000,-40,1,1
2569,2575885000,40,0,0
2570,2576885000,-40,1,1
2571,2577885000,-46,1,1
2572,2578885000,-48,1,1
2573,2579885000,-48,1,1
2574,2580885000,-46,1,1
2575,2581885000,-40,1,1
2576,2582885000,40,0,0
2577,2583885000,-40,1,1
2578,2584885000,-42,1,1
2579,2585885000,42,0,0
2580,2586885000,40,0,0
2581,2587885000,-38,1,1
2582,2588885000,38,0,0
2583,2589885000,-38,1,1
2584,2590885000,40,0,0
2585,2591885000,46,0,0
2586,2592885000,42,0,0
2587,2593885000,-42,1,1
2588,2594885000,-40,1,1
2589,2595885000,40,0,0
2590,2596885000,-40,1,1
2591,2597885000,-42,1,1
2592,2598885000,42,0,0
2593,2599885000,46,0,0
2594,2600885000,42,0,0
2595,2601885000,-42,1,1
2596,2602885000,-42,1,1
2597,2603885000,42,0,0
2598,2604885000,46,0,0
2599,2605885000,46,0,0
2600,2606885000,40,0,0
2601,2607885000,-38,1,1
2602,2608885000,38,0,0
2603,2609885000,-40,1,1
2604,2610885000,-40,1,1
2605,2611885000,40,0,0
2606,2612885000,-40,1,1
2607,2613885000,-40,1,1
2608,2614885000,38,0,0
2609,2615885000,-38,1,1
2610,2616885000,40,0,0
2611,2617885000,40,0,0
2612,2618885000,-38,1,1
2613,2619885000,38,0,0
2614,2620885000,-40,1,1
2615,2621885000,-46,1,1
2616,2622885000,-42,1,1
2617,2623885000,42,0,0
2618,2624885000,42,0,0
2619,2625885000,-42,1,1
2620,2626885000,-46,1,1
2621,2627885000,-42,1,1
2622,2628885000,42,0,0
2623,2629885000,42,0,0
2624,2630885000,-42,1,1
2625,2631885000,-46,1,1
2626,2632885000,-48,1,1
2627,2633885000,-46,1,1
2628,2634885000,-40,1,1
2629,2635885000,38,0,0
2630,2636885000,-38,1,1
2631,2637885000,40,0,0
2632,2638885000,40,0,0
2633,2639885000,-40,1,1
2634,2640885000,40,0,0
2635,2641885000,46,0,0
2636,2642885000,40,0,0
2637,2643885000,-38,1,1
2638,2644885000,38,0,0
2639,2645885000,-38,1,1
2640,2646885000,38,0,0
2641,2647885000,-40,1,1
2642,2648885000,-46,1,1
2643,2649885000,-48,1,1
2644,2650885000,-46,1,1
2645,2651885000,-40,1,1
2646,2652885000,38,0,0
2647,2653885000,-38,1,1
2648,2654885000,38,0,0
2649,2655885000,-40,1,1
2650,2656885000,-46,1,1
2651,2657885000,-48,1,1
2652,2658885000,-46,1,1
2653,2659885000,-42,1,1
2654,2660885000,42,0,0
2655,2661885000,40,0,0
2656,2662885000,-38,1,1
2657,2663885000,38,0,0
2658,2664885000,-40,1,1
2659,2665885000,-46,1,1
2660,2666885000,-40,1,1
2661,2667885000,38,0,0
2662,2668885000,-38,1,1
2663,2669885000,40,0,0
2664,2670885000,46,0,0
2665,2671885000,42,0,0
2666,2672885000,-42,1,1
2667,2673885000,-40,1,1
2668,2674885000,38,0,0
2669,2675885000,-38,1,1
2670,2676885000,40,0,0
2671,2677885000,46,0,0
2672,2678885000,48,0,0
2673,2679885000,48,0,0
2674,2680885000,46,0,0
2675,2681885000,40,0,0
2676,2682885000,-40,1,1
2677,2683885000,40,0,0
2678,2684885000,46,0,0
2679,2685885000,42,0,0
2680,2686885000,-42,1,1
2681,2687885000,-46,1,1
2682,2688885000,-40,1,1
2683,2689885000,38,0,0
2684,2690885000,-38,1,1
2685,2691885000,38,0,0
2686,2692885000,-40,1,1
2687,2693885000,-46,1,1
2688,2694885000,-46,1,1
2689,2695885000,-42,1,1
2690,2696885000,42,0,0
2691,2697885000,40,0,0
2692,2698885000,-40,1,1
2693,2699885000,40,0,0
2694,2700885000,46,0,0
2695,2701885000,42,0,0
2696,2702885000,-42,1,1
2697,2703885000,-46,1,1
2698,2704885000,-48,1,1
2699,2705885000,-48,1,1
2700,2706885000,-46,1,1
2701,2707885000,-40,1,1
2702,2708885000,38,0,0
2703,2709885000,-38,1,1
2704,2710885000,40,0,0
2705,2711885000,46,0,0
2706,2712885000,48,0,0
2707,2713885000,48,0,0
2708,2714885000,46,0,0
2709,2715885000,42,0,0
2710,2716885000,-42,1,1
2711,2717885000,-40,1,1
2712,2718885000,38,0,0
2713,2719885000,-38,1,1
2714,2720885000,38,0,0
2715,2721885000,-38,1,1
2716,2722885000,40,0,0
2717,2723885000,40,0,0
2718,2724885000,-38,1,1
2719,2725885000,38,0,0
2720,2726885000,-38,1,1
2721,2727885000,40,0,0
2722,2728885000,40,0,0
2723,2729885000,-40,1,1
2724,2730885000,40,0,0
2725,2731885000,42,0,0
2726,2732885000,-42,1,1
2727,2733885000,-46,1,1
2728,2734885000,-42,1,1
2729,2735885000,42,0,0
2730,2736885000,46,0,0
2731,2737885000,46,0,0
2732,2738885000,40,0,0
2733,2739885000,-38,1,1
2734,2740885000,38,0,0
2735,2741885000,-40,1,1
2736,2742885000,-40,1,1
2737,2743885000,38,0,0
2738,2744885000,-38,1,1
2739,2745885000,38,0,0
2740,2746885000,-38,1,1
2741,2747885000,40,0,0
2742,2748885000,46,0,0
2743,2749885000,46,0,0
2744,2750885000,40,0,0
2745,2751885000,-40,1,1
2746,2752885000,40,0,0
2747,2753885000,46,0,0
2748,2754885000,42,0,0
2749,2755885000,-42,1,1
2750,2756885000,-42,1,1
2751,2757885000,42,0,0
2752,2758885000,42,0,0
2753,2759885000,-42,1,1
2754,2760885000,-46,1,1
2755,2761885000,-48,1,1
2756,2762885000,-46,1,1
2757,2763885000,-42,1,1
2758,2764885000,42,0,0
2759,2765885000,42,0,0
2760,2766885000,-42,1,1
2761,2767885000,-40,1,1
2762,2768885000,40,0,0
2763,2769885000,-40,1,1
2764,2770885000,-42,1,1
2765,2771885000,42,0,0
2766,2772885000,40,0,0
2767,2773885000,-40,1,1
2768,2774885000,40,0,0
2769,2775885000,40,0,0
2770,2776885000,-38,1,1
2771,2777885000,38,0,0
2772,2778885000,-38,1,1
2773,2779885000,40,0,0
2774,2780885000,42,0,0
2775,2781885000,-42,1,1
2776,2782885000,-46,1,1
2777,2783885000,-42,1,1
2778,2784885000,42,0,0
2779,2785885000,42,0,0
2780,2786885000,-42,1,1
2781,2787885000,-40,1,1
2782,2788885000,40,0,0
2783,2789885000,-40,1,1
2784,2790885000,-46,1,1
2785,2791885000,-42,1,1
2786,2792885000,42,0,0
2787,2793885000,42,0,0
2788,2794885000,-42,1,1
2789,2795885000,-40,1,1
2790,2796885000,40,0,0
2791,2797885000,-40,1,1
2792,2798885000,-46,1,1
2793,2799885000,-46,1,1
2794,2800885000,-42,1,1
2795,2801885000,42,0,0
2796,2802885000,46,0,0
2797,2803885000,46,0,0
2798,2804885000,40,0,0
2799,2805885000,-38,1,1
2800,2806885000,38,0,0
2801,2807885000,-40,1,1
2802,2808885000,-42,1,1
2803,2809885000,42,0,0
2804,2810885000,42,0,0
2805,2811885000,-42,1,1
2806,2812885000,-46,1,1
2807,2813885000,-46,1,1
2808,2814885000,-40,1,1
2809,2815885000,40,0,0
2810,2816885000,-40,1,1
2811,2817885000,-42,1,1
2812,2818885000,42,0,0
2813,2819885000,46,0,0
2814,2820885000,48,0,0
2815,2821885000,48,0,0
2816,2822885000,48,0,0
2817,2823885000,48,0,0
2818,2824885000,48,0,0
2819,2825885000,48,0,0
2820,2826885000,46,0,0
2821,2827885000,40,0,0
2822,2828885000,-38,1,1
2823,2829885000,38,0,0
2824,2830885000,-38,1,1
2825,2831885000,40,0,0
2826,2832885000,42,0,0
2827,2833885000,-42,1,1
2828,2834885000,-46,1,1
2829,2835885000,-48,1,1
2830,2836885000,-46,1,1
2831,2837885000,-40,1,1
2832,2838885000,38,0,0
2833,2839885000,-38,1,1
2834,2840885000,40,0,0
2835,2841885000,42,0,0
2836,2842885000,-42,1,1
2837,2843885000,-46,1,1
2838,2844885000,-48,1,1
2839,2845885000,-46,1,1
2840,2846885000,-40,1,1
2841,2847885000,40,0,0
2842,2848885000,-40,1,1
2843,2849885000,-40,1,1
2844,2850885000,38,0,0
2845,2851885000,-38,1,1
2846,2852885000,38,0,0
2847,2853885000,-38,1,1
2848,2854885000,40,0,0
2849,2855885000,46,0,0
2850,2856885000,42,0,0
2851,2857885000,-42,1,1
2852,2858885000,-42,1,1
2853,2859885000,42,0,0
2854,2860885000,46,0,0
2855,2861885000,42,0,0
2856,2862885000,-42,1,1
2857,2863885000,-40,1,1
2858,2864885000,38,0,0
2859,2865885000,-38,1,1
2860,2866885000,38,0,0
2861,2867885000,-40,1,1
2862,2868885000,-46,1,1
2863,2869885000,-48,1,1
2864,2870885000,-46,1,1
2865,2871885000,-40,1,1
2866,2872885000,38,0,0
2867,2873885000,-38,1,1
2868,2874885000,38,0,0
2869,2875885000,-38,1,1
2870,2876885000,40,0,0
2871,2877885000,46,0,0
2872,2878885000,48,0,0
2873,2879885000,46,0,0
2874,2880885000,40,0,0
2875,2881885000,-40,1,1
2876,2882885000,40,0,0
2877,2883885000,40,0,0
2878,2884885000,-38,1,1
2879,2885885000,38,0,0
2880,2886885000,-40,1,1
2881,2887885000,-46,1,1
2882,2888885000,-40,1,1
2883,2889885000,40,0,0
2884,2890885000,-40,1,1
2885,2891885000,-46,1,1
2886,2892885000,-40,1,1
2887,2893885000,40,0,0
2888,2894885000,-40,1,1
2889,2895885000,-46,1,1
2890,2896885000,-40,1,1
2891,2897885000,38,0,0
2892,2898885000,-38,1,1
2893,2899885000,38,0,0
2894,2900885000,-38,1,1
2895,2901885000,40,0,0
2896,2902885000,42,0,0
2897,2903885000,-42,1,1
2898,2904885000,-42,1,1
2899,2905885000,42,0,0
2900,2906885000,40,0,0
2901,2907885000,-40,1,1
2902,2908885000,40,0,0
2903,2909885000,46,0,0
2904,2910885000,40,0,0
2905,2911885000,-40,1,1
2906,2912885000,40,0,0
2907,2913885000,46,0,0
2908,2914885000,46,0,0
2909,2915885000,42,0,0
2910,2916885000,-42,1,1
2911,2917885000,-46,1,1
2912,2918885000,-42,1,1
2913,2919885000,42,0,0
2914,2920885000,46,0,0
2915,2921885000,48,0,0
2916,2922885000,48,0,0
2917,2923885000,46,0,0
2918,2924885000,40,0,0
2919,2925885000,-40,1,1
2920,2926885000,40,0,0
2921,2927885000,40,0,0
2922,2928885000,-40,1,1
2923,2929885000,40,0,0
2924,2930885000,46,0,0
2925,2931885000,40,0,0
2926,2932885000,-38,1,1
2927,2933885000,38,0,0
2928,2934885000,-38,1,1
2929,2935885000,40,0,0
2930,2936885000,40,0,0
2931,2937885000,-40,1,1
2932,2938885000,40,0,0
2933,2939885000,42,0,0
2934,2940885000,-42,1,1
2935,2941885000,-46,1,1
2936,2942885000,-42,1,1
2937,2943885000,42,0,0
2938,2944885000,46,0,0
2939,2945885000,48,0,0
2940,2946885000,46,0,0
2941,2947885000,40,0,0
2942,2948885000,-38,1,1
2943,2949885000,38,0,0
2944,2950885000,-40,1,1
2945,2951885000,-42,1,1
2946,2952885000,42,0,0
2947,2953885000,42,0,0
2948,2954885000,-42,1,1
2949,2955885000,-46,1,1
2950,2956885000,-48,1,1
2951,2957885000,-48,1,1
2952,2958885000,-46,1,1
2953,2959885000,-42,1,1
2954,2960885000,42,0,0
2955,2961885000,40,0,0
2956,2962885000,-40,1,1
2957,2963885000,40,0,0
2958,2964885000,40,0,0
2959,2965885000,-40,1,1
2960,2966885000,40,0,0
2961,2967885000,40,0,0
2962,2968885000,-38,1,1
2963,2969885000,38,0,0
2964,2970885000,-38,1,1
2965,2971885000,40,0,0
2966,2972885000,46,0,0
2967,2973885000,48,0,0
2968,2974885000,46,0,0
2969,2975885000,40,0,0
2970,2976885000,-40,1,1
2971,2977885000,40,0,0
2972,2978885000,42,0,0
2973,2979885000,-42,1,1
2974,2980885000,-46,1,1
2975,2981885000,-40,1,1
2976,2982885000,38,0,0
2977,2983885000,-38,1,1
2978,2984885000,40,0,0
2979,2985885000,46,0,0
2980,2986885000,48,0,0
2981,2987885000,46,0,0
2982,2988885000,42,0,0
2983,2989885000,-42,1,1
2984,2990885000,-46,1,1
2985,2991885000,-46,1,1
2986,2992885000,-42,1,1
2987,2993885000,42,0,0
2988,2994885000,42,0,0
2989,2995885000,-42,1,1
2990,2996885000,-40,1,1
2991,2997885000,40,0,0
2992,2998885000,-40,1,1
2993,2999885000,-46,1,1
2994,3000885000,-48,1,1
2995,3001885000,-48,1,1
2996,3002885000,-46,1,1
2997,3003885000,-40,1,1
2998,3004885000,40,0,0
2999,3005885000,-40,1,1
3000,3006885000,-46,1,1
3001,3007885000,-40,1,1
3002,3008885000,40,0,0
3003,3009885000,-40,1,1
3004,3010885000,-40,1,1
3005,3011885000,40,0,0
3006,3012885000,-40,1,1
3007,3013885000,-42,1,1
3008,3014885000,42,0,0
3009,3015885000,46,0,0
3010,3016885000,46,0,0
3011,3017885000,42,0,0
3012,3018885000,-42,1,1
3013,3019885000,-46,1,1
3014,3020885000,-46,1,1
3015,3021885000,-40,1,1
3016,3022885000,40,0,0
3017,3023885000,-40,1,1
3018,3024885000,-40,1,1
3019,3025885000,40,0,0
3020,3026885000,-40,1,1
3021,3027885000,-40,1,1
3022,3028885000,38,0,0
3023,3029885000,-38,1,1
3024,3030885000,40,0,0
3025,3031885000,46,0,0
3026,3032885000,46,0,0
3027,3033885000,42,0,0
3028,3034885000,-42,1,1
3029,3035885000,-42,1,1
3030,3036885000,42,0,0
3031,3037885000,46,0,0
3032,3038885000,42,0,0
3033,3039885000,-42,1,1
3034,3040885000,-42,1,1
3035,3041885000,42,0,0
3036,3042885000,40,0,0
3037,3043885000,-40,1,1
3038,3044885000,40,0,0
3039,3045885000,42,0,0
3040,3046885000,-42,1,1
3041,3047885000,-40,1,1
3042,3048885000,40,0,0
3043,3049885000,-40,1,1
3044,3050885000,-46,1,1
3045,3051885000,-46,1,1
3046,3052885000,-42,1,1
3047,3053885000,42,0,0
3048,3054885000,46,0,0
3049,3055885000,42,0,0
3050,3056885000,-42,1,1
3051,3057885000,-42,1,1
3052,3058885000,42,0,0
3053,3059885000,42,0,0
3054,3060885000,-42,1,1
3055,3061885000,-46,1,1
3056,3062885000,-42,1,1
3057,3063885000,42,0,0
3058,3064885000,42,0,0
3059,3065885000,-42,1,1
3060,3066885000,-40,1,1
3061,3067885000,38,0,0
3062,3068885000,-38,1,1
3063,3069885000,40,0,0
3064,3070885000,40,0,0
3065,3071885000,-38,1,1
3066,3072885000,38,0,0
3067,3073885000,-40,1,1
3068,3074885000,-40,1,1
3069,3075885000,40,0,0
3070,3076885000,-40,1,1
3071,3077885000,-46,1,1
3072,3078885000,-40,1,1
3073,3079885000,40,0,0
3074,3080885000,-40,1,1
3075,3081885000,-46,1,1
3076,3082885000,-42,1,1
3077,3083885000,42,0,0
3078,3084885000,40,0,0
3079,3085885000,-40,1,1
3080,3086885000,40,0,0
3081,3087885000,46,0,0
3082,3088885000,42,0,0
3083,3089885000,-42,1,1
3084,3090885000,-42,1,1
3085,3091885000,42,0,0
3086,3092885000,46,0,0
3087,3093885000,40,0,0
3088,3094885000,-38,1,1
3089,3095885000,38,0,0
3090,3096885000,-40,1,1
3091,3097885000,-42,1,1
3092,3098885000,42,0,0
3093,3099885000,40,0,0
3094,3100885000,-38,1,1
3095,3101885000,38,0,0
3096,3102885000,-40,1,1
3097,3103885000,-46,1,1
3098,3104885000,-46,1,1
3099,3105885000,-42,1,1
3100,3106885000,42,0,0
3101,3107885000,46,0,0
3102,3108885000,46,0,0
3103,3109885000,40,0,0
3104,3110885000,-40,1,1
3105,3111885000,40,0,0
3106,3112885000,42,0,0
3107,3113885000,-42,1,1
3108,3114885000,-40,1,1
3109,3115885000,38,0,0
3110,3116885000,-38,1,1
3111,3117885000,40,0,0
3112,3118885000,46,0,0
3113,3119885000,48,0,0
3114,3120885000,48,0,0
3115,3121885000,48,0,0
3116,3122885000,46,0,0
3117,3123885000,42,0,0
3118,3124885000,-42,1,1
3119,3125885000,-42,1,1
3120,3126885000,42,0,0
3121,3127885000,42,0,0
3122,3128885000,-42,1,1
3123,3129885000,-40,1,1
3124,3130885000,38,0,0
3125,3131885000,-38,1,1
3126,3132885000,40,0,0
3127,3133885000,42,0,0
3128,3134885000,-42,1,1
3129,3135885000,-46,1,1
3130,3136885000,-40,1,1
3131,3137885000,38,0,0
3132,3138885000,-38,1,1
3133,3139885000,40,0,0
3134,3140885000,46,0,0
3135,3141885000,48,0,0
3136,3142885000,48,0,0
3137,3143885000,46,0,0
3138,3144885000,40,0,0
3139,3145885000,-40,1,1
3140,3146885000,40,0,0
3141,3147885000,42,0,0
3142,3148885000,-42,1,1
3143,3149885000,-40,1,1
3144,3150885000,38,0,0
3145,3151885000,-38,1,1
3146,3152885000,38,0,0
3147,3153885000,-40,1,1
3148,3154885000,-40,1,1
3149,3155885000,40,0,0
3150,3156885000,-40,1,1
3151,3157885000,-40,1,1
3152,3158885000,38,0,0
3153,3159885000,-38,1,1
3154,3160885000,40,0,0
3155,3161885000,46,0,0
3156,3162885000,46,0,0
3157,3163885000,42,0,0
3158,3164885000,-42,1,1
3159,3165885000,-46,1,1
3160,3166885000,-46,1,1
3161,3167885000,-40,1,1
3162,3168885000,38,0,0
3163,3169885000,-38,1,1
3164,3170885000,38,0,0
3165,3171885000,-40,1,1
3166,3172885000,-46,1,1
3167,3173885000,-42,1,1
3168,3174885000,42,0,0
3169,3175885000,46,0,0
3170,3176885000,48,0,0
3171,3177885000,48,0,0
3172,3178885000,46,0,0
3173,3179885000,42,0,0
3174,3180885000,-42,1,1
3175,3181885000,-46,1,1
3176,3182885000,-48,1,1
3177,3183885000,-48,1,1
3178,3184885000,-46,1,1
3179,3185885000,-40,1,1
3180,3186885000,38,0,0
3181,3187885000,-38,1,1
3182,3188885000,38,0,0
3183,3189885000,-40,1,1
3184,3190885000,-42,1,1
3185,3191885000,42,0,0
3186,3192885000,42,0,0
3187,3193885000,-42,1,1
3188,3194885000,-46,1,1
3189,3195885000,-48,1,1
3190,3196885000,-46,1,1
3191,3197885000,-42,1,1
3192,3198885000,42,0,0
3193,3199885000,40,0,0
3194,3200885000,-40,1,1
3195,3201885000,40,0,0
3196,3202885000,42,0,0
3197,3203885000,-42,1,1
3198,3204885000,-42,1,1
3199,3205885000,42,0,0
3200,3206885000,46,0,0
3201,3207885000,42,0,0
3202,3208885000,-42,1,1
3203,3209885000,-46,1,1
3204,3210885000,-48,1,1
3205,3211885000,-46,1,1
3206,3212885000,-42,1,1
3207,3213885000,42,0,0
3208,3214885000,42,0,0
3209,3215885000,-42,1,1
3210,3216885000,-42,1,1
3211,3217885000,42,0,0
3212,3218885000,46,0,0
3213,3219885000,40,0,0
3214,3220885000,-40,1,1
3215,3221885000,40,0,0
3216,3222885000,46,0,0
3217,3223885000,46,0,0
3218,3224885000,42,0,0
3219,3225885000,-42,1,1
3220,3226885000,-46,1,1
3221,3227885000,-42,1,1
3222,3228885000,42,0,0
3223,3229885000,46,0,0
3224,3230885000,42,0,0
3225,3231885000,-42,1,1
3226,3232885000,-46,1,1
3227,3233885000,-42,1,1
3228,3234885000,42,0,0
3229,3235885000,46,0,0
3230,3236885000,48,0,0
3231,3237885000,46,0,0
3232,3238885000,40,0,0
3233,3239885000,-38,1,1
3234,3240885000,38,0,0
3235,3241885000,-38,1,1
3236,3242885000,38,0,0
3237,3243885000,-40,1,1
3238,3244885000,-42,1,1
3239,3245885000,42,0,0
3240,3246885000,46,0,0
3241,3247885000,40,0,0
3242,3248885000,-40,1,1
3243,3249885000,40,0,0
3244,3250885000,46,0,0
3245,3251885000,48,0,0
3246,3252885000,48,0,0
3247,3253885000,48,0,0
3248,3254885000,46,0,0
3249,3255885000,40,0,0
3250,3256885000,-40,1,1
3251,3257885000,40,0,0
3252,3258885000,40,0,0
3253,3259885000,-40,1,1
3254,3260885000,40,0,0
3255,3261885000,46,0,0
3256,3262885000,46,0,0
3257,3263885000,40,0,0
3258,3264885000,-38,1,1
3259,3265885000,38,0,0
3260,3266885000,-40,1,1
3261,3267885000,-46,1,1
3262,3268885000,-46,1,1
3263,3269885000,-40,1,1
3264,3270885000,38,0,0
3265,3271885000,-38,1,1
3266,3272885000,38,0,0
3267,3273885000,-40,1,1
3268,3274885000,-46,1,1
3269,3275885000,-40,1,1
3270,3276885000,38,0,0
3271,3277885000,-38,1,1
3272,3278885000,40,0,0
3273,3279885000,42,0,0
3274,3280885000,-42,1,1
3275,3281885000,-40,1,1
3276,3282885000,38,0,0
3277,3283885000,-38,1,1
3278,3284885000,38,0,0
3279,3285885000,-38,1,1
3280,3286885000,38,0,0
3281,3287885000,-38,1,1
3282,3288885000,40,0,0
3283,3289885000,40,0,0
3284,3290885000,-38,1,1
3285,3291885000,38,0,0
3286,3292885000,-38,1,1
3287,3293885000,40,0,0
3288,3294885000,46,0,0
3289,3295885000,46,0,0
3290,3296885000,42,0,0
3291,3297885000,-42,1,1
3292,3298885000,-46,1,1
3293,3299885000,-40,1,1
3294,3300885000,38,0,0
3295,3301885000,-38,1,1
3296,3302885000,40,0,0
3297,3303885000,46,0,0
3298,3304885000,48,0,0
3299,3305885000,46,0,0
3300,3306885000,40,0,0
3301,3307885000,-38,1,1
3302,3308885000,38,0,0
3303,3309885000,-38,1,1
3304,3310885000,40,0,0
3305,3311885000,42,0,0
3306,3312885000,-42,1,1
3307,3313885000,-42,1,1
3308,3314885000,42,0,0
3309,3315885000,46,0,0
3310,3316885000,40,0,0
3311,3317885000,-38,1,1
3312,3318885000,38,0,0
3313,3319885000,-40,1,1
3314,3320885000,-42,1,1
3315,3321885000,42,0,0
3316,3322885000,40,0,0
3317,3323885000,-38,1,1
3318,3324885000,38,0,0
3319,3325885000,-40,1,1
3320,3326885000,-46,1,1
3321,3327885000,-40,1,1
3322,3328885000,38,0,0
3323,3329885000,-38,1,1
3324,3330885000,38,0,0
3325,3331885000,-40,1,1
3326,3332885000,-46,1,1
3327,3333885000,-40,1,1
3328,3334885000,40,0,0
3329,3335885000,-40,1,1
3330,3336885000,-46,1,1
3331,3337885000,-40,1,1
3332,3338885000,40,0,0
3333,3339885000,-40,1,1
3334,3340885000,-46,1,1
3335,3341885000,-40,1,1
3336,3342885000,38,0,0
3337,3343885000,-38,1,1
3338,3344885000,40,0,0
3339,3345885000,42,0,0
3340,3346885000,-42,1,1
3341,3347885000,-40,1,1
3342,3348885000,40,0,0
3343,3349885000,-40,1,1
3344,3350885000,-46,1,1
3345,3351885000,-48,1,1
3346,3352885000,-46,1,1
3347,3353885000,-42,1,1
3348,3354885000,42,0,0
3349,3355885000,46,0,0
3350,3356885000,40,0,0
3351,3357885000,-38,1,1
3352,3358885000,38,0,0
3353,3359885000,-38,1,1
3354,3360885000,40,0,0
3355,3361885000,46,0,0
3356,3362885000,40,0,0
3357,3363885000,-40,1,1
3358,3364885000,40,0,0
3359,3365885000,46,0,0
3360,3366885000,46,0,0
3361,3367885000,40,0,0
3362,3368885000,-38,1,1
3363,3369885000,38,0,0
3364,3370885000,-40,1,1
3365,3371885000,-42,1,1
3366,3372885000,42,0,0
3367,3373885000,46,0,0
3368,3374885000,46,0,0
3369,3375885000,42,0,0
3370,3376885000,-42,1,1
3371,3377885000,-46,1,1
3372,3378885000,-48,1,1
3373,3379885000,-46,1,1
3374,3380885000,-40,1,1
3375,3381885000,38,0,0
3376,3382885000,-38,1,1
3377,3383885000,40,0,0
3378,3384885000,42,0,0
3379,3385885000,-42,1,1
3380,3386885000,-46,1,1
3381,3387885000,-42,1,1
3382,3388885000,42,0,0
3383,3389885000,42,0,0
3384,3390885000,-42,1,1
3385,3391885000,-46,1,1
3386,3392885000,-46,1,1
3387,3393885000,-42,1,1
3388,3394885000,42,0,0
3389,3395885000,42,0,0
3390,3396885000,-42,1,1
3391,3397885000,-40,1,1
3392,3398885000,40,0,0
3393,3399885000,-40,1,1
3394,3400885000,-46,1,1
3395,3401885000,-40,1,1
3396,3402885000,38,0,0
3397,3403885000,-38,1,1
3398,3404885000,40,0,0
3399,3405885000,46,0,0
3400,3406885000,46,0,0
3401,3407885000,40,0,0
3402,3408885000,-40,1,1
3403,3409885000,40,0,0
3404,3410885000,40,0,0
3405,3411885000,-40,1,1
3406,3412885000,40,0,0
3407,3413885000,40,0,0
3408,3414885000,-38,1,1
3409,3415885000,38,0,0
3410,3416885000,-40,1,1
3411,3417885000,-46,1,1
3412,3418885000,-48,1,1
3413,3419885000,-46,1,1
3414,3420885000,-40,1,1
3415,3421885000,40,0,0
3416,3422885000,-40,1,1
3417,3423885000,-46,1,1
3418,3424885000,-40,1,1
3419,3425885000,40,0,0
3420,3426885000,-40,1,1
3421,3427885000,-46,1,1
3422,3428885000,-46,1,1
3423,3429885000,-40,1,1
3424,3430885000,38,0,0
3425,3431885000,-38,1,1
3426,3432885000,40,0,0
3427,3433885000,40,0,0
3428,3434885000,-38,1,1
3429,3435885000,38,0,0
3430,3436885000,-40,1,1
3431,3437885000,-40,1,1
3432,3438885000,38,0,0
3433,3439885000,-38,1,1
3434,3440885000,40,0,0
3435,3441885000,46,0,0
3436,3442885000,46,0,0
3437,3443885000,42,0,0
3438,3444885000,-42,1,1
3439,3445885000,-46,1,1
3440,3446885000,-48,1,1
3441,3447885000,-46,1,1
3442,3448885000,-40,1,1
3443,3449885000,40,0,0
3444,3450885000,-40,1,1
3445,3451885000,-40,1,1
3446,3452885000,40,0,0
3447,3453885000,-40,1,1
3448,3454885000,-46,1,1
3449,3455885000,-42,1,1
3450,3456885000,42,0,0
3451,3457885000,46,0,0
3452,3458885000,48,0,0
3453,3459885000,48,0,0
3454,3460885000,46,0,0
3455,3461885000,42,0,0
3456,3462885000,-42,1,1
3457,3463885000,-46,1,1
3458,3464885000,-40,1,1
3459,3465885000,38,0,0
3460,3466885000,-38,1,1
3461,3467885000,40,0,0
3462,3468885000,46,0,0
3463,3469885000,42,0,0
3464,3470885000,-42,1,1
3465,3471885000,-40,1,1
3466,3472885000,38,0,0
3467,3473885000,-38,1,1
3468,3474885000,40,0,0
3469,3475885000,46,0,0
3470,3476885000,48,0,0
3471,3477885000,48,0,0
3472,3478885000,48,0,0
3473,3479885000,48,0,0
3474,3480885000,46,0,0
3475,3481885000,42,0,0
3476,3482885000,-42,1,1
3477,3483885000,-40,1,1
3478,3484885000,40,0,0
3479,3485885000,-40,1,1
3480,3486885000,-46,1,1
3481,3487885000,-42,1,1
3482,3488885000,42,0,0
3483,3489885000,46,0,0
3484,3490885000,46,0,0
3485,3491885000,40,0,0
3486,3492885000,-38,1,1
3487,3493885000,38,0,0
3488,3494885000,-40,1,1
3489,3495885000,-46,1,1
3490,3496885000,-48,1,1
3491,3497885000,-46,1,1
3492,3498885000,-42,1,1
3493,3499885000,42,0,0
3494,3500885000,40,0,0
3495,3501885000,-38,1,1
3496,3502885000,38,0,0
3497,3503885000,-40,1,1
3498,3504885000,-46,1,1
3499,3505885000,-40,1,1
3500,3506885000,38,0,0
3501,3507885000,-38,1,1
3502,3508885000,38,0,0
3503,3509885000,-38,1,1
3504,3510885000,38,0,0
3505,3511885000,-38,1,1
3506,3512885000,40,0,0
3507,3513885000,40,0,0
3508,3514885000,-38,1,1
3509,3515885000,38,0,0
3510,3516885000,-38,1,1
3511,3517885000,38,0,0
3512,3518885000,-38,1,1
3513,3519885000,38,0,0
3514,3520885000,-40,1,1
3515,3521885000,-46,1,1
3516,3522885000,-42,1,1
3517,3523885000,42,0,0
3518,3524885000,46,0,0
3519,3525885000,48,0,0
3520,3526885000,48,0,0
3521,3527885000,48,0,0
3522,3528885000,46,0,0
3523,3529885000,42,0,0
3524,3530885000,-42,1,1
3525,3531885000,-40,1,1
3526,3532885000,40,0,0
3527,3533885000,-40,1,1
3528,3534885000,-46,1,1
3529,3535885000,-42,1,1
3530,3536885000,42,0,0
3531,3537885000,46,0,0
3532,3538885000,48,0,0
3533,3539885000,48,0,0
3534,3540885000,48,0,0
3535,3541885000,48,0,0
3536,3542885000,48,0,0
3537,3543885000,48,0,0
3538,3544885000,48,0,0
3539,3545885000,48,0,0
3540,3546885000,46,0,0
3541,3547885000,40,0,0
3542,3548885000,-40,1,1
3543,3549885000,40,0,0
3544,3550885000,46,0,0
3545,3551885000,46,0,0
3546,3552885000,42,0,0
3547,3553885000,-42,1,1
3548,3554885000,-40,1,1
3549,3555885000,40,0,0
3550,3556885000,-40,1,1
3551,3557885000,-40,1,1
3552,3558885000,38,0,0
3553,3559885000,-38,1,1
3554,3560885000,40,0,0
3555,3561885000,42,0,0
3556,3562885000,-42,1,1
3557,3563885000,-40,1,1
3558,3564885000,40,0,0
3559,3565885000,-40,1,1
3560,3566885000,-46,1,1
3561,3567885000,-42,1,1
3562,3568885000,42,0,0
3563,3569885000,46,0,0
3564,3570885000,48,0,0
3565,3571885000,48,0,0
3566,3572885000,46,0,0
3567,3573885000,42,0,0
3568,3574885000,-42,1,1
3569,3575885000,-46,1,1
3570,3576885000,-46,1,1
3571,3577885000,-40,1,1
3572,3578885000,40,0,0
3573,3579885000,-40,1,1
3574,3580885000,-46,1,1
3575,3581885000,-40,1,1
3576,3582885000,40,0,0
3577,3583885000,-40,1,1
3578,3584885000,-40,1,1
3579,3585885000,40,0,0
3580,3586885000,-40,1,1
3581,3587885000,-40,1,1
3582,3588885000,40,0,0
3583,3589885000,-40,1,1
3584,3590885000,-40,1,1
3585,3591885000,38,0,0
3586,3592885000,-38,1,1
3587,3593885000,38,0,0
3588,3594885000,-40,1,1
3589,3595885000,-42,1,1
3590,3596885000,42,0,0
3591,3597885000,40,0,0
3592,3598885000,-38,1,1
3593,3599885000,38,0,0
3594,3600885000,-40,1,1
3595,3601885000,-42,1,1
3596,3602885000,42,0,0
3597,3603885000,40,0,0
3598,3604885000,-40,1,1
3599,3605885000,40,0,0
3600,3606885000,42,0,0
3601,3607885000,-42,1,1
3602,3608885000,-46,1,1
3603,3609885000,-46,1,1
3604,3610885000,-40,1,1
3605,3611885000,40,0,0
3606,3612885000,-40,1,1
3607,3613885000,-46,1,1
3608,3614885000,-48,1,1
3609,3615885000,-48,1,1
3610,3616885000,-46,1,1
3611,3617885000,-42,1,1
3612,3618885000,42,0,0
3613,3619885000,46,0,0
3614,3620885000,40,0,0
3615,3621885000,-38,1,1
3616,3622885000,38,0,0
3617,3623885000,-38,1,1
3618,3624885000,40,0,0
3619,3625885000,42,0,0
3620,3626885000,-42,1,1
3621,3627885000,-42,1,1
3622,3628885000,42,0,0
3623,3629885000,46,0,0
3624,3630885000,46,0,0
3625,3631885000,42,0,0
3626,3632885000,-42,1,1
3627,3633885000,-42,1,1
3628,3634885000,42,0,0
3629,3635885000,42,0,0
3630,3636885000,-42,1,1
3631,3637885000,-46,1,1
3632,3638885000,-48,1,1
3633,3639885000,-48,1,1
3634,3640885000,-48,1,1
3635,3641885000,-46,1,1
3636,3642885000,-40,1,1
3637,3643885000,40,0,0
3638,3644885000,-40,1,1
3639,3645885000,-42,1,1
3640,3646885000,42,0,0
3641,3647885000,40,0,0
3642,3648885000,-38,1,1
3643,3649885000,38,0,0
3644,3650885000,-38,1,1
3645,3651885000,40,0,0
3646,3652885000,40,0,0
3647,3653885000,-38,1,1
3648,3654885000,38,0,0
3649,3655885000,-38,1,1
3650,3656885000,38,0,0
3651,3657885000,-38,1,1
3652,3658885000,38,0,0
3653,3659885000,-40,1,1
3654,3660885000,-46,1,1
3655,3661885000,-48,1,1
3656,3662885000,-46,1,1
3657,3663885000,-42,1,1
3658,3664885000,42,0,0
3659,3665885000,46,0,0
3660,3666885000,42,0,0
3661,3667885000,-42,1,1
3662,3668885000,-40,1,1
3663,3669885000,38,0,0
3664,3670885000,-38,1,1
3665,3671885000,40,0,0
3666,3672885000,46,0,0
3667,3673885000,40,0,0
3668,3674885000,-38,1,1
3669,3675885000,38,0,0
3670,3676885000,-40,1,1
3671,3677885000,-46,1,1
3672,3678885000,-48,1,1
3673,3679885000,-46,1,1
3674,3680885000,-40,1,1
3675,3681885000,40,0,0
3676,3682885000,-40,1,1
3677,3683885000,-40,1,1
3678,3684885000,38,0,0
3679,3685885000,-38,1,1
3680,3686885000,40,0,0
3681,3687885000,46,0,0
3682,3688885000,48,0,0
3683,3689885000,48,0,0
3684,3690885000,46,0,0
3685,3691885000,42,0,0
3686,3692885000,-42,1,1
3687,3693885000,-42,1,1
3688,3694885000,42,0,0
3689,3695885000,40,0,0
3690,3696885000,-40,1,1
3691,3697885000,40,0,0
3692,3698885000,42,0,0
3693,3699885000,-42,1,1
3694,3700885000,-40,1,1
3695,3701885000,40,0,0
3696,3702885000,-40,1,1
3697,3703885000,-40,1,1
3698,3704885000,38,0,0
3699,3705885000,-38,1,1
3700,3706885000,40,0,0
3701,3707885000,46,0,0
3702,3708885000,46,0,0
3703,3709885000,42,0,0
3704,3710885000,-42,1,1
3705,3711885000,-46,1,1
3706,3712885000,-46,1,1
3707,3713885000,-42,1,1
3708,3714885000,42,0,0
3709,3715885000,42,0,0
3710,3716885000,-42,1,1
3711,3717885000,-42,1,1
3712,3718885000,42,0,0
3713,3719885000,46,0,0
3714,3720885000,42,0,0
3715,3721885000,-42,1,1
3716,3722885000,-42,1,1
3717,3723885000,42,0,0
3718,3724885000,40,0,0
3719,3725885000,-40,1,1
3720,3726885000,40,0,0
3721,3727885000,40,0,0
3722,3728885000,-40,1,1
3723,3729885000,40,0,0
3724,3730885000,42,0,0
3725,3731885000,-42,1,1
3726,3732885000,-40,1,1
3727,3733885000,38,0,0
3728,3734885000,-38,1,1
3729,3735885000,38,0,0
3730,3736885000,-40,1,1
3731,3737885000,-46,1,1
3732,3738885000,-48,1,1
3733,3739885000,-48,1,1
3734,3740885000,-46,1,1
3735,3741885000,-42,1,1
3736,3742885000,42,0,0
3737,3743885000,46,0,0
3738,3744885000,48,0,0
3739,3745885000,48,0,0
3740,3746885000,46,0,0
3741,3747885000,40,0,0
3742,3748885000,-40,1,1
3743,3749885000,40,0,0
3744,3750885000,46,0,0
3745,3751885000,42,0,0
3746,3752885000,-42,1,1
3747,3753885000,-40,1,1
3748,3754885000,40,0,0
3749,3755885000,-40,1,1
3750,3756885000,-40,1,1
3751,3757885000,38,0,0
3752,3758885000,-38,1,1
3753,3759885000,40,0,0
3754,3760885000,46,0,0
3755,3761885000,46,0,0
3756,3762885000,42,0,0
3757,3763885000,-42,1,1
3758,3764885000,-40,1,1
3759,3765885000,40,0,0
3760,3766885000,-40,1,1
3761,3767885000,-46,1,1
3762,3768885000,-46,1,1
3763,3769885000,-42,1,1
3764,3770885000,42,0,0
3765,3771885000,46,0,0
3766,3772885000,42,0,0
3767,3773885000,-42,1,1
3768,3774885000,-40,1,1
3769,3775885000,38,0,0
3770,3776885000,-38,1,1
3771,3777885000,40,0,0
3772,3778885000,42,0,0
3773,3779885000,-42,1,1
3774,3780885000,-42,1,1
3775,3781885000,42,0,0
3776,3782885000,40,0,0
3777,3783885000,-40,1,1
3778,3784885000,40,0,0
3779,3785885000,46,0,0
3780,3786885000,46,0,0
3781,3787885000,40,0,0
3782,3788885000,-38,1,1
3783,3789885000,38,0,0
3784,3790885000,-40,1,1
3785,3791885000,-42,1,1
3786,3792885000,42,0,0
3787,3793885000,46,0,0
3788,3794885000,46,0,0
3789,3795885000,42,0,0
3790,3796885000,-42,1,1
3791,3797885000,-46,1,1
3792,3798885000,-40,1,1
3793,3799885000,40,0,0
3794,3800885000,-40,1,1
3795,3801885000,-46,1,1
3796,3802885000,-48,1,1
3797,3803885000,-46,1,1
3798,3804885000,-40,1,1
3799,3805885000,40,0,0
3800,3806885000,-40,1,1
3801,3807885000,-46,1,1
3802,3808885000,-42,1,1
3803,3809885000,42,0,0
3804,3810885000,42,0,0
3805,3811885000,-42,1,1
3806,3812885000,-40,1,1
3807,3813885000,38,0,0
3808,3814885000,-38,1,1
3809,3815885000,38,0,0
3810,3816885000,-38,1,1
3811,3817885000,40,0,0
3812,3818885000,46,0,0
3813,3819885000,46,0,0
3814,3820885000,42,0,0
3815,3821885000,-42,1,1
3816,3822885000,-42,1,1
3817,3823885000,42,0,0
3818,3824885000,42,0,0
3819,3825885000,-42,1,1
3820,3826885000,-40,1,1
3821,3827885000,38,0,0
3822,3828885000,-38,1,1
3823,3829885000,40,0,0
3824,3830885000,46,0,0
3825,3831885000,40,0,0
3826,3832885000,-40,1,1
3827,3833885000,40,0,0
3828,3834885000,46,0,0
3829,3835885000,46,0,0
3830,3836885000,40,0,0
3831,3837885000,-38,1,1
3832,3838885000,38,0,0
3833,3839885000,-40,1,1
3834,3840885000,-42,1,1
3835,3841885000,42,0,0
3836,3842885000,40,0,0
3837,3843885000,-38,1,1
3838,3844885000,38,0,0
3839,3845885000,-40,1,1
3840,3846885000,-46,1,1
3841,3847885000,-40,1,1
3842,3848885000,40,0,0
3843,3849885000,-40,1,1
3844,3850885000,-46,1,1
3845,3851885000,-42,1,1
3846,3852885000,42,0,0
3847,3853885000,46,0,0
3848,3854885000,42,0,0
3849,3855885000,-42,1,1
3850,3856885000,-42,1,1
3851,3857885000,42,0,0
3852,3858885000,40,0,0
3853,3859885000,-38,1,1
3854,3860885000,38,0,0
3855,3861885000,-38,1,1
3856,3862885000,40,0,0
3857,3863885000,40,0,0
3858,3864885000,-38,1,1
3859,3865885000,38,0,0
3860,3866885000,-40,1,1
3861,3867885000,-40,1,1
3862,3868885000,40,0,0
3863,3869885000,-40,1,1
3864,3870885000,-40,1,1
3865,3871885000,40,0,0
3866,3872885000,-40,1,1
3867,3873885000,-46,1,1
3868,3874885000,-46,1,1
3869,3875885000,-42,1,1
3870,3876885000,42,0,0
3871,3877885000,46,0,0
3872,3878885000,46,0,0
3873,3879885000,40,0,0
3874,3880885000,-38,1,1
3875,3881885000,38,0,0
3876,3882885000,-40,1,1
3877,3883885000,-46,1,1
3878,3884885000,-48,1,1
3879,3885885000,-46,1,1
3880,3886885000,-42,1,1
3881,3887885000,42,0,0
3882,3888885000,46,0,0
3883,3889885000,48,0,0
3884,3890885000,48,0,0
3885,3891885000,48,0,0
3886,3892885000,46,0,0
3887,3893885000,40,0,0
3888,3894885000,-38,1,1
3889,3895885000,38,0,0
3890,3896885000,-38,1,1
3891,3897885000,40,0,0
3892,3898885000,46,0,0
3893,3899885000,48,0,0
3894,3900885000,46,0,0
3895,3901885000,42,0,0
3896,3902885000,-42,1,1
3897,3903885000,-40,1,1
3898,3904885000,40,0,0
3899,3905885000,-40,1,1
3900,3906885000,-46,1,1
3901,3907885000,-42,1,1
3902,3908885000,42,0,0
3903,3909885000,40,0,0
3904,3910885000,-40,1,1
3905,3911885000,40,0,0
3906,3912885000,46,0,0
3907,3913885000,48,0,0
3908,3914885000,46,0,0
3909,3915885000,42,0,0
3910,3916885000,-42,1,1
3911,3917885000,-46,1,1
3912,3918885000,-46,1,1
3913,3919885000,-40,1,1
3914,3920885000,40,0,0
3915,3921885000,-40,1,1
3916,3922885000,-46,1,1
3917,3923885000,-40,1,1
3918,3924885000,40,0,0
3919,3925885000,-40,1,1
3920,3926885000,-46,1,1
3921,3927885000,-48,1,1
3922,3928885000,-46,1,1
3923,3929885000,-42,1,1
3924,3930885000,42,0,0
3925,3931885000,46,0,0
3926,3932885000,48,0,0
3927,3933885000,46,0,0
3928,3934885000,40,0,0
3929,3935885000,-38,1,1
3930,3936885000,38,0,0
3931,3937885000,-40,1,1
3932,3938885000,-42,1,1
3933,3939885000,42,0,0
3934,3940885000,46,0,0
3935,3941885000,42,0,0
3936,3942885000,-42,1,1
3937,3943885000,-46,1,1
3938,3944885000,-40,1,1
3939,3945885000,38,0,0
3940,3946885000,-38,1,1
3941,3947885000,40,0,0
3942,3948885000,40,0,0
3943,3949885000,-38,1,1
3944,3950885000,38,0,0
3945,3951885000,-40,1,1
3946,3952885000,-40,1,1
3947,3953885000,38,0,0
3948,3954885000,-38,1,1
3949,3955885000,40,0,0
3950,3956885000,46,0,0
3951,3957885000,40,0,0
3952,3958885000,-38,1,1
3953,3959885000,38,0,0
3954,3960885000,-38,1,1
3955,3961885000,38,0,0
3956,3962885000,-40,1,1
3957,3963885000,-46,1,1
3958,3964885000,-46,1,1
3959,3965885000,-40,1,1
3960,3966885000,40,0,0
3961,3967885000,-40,1,1
3962,3968885000,-46,1,1
3963,3969885000,-46,1,1
3964,3970885000,-42,1,1
3965,3971885000,42,0,0
3966,3972885000,42,0,0
3967,3973885000,-42,1,1
3968,3974885000,-46,1,1
3969,3975885000,-48,1,1
3970,3976885000,-46,1,1
3971,3977885000,-42,1,1
3972,3978885000,42,0,0
3973,3979885000,42,0,0
3974,3980885000,-42,1,1
3975,3981885000,-42,1,1
3976,3982885000,42,0,0
3977,3983885000,42,0,0
3978,3984885000,-42,1,1
3979,3985885000,-40,1,1
3980,3986885000,38,0,0
3981,3987885000,-38,1,1
3982,3988885000,38,0,0
3983,3989885000,-38,1,1
3984,3990885000,40,0,0
3985,3991885000,40,0,0
3986,3992885000,-40,1,1
3987,3993885000,40,0,0
3988,3994885000,40,0,0
3989,3995885000,-40,1,1
3990,3996885000,40,0,0
3991,3997885000,46,0,0
3992,3998885000,46,0,0
3993,3999885000,40,0,0
3994,4000885000,-40,1,1
3995,4001885000,40,0,0
3996,4002885000,46,0,0
3997,4003885000,42,0,0
3998,4004885000,-42,1,1
3999,4005885000,-42,1,1
4000,4006885000,42,0,0
4001,4007885000,40,0,0
4002,4008885000,-38,1,1
4003,4009885000,38,0,0
4004,4010885000,-40,1,1
4005,4011885000,-46,1,1
4006,4012885000,-46,1,1
4007,4013885000,-40,1,1
4008,4014885000,40,0,0
4009,4015885000,-40,1,1
4010,4016885000,-46,1,1
4011,4017885000,-48,1,1
4012,4018885000,-46,1,1
4013,4019885000,-40,1,1
4014,4020885000,38,0,0
4015,4021885000,-38,1,1
4016,4022885000,38,0,0
4017,4023885000,-40,1,1
4018,4024885000,-46,1,1
4019,4025885000,-42,1,1
4020,4026885000,42,0,0
4021,4027885000,46,0,0
4022,4028885000,40,0,0
4023,4029885000,-40,1,1
4024,4030885000,40,0,0
4025,4031885000,40,0,0
4026,4032885000,-38,1,1
4027,4033885000,38,0,0
4028,4034885000,-40,1,1
4029,4035885000,-46,1,1
4030,4036885000,-42,1,1
4031,4037885000,42,0,0
4032,4038885000,42,0,0
4033,4039885000,-42,1,1
4034,4040885000,-40,1,1
4035,4041885000,38,0,0
4036,4042885000,-38,1,1
4037,4043885000,40,0,0
4038,4044885000,46,0,0
4039,4045885000,48,0,0
4040,4046885000,48,0,0
4041,4047885000,46,0,0
4042,4048885000,40,0,0
4043,4049885000,-38,1,1
4044,4050885000,38,0,0
4045,4051885000,-38,1,1
4046,4052885000,40,0,0
4047,4053885000,42,0,0
4048,4054885000,-42,1,1
4049,4055885000,-46,1,1
4050,4056885000,-40,1,1
4051,4057885000,38,0,0
4052,4058885000,-38,1,1
4053,4059885000,38,0,0
4054,4060885000,-38,1,1
4055,4061885000,38,0,0
4056,4062885000,-40,1,1
4057,4063885000,-46,1,1
4058,4064885000,-42,1,1
4059,4065885000,42,0,0
4060,4066885000,40,0,0
4061,4067885000,-38,1,1
4062,4068885000,38,0,0
4063,4069885000,-38,1,1
4064,4070885000,38,0,0
4065,4071885000,-40,1,1
4066,4072885000,-42,1,1
4067,4073885000,42,0,0
4068,4074885000,42,0,0
4069,4075885000,-42,1,1
4070,4076885000,-40,1,1
4071,4077885000,38,0,0
4072,4078885000,-38,1,1
4073,4079885000,40,0,0
4074,4080885000,46,0,0
4075,4081885000,42,0,0
4076,4082885000,-42,1,1
4077,4083885000,-46,1,1
4078,4084885000,-46,1,1
4079,4085885000,-42,1,1
4080,4086885000,42,0,0
4081,4087885000,46,0,0
4082,4088885000,40,0,0
4083,4089885000,-40,1,1
4084,4090885000,40,0,0
4085,4091885000,46,0,0
4086,4092885000,40,0,0
4087,4093885000,-40,1,1
4088,4094885000,40,0,0
4089,4095885000,42,0,0
4090,4096885000,-42,1,1
4091,4097885000,-40,1,1
4092,4098885000,38,0,0
4093,4099885000,-38,1,1
4094,4100885000,38,0,0
4095,4101885000,-40,1,1
4096,4102885000,-46,1,1
4097,4103885000,-48,1,1
4098,4104885000,-48,1,1
4099,4105885000,-46,1,1
4100,4106885000,-40,1,1
4101,4107885000,38,0,0
4102,4108885000,-38,1,1
4103,4109885000,38,0,0
4104,4110885000,-38,1,1
4105,4111885000,40,0,0
4106,4112885000,40,0,0
4107,4113885000,-40,1,1
4108,4114885000,40,0,0
4109,4115885000,46,0,0
4110,4116885000,48,0,0
4111,4117885000,48,0,0
4112,4118885000,48,0,0
4113,4119885000,46,0,0
4114,4120885000,40,0,0
4115,4121885000,-40,1,1
4116,4122885000,40,0,0
4117,4123885000,46,0,0
4118,4124885000,40,0,0
4119,4125885000,-38,1,1
4120,4126885000,38,0,0
4121,4127885000,-40,1,1
4122,4128885000,-42,1,1
4123,4129885000,42,0,0
4124,4130885000,40,0,0
4125,4131885000,-40,1,1
4126,4132885000,40,0,0
4127,4133885000,46,0,0
4128,4134885000,48,0,0
4129,4135885000,48,0,0
4130,4136885000,46,0,0
4131,4137885000,42,0,0
4132,4138885000,-42,1,1
4133,4139885000,-46,1,1
4134,4140885000,-46,1,1
4135,4141885000,-42,1,1
4136,4142885000,42,0,0
4137,4143885000,46,0,0
4138,4144885000,42,0,0
4139,4145885000,-42,1,1
4140,4146885000,-46,1,1
4141,4147885000,-48,1,1
4142,4148885000,-46,1,1
4143,4149885000,-42,1,1
4144,4150885000,42,0,0
4145,4151885000,40,0,0
4146,4152885000,-40,1,1
4147,4153885000,40,0,0
4148,4154885000,46,0,0
4149,4155885000,42,0,0
4150,4156885000,-42,1,1
4151,4157885000,-40,1,1
4152,4158885000,38,0,0
4153,4159885000,-38,1,1
4154,4160885000,38,0,0
4155,4161885000,-38,1,1
4156,4162885000,38,0,0
4157,4163885000,-40,1,1
4158,4164885000,-46,1,1
4159,4165885000,-42,1,1
4160,4166885000,42,0,0
4161,4167885000,46,0,0
4162,4168885000,40,0,0
4163,4169885000,-38,1,1
4164,4170885000,38,0,0
4165,4171885000,-38,1,1
4166,4172885000,38,0,0
4167,4173885000,-38,1,1
4168,4174885000,38,0,0
4169,4175885000,-40,1,1
4170,4176885000,-42,1,1
4171,4177885000,42,0,0
4172,4178885000,42,0,0
4173,4179885000,-42,1,1
4174,4180885000,-46,1,1
4175,4181885000,-42,1,1
4176,4182885000,42,0,0
4177,4183885000,42,0,0
4178,4184885000,-42,1,1
4179,4185885000,-40,1,1
4180,4186885000,40,0,0
4181,4187885000,-40,1,1
4182,4188885000,-46,1,1
4183,4189885000,-48,1,1
4184,4190885000,-46,1,1
4185,4191885000,-42,1,1
4186,4192885000,42,0,0
4187,4193885000,40,0,0
4188,4194885000,-40,1,1
4189,4195885000,40,0,0
4190,4196885000,46,0,0
4191,4197885000,48,0,0
4192,4198885000,48,0,0
4193,4199885000,48,0,0
4194,4200885000,48,0,0
4195,4201885000,46,0,0
4196,4202885000,42,0,0
4197,4203885000,-42,1,1
4198,4204885000,-40,1,1
4199,4205885000,40,0,0
4200,4206885000,-40,1,1
4201,4207885000,-46,1,1
4202,4208885000,-48,1,1
4203,4209885000,-48,1,1
4204,4210885000,-46,1,1
4205,4211885000,-42,1,1
4206,4212885000,42,0,0
4207,4213885000,46,0,0
4208,4214885000,42,0,0
4209,4215885000,-42,1,1
4210,4216885000,-40,1,1
4211,4217885000,38,0,0
4212,4218885000,-38,1,1
4213,4219885000,40,0,0
4214,4220885000,46,0,0
4215,4221885000,40,0,0
4216,4222885000,-40,1,1
4217,4223885000,40,0,0
4218,4224885000,42,0,0
4219,4225885000,-42,1,1
4220,4226885000,-42,1,1
4221,4227885000,42,0,0
4222,4228885000,46,0,0
4223,4229885000,48,0,0
4224,4230885000,46,0,0
4225,4231885000,40,0,0
4226,4232885000,-40,1,1
4227,4233885000,40,0,0
4228,4234885000,46,0,0
4229,4235885000,48,0,0
4230,4236885000,48,0,0
4231,4237885000,46,0,0
4232,4238885000,42,0,0
4233,4239885000,-42,1,1
4234,4240885000,-46,1,1
4235,4241885000,-40,1,1
4236,4242885000,38,0,0
4237,4243885000,-38,1,1
4238,4244885000,40,0,0
4239,4245885000,42,0,0
4240,4246885000,-42,1,1
4241,4247885000,-46,1,1
4242,4248885000,-46,1,1
4243,4249885000,-40,1,1
4244,4250885000,38,0,0
4245,4251885000,-38,1,1
4246,4252885000,40,0,0
4247,4253885000,42,0,0
4248,4254885000,-42,1,1
4249,4255885000,-40,1,1
4250,4256885000,40,0,0
4251,4257885000,-40,1,1
4252,4258885000,-40,1,1
4253,4259885000,40,0,0
4254,4260885000,-40,1,1
4255,4261885000,-46,1,1
4256,4262885000,-40,1,1
4257,4263885000,38,0,0
4258,4264885000,-38,1,1
4259,4265885000,38,0,0
4260,4266885000,-40,1,1
4261,4267885000,-46,1,1
4262,4268885000,-46,1,1
4263,4269885000,-42,1,1
4264,4270885000,42,0,0
4265,4271885000,40,0,0
4266,4272885000,-40,1,1
4267,4273885000,40,0,0
4268,4274885000,40,0,0
4269,4275885000,-40,1,1
4270,4276885000,40,0,0
4271,4277885000,46,0,0
4272,4278885000,46,0,0
4273,4279885000,42,0,0
4274,4280885000,-42,1,1
4275,4281885000,-42,1,1
4276,4282885000,42,0,0
4277,4283885000,42,0,0
4278,4284885000,-42,1,1
4279,4285885000,-46,1,1
4280,4286885000,-46,1,1
4281,4287885000,-42,1,1
4282,4288885000,42,0,0
4283,4289885000,42,0,0
4284,4290885000,-42,1,1
4285,4291885000,-46,1,1
4286,4292885000,-42,1,1
4287,4293885000,42,0,0
4288,4294885000,46,0,0
4289,4295885000,42,0,0
4290,4296885000,-42,1,1
4291,4297885000,-42,1,1
4292,4298885000,42,0,0
4293,4299885000,46,0,0
4294,4300885000,40,0,0
4295,4301885000,-40,1,1
4296,4302885000,40,0,0
4297,4303885000,40,0,0
4298,4304885000,-38,1,1
4299,4305885000,38,0,0
4300,4306885000,-38,1,1
4301,4307885000,38,0,0
4302,4308885000,-40,1,1
4303,4309885000,-46,1,1
4304,4310885000,-40,1,1
4305,4311885000,38,0,0
4306,4312885000,-38,1,1
4307,4313885000,40,0,0
4308,4314885000,42,0,0
4309,4315885000,-42,1,1
4310,4316885000,-46,1,1
4311,4317885000,-48,1,1
4312,4318885000,-48,1,1
4313,4319885000,-48,1,1
4314,4320885000,-48,1,1
4315,4321885000,-46,1,1
4316,4322885000,-40,1,1
4317,4323885000,40,0,0
4318,4324885000,-40,1,1
4319,4325885000,-40,1,1
4320,4326885000,38,0,0
4321,4327885000,-38,1,1
4322,4328885000,40,0,0
4323,4329885000,46,0,0
4324,4330885000,40,0,0
4325,4331885000,-40,1,1
4326,4332885000,40,0,0
4327,4333885000,40,0,0
4328,4334885000,-38,1,1
4329,4335885000,38,0,0
4330,4336885000,-40,1,1
4331,4337885000,-46,1,1
4332,4338885000,-48,1,1
4333,4339885000,-48,1,1
4334,4340885000,-48,1,1
4335,4341885000,-46,1,1
4336,4342885000,-40,1,1
4337,4343885000,40,0,0
4338,4344885000,-40,1,1
4339,4345885000,-46,1,1
4340,4346885000,-42,1,1
4341,4347885000,42,0,0
4342,4348885000,46,0,0
4343,4349885000,48,0,0
4344,4350885000,48,0,0
4345,4351885000,48,0,0
4346,4352885000,46,0,0
4347,4353885000,40,0,0
4348,4354885000,-40,1,1
4349,4355885000,40,0,0
4350,4356885000,40,0,0
4351,4357885000,-38,1,1
4352,4358885000,38,0,0
4353,4359885000,-40,1,1
4354,4360885000,-40,1,1
4355,4361885000,40,0,0
4356,4362885000,-40,1,1
4357,4363885000,-46,1,1
4358,4364885000,-40,1,1
4359,4365885000,40,0,0
4360,4366885000,-40,1,1
4361,4367885000,-46,1,1
4362,4368885000,-46,1,1
4363,4369885000,-40,1,1
4364,4370885000,40,0,0
4365,4371885000,-40,1,1
4366,4372885000,-46,1,1
4367,4373885000,-40,1,1
4368,4374885000,38,0,0
4369,4375885000,-38,1,1
4370,4376885000,40,0,0
4371,4377885000,40,0,0
4372,4378885000,-38,1,1
4373,4379885000,38,0,0
4374,4380885000,-40,1,1
4375,4381885000,-40,1,1
4376,4382885000,40,0,0
4377,4383885000,-40,1,1
4378,4384885000,-46,1,1
4379,4385885000,-42,1,1
4380,4386885000,42,0,0
4381,4387885000,40,0,0
4382,4388885000,-40,1,1
4383,4389885000,40,0,0
4384,4390885000,42,0,0
4385,4391885000,-42,1,1
4386,4392885000,-46,1,1
4387,4393885000,-46,1,1
4388,4394885000,-40,1,1
4389,4395885000,40,0,0
4390,4396885000,-40,1,1
4391,4397885000,-46,1,1
4392,4398885000,-40,1,1
4393,4399885000,38,0,0
4394,4400885000,-38,1,1
4395,4401885000,38,0,0
4396,4402885000,-40,1,1
4397,4403885000,-46,1,1
4398,4404885000,-46,1,1
4399,4405885000,-42,1,1
4400,4406885000,42,0,0
4401,4407885000,42,0,0
4402,4408885000,-42,1,1
4403,4409885000,-42,1,1
4404,4410885000,42,0,0
4405,4411885000,46,0,0
4406,4412885000,48,0,0
4407,4413885000,46,0,0
4408,4414885000,40,0,0
4409,4415885000,-38,1,1
4410,4416885000,38,0,0
4411,4417885000,-38,1,1
4412,4418885000,38,0,0
4413,4419885000,-40,1,1
4414,4420885000,-46,1,1
4415,4421885000,-40,1,1
4416,4422885000,38,0,0
4417,4423885000,-38,1,1
4418,4424885000,40,0,0
4419,4425885000,46,0,0
4420,4426885000,42,0,0
4421,4427885000,-42,1,1
4422,4428885000,-46,1,1
4423,4429885000,-42,1,1
4424,4430885000,42,0,0
4425,4431885000,46,0,0
4426,4432885000,46,0,0
4427,4433885000,40,0,0
4428,4434885000,-40,1,1
4429,4435885000,40,0,0
4430,4436885000,42,0,0
4431,4437885000,-42,1,1
4432,4438885000,-46,1,1
4433,4439885000,-42,1,1
4434,4440885000,42,0,0
4435,4441885000,46,0,0
4436,4442885000,42,0,0
4437,4443885000,-42,1,1
4438,4444885000,-40,1,1
4439,4445885000,40,0,0
4440,4446885000,-40,1,1
4441,4447885000,-46,1,1
4442,4448885000,-46,1,1
4443,4449885000,-40,1,1
4444,4450885000,40,0,0
4445,4451885000,-40,1,1
4446,4452885000,-46,1,1
4447,4453885000,-48,1,1
4448,4454885000,-46,1,1
4449,4455885000,-40,1,1
4450,4456885000,38,0,0
4451,4457885000,-38,1,1
4452,4458885000,38,0,0
4453,4459885000,-40,1,1
4454,4460885000,-42,1,1
4455,4461885000,42,0,0
4456,4462885000,46,0,0
4457,4463885000,42,0,0
4458,4464885000,-42,1,1
4459,4465885000,-46,1,1
4460,4466885000,-40,1,1
4461,4467885000,40,0,0
4462,4468885000,-40,1,1
4463,4469885000,-46,1,1
4464,4470885000,-46,1,1
4465,4471885000,-42,1,1
4466,4472885000,42,0,0
4467,4473885000,42,0,0
4468,4474885000,-42,1,1
4469,4475885000,-46,1,1
4470,4476885000,-40,1,1
4471,4477885000,38,0,0
4472,4478885000,-38,1,1
4473,4479885000,38,0,0
4474,4480885000,-38,1,1
4475,4481885000,40,0,0
4476,4482885000,46,0,0
4477,4483885000,48,0,0
4478,4484885000,46,0,0
4479,4485885000,42,0,0
4480,4486885000,-42,1,1
4481,4487885000,-40,1,1
4482,4488885000,38,0,0
4483,4489885000,-38,1,1
4484,4490885000,40,0,0
4485,4491885000,46,0,0
4486,4492885000,48,0,0
4487,4493885000,46,0,0
4488,4494885000,42,0,0
4489,4495885000,-42,1,1
4490,4496885000,-42,1,1
4491,4497885000,42,0,0
4492,4498885000,40,0,0
4493,4499885000,-38,1,1
4494,4500885000,38,0,0
4495,4501885000,-38,1,1
4496,4502885000,38,0,0
4497,4503885000,-38,1,1
4498,4504885000,38,0,0
4499,4505885000,-40,1,1
4500,4506885000,-42,1,1
4501,4507885000,42,0,0
4502,4508885000,40,0,0
4503,4509885000,-40,1,1
4504,4510885000,40,0,0
4505,4511885000,46,0,0
4506,4512885000,42,0,0
4507,4513885000,-42,1,1
4508,4514885000,-42,1,1
4509,4515885000,42,0,0
4510,4516885000,46,0,0
4511,4517885000,40,0,0
4512,4518885000,-40,1,1
4513,4519885000,40,0,0
4514,4520885000,46,0,0
4515,4521885000,42,0,0
4516,4522885000,-42,1,1
4517,4523885000,-46,1,1
4518,4524885000,-42,1,1
4519,4525885000,42,0,0
4520,4526885000,40,0,0
4521,4527885000,-38,1,1
4522,4528885000,38,0,0
4523,4529885000,-40,1,1
4524,4530885000,-40,1,1
4525,4531885000,40,0,0
4526,4532885000,-40,1,1
4527,4533885000,-46,1,1
4528,4534885000,-42,1,1
4529,4535885000,42,0,0
4530,4536885000,42,0,0
4531,4537885000,-42,1,1
4532,4538885000,-40,1,1
4533,4539885000,38,0,0
4534,4540885000,-38,1,1
4535,4541885000,40,0,0
4536,4542885000,46,0,0
4537,4543885000,48,0,0
4538,4544885000,48,0,0
4539,4545885000,46,0,0
4540,4546885000,42,0,0
4541,4547885000,-42,1,1
4542,4548885000,-46,1,1
4543,4549885000,-46,1,1
4544,4550885000,-42,1,1
4545,4551885000,42,0,0
4546,4552885000,46,0,0
4547,4553885000,40,0,0
4548,4554885000,-40,1,1
4549,4555885000,40,0,0
4550,4556885000,46,0,0
4551,4557885000,42,0,0
4552,4558885000,-42,1,1
4553,4559885000,-46,1,1
4554,4560885000,-40,1,1
4555,4561885000,40,0,0
4556,4562885000,-40,1,1
4557,4563885000,-40,1,1
4558,4564885000,38,0,0
4559,4565885000,-38,1,1
4560,4566885000,38,0,0
4561,4567885000,-40,1,1
4562,4568885000,-46,1,1
4563,4569885000,-46,1,1
4564,4570885000,-40,1,1
4565,4571885000,38,0,0
4566,4572885000,-38,1,1
4567,4573885000,38,0,0
4568,4574885000,-40,1,1
4569,4575885000,-46,1,1
4570,4576885000,-40,1,1
4571,4577885000,40,0,0
4572,4578885000,-40,1,1
4573,4579885000,-42,1,1
4574,4580885000,42,0,0
4575,4581885000,42,0,0
4576,4582885000,-42,1,1
4577,4583885000,-46,1,1
4578,4584885000,-46,1,1
4579,4585885000,-40,1,1
4580,4586885000,38,0,0
4581,4587885000,-38,1,1
4582,4588885000,40,0,0
4583,4589885000,40,0,0
4584,4590885000,-38,1,1
4585,4591885000,38,0,0
4586,4592885000,-40,1,1
4587,4593885000,-46,1,1
4588,4594885000,-40,1,1
4589,4595885000,40,0,0
4590,4596885000,-40,1,1
4591,4597885000,-42,1,1
4592,4598885000,42,0,0
4593,4599885000,46,0,0
4594,4600885000,42,0,0
4595,4601885000,-42,1,1
4596,4602885000,-40,1,1
4597,4603885000,38,0,0
4598,4604885000,-38,1,1
4599,4605885000,38,0,0
4600,4606885000,-40,1,1
4601,4607885000,-40,1,1
4602,4608885000,40,0,0
4603,4609885000,-40,1,1
4604,4610885000,-42,1,1
4605,4611885000,42,0,0
4606,4612885000,46,0,0
4607,4613885000,40,0,0
4608,4614885000,-40,1,1
4609,4615885000,40,0,0
4610,4616885000,46,0,0
4611,4617885000,40,0,0
4612,4618885000,-38,1,1
4613,4619885000,38,0,0
4614,4620885000,-38,1,1
4615,4621885000,38,0,0
4616,4622885000,-38,1,1
4617,4623885000,38,0,0
4618,4624885000,-40,1,1
4619,4625885000,-46,1,1
4620,4626885000,-48,1,1
4621,4627885000,-46,1,1
4622,4628885000,-42,1,1
4623,4629885000,42,0,0
4624,4630885000,42,0,0
4625,4631885000,-42,1,1
4626,4632885000,-46,1,1
4627,4633885000,-48,1,1
4628,4634885000,-48,1,1
4629,4635885000,-48,1,1
4630,4636885000,-48,1,1
4631,4637885000,-46,1,1
4632,4638885000,-40,1,1
4633,4639885000,38,0,0
4634,4640885000,-38,1,1
4635,4641885000,38,0,0
4636,4642885000,-38,1,1
4637,4643885000,38,0,0
4638,4644885000,-40,1,1
4639,4645885000,-46,1,1
4640,4646885000,-48,1,1
4641,4647885000,-46,1,1
4642,4648885000,-42,1,1
4643,4649885000,42,0,0
4644,4650885000,46,0,0
4645,4651885000,40,0,0
4646,4652885000,-40,1,1
4647,4653885000,40,0,0
4648,4654885000,40,0,0
4649,4655885000,-40,1,1
4650,4656885000,40,0,0
4651,4657885000,40,0,0
4652,4658885000,-38,1,1
4653,4659885000,38,0,0
4654,4660885000,-40,1,1
4655,4661885000,-42,1,1
4656,4662885000,42,0,0
4657,4663885000,46,0,0
4658,4664885000,48,0,0
4659,4665885000,46,0,0
4660,4666885000,42,0,0
4661,4667885000,-42,1,1
4662,4668885000,-42,1,1
4663,4669885000,42,0,0
4664,4670885000,46,0,0
4665,4671885000,46,0,0
4666,4672885000,42,0,0
4667,4673885000,-42,1,1
4668,4674885000,-46,1,1
4669,4675885000,-46,1,1
4670,4676885000,-40,1,1
4671,4677885000,40,0,0
4672,4678885000,-40,1,1
4673,4679885000,-46,1,1
4674,4680885000,-40,1,1
4675,4681885000,38,0,0
4676,4682885000,-38,1,1
4677,4683885000,38,0,0
4678,4684885000,-40,1,1
4679,4685885000,-46,1,1
4680,4686885000,-46,1,1
4681,4687885000,-40,1,1
4682,4688885000,38,0,0
4683,4689885000,-38,1,1
4684,4690885000,38,0,0
4685,4691885000,-38,1,1
4686,4692885000,38,0,0
4687,4693885000,-40,1,1
4688,4694885000,-46,1,1
4689,4695885000,-46,1,1
4690,4696885000,-42,1,1
4691,4697885000,42,0,0
4692,4698885000,42,0,0
4693,4699885000,-42,1,1
4694,4700885000,-46,1,1
4695,4701885000,-48,1,1
4696,4702885000,-46,1,1
4697,4703885000,-40,1,1
4698,4704885000,38,0,0
4699,4705885000,-38,1,1
4700,4706885000,40,0,0
4701,4707885000,42,0,0
4702,4708885000,-42,1,1
4703,4709885000,-40,1,1
4704,4710885000,38,0,0
4705,4711885000,-38,1,1
4706,4712885000,38,0,0
4707,4713885000,-38,1,1
4708,4714885000,38,0,0
4709,4715885000,-38,1,1
4710,4716885000,40,0,0
4711,4717885000,46,0,0
4712,4718885000,48,0,0
4713,4719885000,46,0,0
4714,4720885000,42,0,0
4715,4721885000,-42,1,1
4716,4722885000,-46,1,1
4717,4723885000,-48,1,1
4718,4724885000,-46,1,1
4719,4725885000,-42,1,1
4720,4726885000,42,0,0
4721,4727885000,46,0,0
4722,4728885000,42,0,0
4723,4729885000,-42,1,1
4724,4730885000,-42,1,1
4725,4731885000,42,0,0
4726,4732885000,46,0,0
4727,4733885000,46,0,0
4728,4734885000,40,0,0
4729,4735885000,-40,1,1
4730,4736885000,40,0,0
4731,4737885000,46,0,0
4732,4738885000,46,0,0
4733,4739885000,42,0,0
4734,4740885000,-42,1,1
4735,4741885000,-40,1,1
4736,4742885000,38,0,0
4737,4743885000,-38,1,1
4738,4744885000,38,0,0
4739,4745885000,-38,1,1
4740,4746885000,40,0,0
4741,4747885000,42,0,0
4742,4748885000,-42,1,1
4743,4749885000,-46,1,1
4744,4750885000,-48,1,1
4745,4751885000,-48,1,1
4746,4752885000,-46,1,1
4747,4753885000,-40,1,1
4748,4754885000,38,0,0
4749,4755885000,-38,1,1
4750,4756885000,40,0,0
4751,4757885000,40,0,0
4752,4758885000,-38,1,1
4753,4759885000,38,0,0
4754,4760885000,-38,1,1
4755,4761885000,40,0,0
4756,4762885000,42,0,0
4757,4763885000,-42,1,1
4758,4764885000,-40,1,1
4759,4765885000,38,0,0
4760,4766885000,-38,1,1
4761,4767885000,38,0,0
4762,4768885000,-38,1,1
4763,4769885000,40,0,0
4764,4770885000,40,0,0
4765,4771885000,-40,1,1
4766,4772885000,40,0,0
4767,4773885000,42,0,0
4768,4774885000,-42,1,1
4769,4775885000,-46,1,1
4770,4776885000,-40,1,1
4771,4777885000,38,0,0
4772,4778885000,-38,1,1
4773,4779885000,38,0,0
4774,4780885000,-40,1,1
4775,4781885000,-46,1,1
4776,4782885000,-40,1,1
4777,4783885000,38,0,0
4778,4784885000,-38,1,1
4779,4785885000,40,0,0
4780,4786885000,46,0,0
4781,4787885000,40,0,0
4782,4788885000,-38,1,1
4783,4789885000,38,0,0
4784,4790885000,-38,1,1
4785,4791885000,40,0,0
4786,4792885000,40,0,0
4787,4793885000,-38,1,1
4788,4794885000,38,0,0
4789,4795885000,-38,1,1
4790,4796885000,40,0,0
4791,4797885000,40,0,0
4792,4798885000,-38,1,1
4793,4799885000,38,0,0
4794,4800885000,-40,1,1
4795,4801885000,-46,1,1
4796,4802885000,-40,1,1
4797,4803885000,40,0,0
4798,4804885000,-40,1,1
4799,4805885000,-40,1,1
4800,4806885000,38,0,0
4801,4807885000,-38,1,1
4802,4808885000,38,0,0
4803,4809885000,-38,1,1
4804,4810885000,38,0,0
4805,4811885000,-40,1,1
4806,4812885000,-46,1,1
4807,4813885000,-46,1,1
4808,4814885000,-42,1,1
4809,4815885000,42,0,0
4810,4816885000,46,0,0
4811,4817885000,40,0,0
4812,4818885000,-38,1,1
4813,4819885000,38,0,0
4814,4820885000,-38,1,1
4815,4821885000,38,0,0
4816,4822885000,-40,1,1
4817,4823885000,-46,1,1
4818,4824885000,-40,1,1
4819,4825885000,38,0,0
4820,4826885000,-38,1,1
4821,4827885000,40,0,0
4822,4828885000,40,0,0
4823,4829885000,-40,1,1
4824,4830885000,40,0,0
4825,4831885000,46,0,0
4826,4832885000,48,0,0
4827,4833885000,46,0,0
4828,4834885000,40,0,0
4829,4835885000,-40,1,1
4830,4836885000,40,0,0
4831,4837885000,40,0,0
4832,4838885000,-38,1,1
4833,4839885000,38,0,0
4834,4840885000,-40,1,1
4835,4841885000,-40,1,1
4836,4842885000,38,0,0
4837,4843885000,-38,1,1
4838,4844885000,38,0,0
4839,4845885000,-38,1,1
4840,4846885000,38,0,0
4841,4847885000,-38,1,1
4842,4848885000,40,0,0
4843,4849885000,46,0,0
4844,4850885000,48,0,0
4845,4851885000,48,0,0
4846,4852885000,48,0,0
4847,4853885000,46,0,0
4848,4854885000,40,0,0
4849,4855885000,-40,1,1
4850,4856885000,40,0,0
4851,4857885000,46,0,0
4852,4858885000,48,0,0
4853,4859885000,48,0,0
4854,4860885000,46,0,0
4855,4861885000,40,0,0
4856,4862885000,-38,1,1
4857,4863885000,38,0,0
4858,4864885000,-40,1,1
4859,4865885000,-46,1,1
4860,4866885000,-42,1,1
4861,4867885000,42,0,0
4862,4868885000,42,0,0
4863,4869885000,-42,1,1
4864,4870885000,-46,1,1
4865,4871885000,-40,1,1
4866,4872885000,38,0,0
4867,4873885000,-38,1,1
4868,4874885000,40,0,0
4869,4875885000,42,0,0
4870,4876885000,-42,1,1
4871,4877885000,-42,1,1
4872,4878885000,42,0,0
4873,4879885000,42,0,0
4874,4880885000,-42,1,1
4875,4881885000,-46,1,1
4876,4882885000,-48,1,1
4877,4883885000,-48,1,1
4878,4884885000,-46,1,1
4879,4885885000,-40,1,1
4880,4886885000,40,0,0
4881,4887885000,-40,1,1
4882,4888885000,-46,1,1
4883,4889885000,-48,1,1
4884,4890885000,-48,1,1
4885,4891885000,-48,1,1
4886,4892885000,-48,1,1
4887,4893885000,-48,1,1
4888,4894885000,-46,1,1
4889,4895885000,-42,1,1
4890,4896885000,42,0,0
4891,4897885000,46,0,0
4892,4898885000,40,0,0
4893,4899885000,-40,1,1
4894,4900885000,40,0,0
4895,4901885000,42,0,0
4896,4902885000,-42,1,1
4897,4903885000,-42,1,1
4898,4904885000,42,0,0
4899,4905885000,42,0,0
4900,4906885000,-42,1,1
4901,4907885000,-42,1,1
4902,4908885000,42,0,0
4903,4909885000,40,0,0
4904,4910885000,-38,1,1
4905,4911885000,38,0,0
4906,4912885000,-38,1,1
4907,4913885000,40,0,0
4908,4914885000,40,0,0
4909,4915885000,-38,1,1
4910,4916885000,38,0,0
4911,4917885000,-38,1,1
4912,4918885000,38,0,0
4913,4919885000,-40,1,1
4914,4920885000,-46,1,1
4915,4921885000,-42,1,1
4916,4922885000,42,0,0
4917,4923885000,46,0,0
4918,4924885000,40,0,0
4919,4925885000,-38,1,1
4920,4926885000,38,0,0
4921,4927885000,-40,1,1
4922,4928885000,-46,1,1
4923,4929885000,-40,1,1
4924,4930885000,40,0,0
4925,4931885000,-40,1,1
4926,4932885000,-46,1,1
4927,4933885000,-40,1,1
4928,4934885000,40,0,0
4929,4935885000,-40,1,1
4930,4936885000,-42,1,1
4931,4937885000,42,0,0
4932,4938885000,46,0,0
4933,4939885000,48,0,0
4934,4940885000,46,0,0
4935,4941885000,42,0,0
4936,4942885000,-42,1,1
4937,4943885000,-42,1,1
4938,4944885000,42,0,0
4939,4945885000,46,0,0
4940,4946885000,40,0,0
4941,4947885000,-40,1,1
4942,4948885000,40,0,0
4943,4949885000,46,0,0
4944,4950885000,46,0,0
4945,4951885000,42,0,0
4946,4952885000,-42,1,1
4947,4953885000,-46,1,1
4948,4954885000,-40,1,1
4949,4955885000,40,0,0
4950,4956885000,-40,1,1
4951,4957885000,-42,1,1
4952,4958885000,42,0,0
4953,4959885000,46,0,0
4954,4960885000,46,0,0
4955,4961885000,40,0,0
4956,4962885000,-40,1,1
4957,4963885000,40,0,0
4958,4964885000,42,0,0
4959,4965885000,-42,1,1
4960,4966885000,-46,1,1
4961,4967885000,-42,1,1
4962,4968885000,42,0,0
4963,4969885000,40,0,0
4964,4970885000,-40,1,1
4965,4971885000,40,0,0
4966,4972885000,46,0,0
4967,4973885000,48,0,0
4968,4974885000,46,0,0
4969,4975885000,42,0,0
4970,4976885000,-42,1,1
4971,4977885000,-46,1,1
4972,4978885000,-48,1,1
4973,4979885000,-46,1,1
4974,4980885000,-42,1,1
4975,4981885000,42,0,0
4976,4982885000,46,0,0
4977,4983885000,46,0,0
4978,4984885000,40,0,0
4979,4985885000,-40,1,1
4980,4986885000,40,0,0
4981,4987885000,42,0,0
4982,4988885000,-42,1,1
4983,4989885000,-42,1,1
4984,4990885000,42,0,0
4985,4991885000,40,0,0
4986,4992885000,-40,1,1
4987,4993885000,40,0,0
4988,4994885000,46,0,0
4989,4995885000,42,0,0
4990,4996885000,-42,1,1
4991,4997885000,-46,1,1
4992,4998885000,-48,1,1
4993,4999885000,-46,1,1
4994,5000885000,-42,1,1
4995,5001885000,42,0,0
4996,5002885000,46,0,0
4997,5003885000,40,0,0
4998,5004885000,-38,1,1
4999,5005885000,38,0,0
5000,5006885000,-40,1,1
5001,5007885000,-40,1,1
5002,5008885000,40,0,0
5003,5009885000,-40,1,1
5004,5010885000,-40,1,1
5005,5011885000,38,0,0
5006,5012885000,-38,1,1
5007,5013885000,38,0,0
5008,5014885000,-40,1,1
5009,5015885000,-46,1,1
5010,5016885000,-40,1,1
5011,5017885000,38,0,0
5012,5018885000,-38,1,1
5013,5019885000,38,0,0
5014,5020885000,-40,1,1
5015,5021885000,-46,1,1
5016,5022885000,-46,1,1
5017,5023885000,-42,1,1
5018,5024885000,42,0,0
5019,5025885000,46,0,0
5020,5026885000,46,0,0
5021,5027885000,40,0,0
5022,5028885000,-38,1,1
5023,5029885000,38,0,0
5024,5030885000,-38,1,1
5025,5031885000,40,0,0
5026,5032885000,46,0,0
5027,5033885000,46,0,0
5028,5034885000,40,0,0
5029,5035885000,-40,1,1
5030,5036885000,40,0,0
5031,5037885000,40,0,0
5032,5038885000,-38,1,1
5033,5039885000,38,0,0
5034,5040885000,-38,1,1
5035,5041885000,38,0,0
5036,5042885000,-38,1,1
5037,5043885000,38,0,0
5038,5044885000,-40,1,1
5039,5045885000,-46,1,1
5040,5046885000,-40,1,1
5041,5047885000,38,0,0
5042,5048885000,-38,1,1
5043,5049885000,38,0,0
5044,5050885000,-38,1,1
5045,5051885000,38,0,0
5046,5052885000,-38,1,1
5047,5053885000,38,0,0
5048,5054885000,-38,1,1
5049,5055885000,40,0,0
5050,5056885000,46,0,0
5051,5057885000,42,0,0
5052,5058885000,-42,1,1
5053,5059885000,-46,1,1
5054,5060885000,-48,1,1
5055,5061885000,-48,1,1
5056,5062885000,-48,1,1
5057,5063885000,-48,1,1
5058,5064885000,-46,1,1
5059,5065885000,-40,1,1
5060,5066885000,38,0,0
5061,5067885000,-38,1,1
5062,5068885000,38,0,0
5063,5069885000,-38,1,1
5064,5070885000,40,0,0
5065,5071885000,42,0,0
5066,5072885000,-42,1,1
5067,5073885000,-46,1,1
5068,5074885000,-40,1,1
5069,5075885000,40,0,0
5070,5076885000,-40,1,1
5071,5077885000,-42,1,1
5072,5078885000,42,0,0
5073,5079885000,46,0,0
5074,5080885000,46,0,0
5075,5081885000,40,0,0
5076,5082885000,-38,1,1
5077,5083885000,38,0,0
5078,5084885000,-40,1,1
5079,5085885000,-42,1,1
5080,5086885000,42,0,0
5081,5087885000,46,0,0
5082,5088885000,48,0,0
5083,5089885000,46,0,0
5084,5090885000,42,0,0
5085,5091885000,-42,1,1
5086,5092885000,-42,1,1
5087,5093885000,42,0,0
5088,5094885000,46,0,0
5089,5095885000,40,0,0
5090,5096885000,-38,1,1
5091,5097885000,38,0,0
5092,5098885000,-40,1,1
5093,5099885000,-46,1,1
5094,5100885000,-42,1,1
5095,5101885000,42,0,0
5096,5102885000,42,0,0
5097,5103885000,-42,1,1
5098,5104885000,-42,1,1
5099,5105885000,42,0,0
5100,5106885000,46,0,0
5101,5107885000,48,0,0
5102,5108885000,46,0,0
5103,5109885000,42,0,0
5104,5110885000,-42,1,1
5105,5111885000,-42,1,1
5106,5112885000,42,0,0
5107,5113885000,46,0,0
5108,5114885000,42,0,0
5109,5115885000,-42,1,1
5110,5116885000,-42,1,1
5111,5117885000,42,0,0
5112,5118885000,46,0,0
5113,5119885000,40,0,0
5114,5120885000,-40,1,1
5115,5121885000,40,0,0
5116,5122885000,40,0,0
5117,5123885000,-38,1,1
5118,5124885000,38,0,0
5119,5125885000,-40,1,1
5120,5126885000,-46,1,1
5121,5127885000,-42,1,1
5122,5128885000,42,0,0
5123,5129885000,40,0,0
5124,5130885000,-40,1,1
5125,5131885000,40,0,0
5126,5132885000,46,0,0
5127,5133885000,40,0,0
5128,5134885000,-38,1,1
5129,5135885000,38,0,0
5130,5136885000,-38,1,1
5131,5137885000,40,0,0
5132,5138885000,46,0,0
5133,5139885000,46,0,0
5134,5140885000,42,0,0
5135,5141885000,-42,1,1
5136,5142885000,-46,1,1
5137,5143885000,-48,1,1
5138,5144885000,-48,1,1
5139,5145885000,-46,1,1
5140,5146885000,-40,1,1
5141,5147885000,40,0,0
5142,5148885000,-40,1,1
5143,5149885000,-46,1,1
5144,5150885000,-42,1,1
5145,5151885000,42,0,0
5146,5152885000,46,0,0
5147,5153885000,46,0,0
5148,5154885000,42,0,0
5149,5155885000,-42,1,1
5150,5156885000,-46,1,1
5151,5157885000,-42,1,1
5152,5158885000,42,0,0
5153,5159885000,42,0,0
5154,5160885000,-42,1,1
5155,5161885000,-42,1,1
5156,5162885000,42,0,0
5157,5163885000,40,0,0
5158,5164885000,-38,1,1
5159,5165885000,38,0,0
5160,5166885000,-40,1,1
5161,5167885000,-46,1,1
5162,5168885000,-42,1,1
5163,5169885000,42,0,0
5164,5170885000,46,0,0
5165,5171885000,42,0,0
5166,5172885000,-42,1,1
5167,5173885000,-46,1,1
5168,5174885000,-46,1,1
5169,5175885000,-42,1,1
5170,5176885000,42,0,0
5171,5177885000,42,0,0
5172,5178885000,-42,1,1
5173,5179885000,-46,1,1
5174,5180885000,-40,1,1
5175,5181885000,38,0,0
5176,5182885000,-38,1,1
5177,5183885000,38,0,0
5178,5184885000,-40,1,1
5179,5185885000,-40,1,1
5180,5186885000,38,0,0
5181,5187885000,-38,1,1
5182,5188885000,38,0,0
5183,5189885000,-38,1,1
5184,5190885000,40,0,0
5185,5191885000,46,0,0
5186,5192885000,40,0,0
5187,5193885000,-38,1,1
5188,5194885000,38,0,0
5189,5195885000,-40,1,1
5190,5196885000,-42,1,1
5191,5197885000,42,0,0
5192,5198885000,40,0,0
5193,5199885000,-38,1,1
5194,5200885000,38,0,0
5195,5201885000,-38,1,1
5196,5202885000,38,0,0
5197,5203885000,-40,1,1
5198,5204885000,-42,1,1
5199,5205885000,42,0,0
5200,5206885000,46,0,0
5201,5207885000,40,0,0
5202,5208885000,-40,1,1
5203,5209885000,40,0,0
5204,5210885000,42,0,0
5205,5211885000,-42,1,1
5206,5212885000,-46,1,1
5207,5213885000,-48,1,1
5208,5214885000,-48,1,1
5209,5215885000,-48,1,1
5210,5216885000,-46,1,1
5211,5217885000,-40,1,1
5212,5218885000,40,0,0
5213,5219885000,-40,1,1
5214,5220885000,-46,1,1
5215,5221885000,-48,1,1
5216,5222885000,-48,1,1
5217,5223885000,-48,1,1
5218,5224885000,-46,1,1
5219,5225885000,-40,1,1
5220,5226885000,38,0,0
5221,5227885000,-38,1,1
5222,5228885000,38,0,0
5223,5229885000,-38,1,1
5224,5230885000,40,0,0
5225,5231885000,46,0,0
5226,5232885000,48,0,0
5227,5233885000,46,0,0
5228,5234885000,42,0,0
5229,5235885000,-42,1,1
5230,5236885000,-40,1,1
5231,5237885000,40,0,0
5232,5238885000,-40,1,1
5233,5239885000,-46,1,1
5234,5240885000,-48,1,1
5235,5241885000,-48,1,1
5236,5242885000,-48,1,1
5237,5243885000,-48,1,1
5238,5244885000,-48,1,1
5239,5245885000,-46,1,1
5240,5246885000,-42,1,1
5241,5247885000,42,0,0
5242,5248885000,40,0,0
5243,5249885000,-38,1,1
5244,5250885000,38,0,0
5245,5251885000,-38,1,1
5246,5252885000,40,0,0
5247,5253885000,40,0,0
5248,5254885000,-40,1,1
5249,5255885000,40,0,0
5250,5256885000,46,0,0
5251,5257885000,42,0,0
5252,5258885000,-42,1,1
5253,5259885000,-46,1,1
5254,5260885000,-42,1,1
5255,5261885000,42,0,0
5256,5262885000,40,0,0
5257,5263885000,-40,1,1
5258,5264885000,40,0,0
5259,5265885000,46,0,0
5260,5266885000,46,0,0
5261,5267885000,42,0,0
5262,5268885000,-42,1,1
5263,5269885000,-46,1,1
5264,5270885000,-40,1,1
5265,5271885000,40,0,0
5266,5272885000,-40,1,1
5267,5273885000,-42,1,1
5268,5274885000,42,0,0
5269,5275885000,46,0,0
5270,5276885000,48,0,0
5271,5277885000,48,0,0
5272,5278885000,48,0,0
5273,5279885000,48,0,0
5274,5280885000,46,0,0
5275,5281885000,42,0,0
5276,5282885000,-42,1,1
5277,5283885000,-46,1,1
5278,5284885000,-40,1,1
5279,5285885000,40,0,0
5280,5286885000,-40,1,1
5281,5287885000,-46,1,1
5282,5288885000,-48,1,1
5283,5289885000,-46,1,1
5284,5290885000,-42,1,1
5285,5291885000,42,0,0
5286,5292885000,46,0,0
5287,5293885000,40,0,0
5288,5294885000,-38,1,1
5289,5295885000,38,0,0
5290,5296885000,-38,1,1
5291,5297885000,40,0,0
5292,5298885000,46,0,0
5293,5299885000,46,0,0
5294,5300885000,42,0,0
5295,5301885000,-42,1,1
5296,5302885000,-46,1,1
5297,5303885000,-40,1,1
5298,5304885000,40,0,0
5299,5305885000,-40,1,1
5300,5306885000,-42,1,1
5301,5307885000,42,0,0
5302,5308885000,46,0,0
5303,5309885000,46,0,0
5304,5310885000,42,0,0
5305,5311885000,-42,1,1
5306,5312885000,-46,1,1
5307,5313885000,-48,1,1
5308,5314885000,-48,1,1
5309,5315885000,-48,1,1
5310,5316885000,-46,1,1
5311,5317885000,-40,1,1
5312,5318885000,38,0,0
5313,5319885000,-38,1,1
5314,5320885000,38,0,0
5315,5321885000,-38,1,1
5316,5322885000,38,0,0
5317,5323885000,-40,1,1
5318,5324885000,-42,1,1
5319,5325885000,42,0,0
5320,5326885000,42,0,0
5321,5327885000,-42,1,1
5322,5328885000,-46,1,1
5323,5329885000,-48,1,1
5324,5330885000,-48,1,1
5325,5331885000,-46,1,1
5326,5332885000,-40,1,1
5327,5333885000,40,0,0
5328,5334885000,-40,1,1
5329,5335885000,-42,1,1
5330,5336885000,42,0,0
5331,5337885000,46,0,0
5332,5338885000,40,0,0
5333,5339885000,-38,1,1
5334,5340885000,38,0,0
5335,5341885000,-40,1,1
5336,5342885000,-40,1,1
5337,5343885000,40,0,0
5338,5344885000,-40,1,1
5339,5345885000,-42,1,1
5340,5346885000,42,0,0
5341,5347885000,46,0,0
5342,5348885000,46,0,0
5343,5349885000,42,0,0
5344,5350885000,-42,1,1
5345,5351885000,-42,1,1
5346,5352885000,42,0,0
5347,5353885000,42,0,0
5348,5354885000,-42,1,1
5349,5355885000,-42,1,1
5350,5356885000,42,0,0
5351,5357885000,42,0,0
5352,5358885000,-42,1,1
5353,5359885000,-46,1,1
5354,5360885000,-42,1,1
5355,5361885000,42,0,0
5356,5362885000,46,0,0
5357,5363885000,40,0,0
5358,5364885000,-40,1,1
5359,5365885000,40,0,0
5360,5366885000,40,0,0
5361,5367885000,-40,1,1
5362,5368885000,40,0,0
5363,5369885000,46,0,0
5364,5370885000,40,0,0
5365,5371885000,-40,1,1
5366,5372885000,40,0,0
5367,5373885000,42,0,0
5368,5374885000,-42,1,1
5369,5375885000,-46,1,1
5370,5376885000,-46,1,1
5371,5377885000,-40,1,1
5372,5378885000,40,0,0
5373,5379885000,-40,1,1
5374,5380885000,-46,1,1
5375,5381885000,-46,1,1
5376,5382885000,-42,1,1
5377,5383885000,42,0,0
5378,5384885000,42,0,0
5379,5385885000,-42,1,1
5380,5386885000,-42,1,1
5381,5387885000,42,0,0
5382,5388885000,40,0,0
5383,5389885000,-40,1,1
5384,5390885000,40,0,0
5385,5391885000,46,0,0
5386,5392885000,42,0,0
5387,5393885000,-42,1,1
5388,5394885000,-42,1,1
5389,5395885000,42,0,0
5390,5396885000,46,0,0
5391,5397885000,40,0,0
5392,5398885000,-38,1,1
5393,5399885000,38,0,0
5394,5400885000,-40,1,1
5395,5401885000,-42,1,1
5396,5402885000,42,0,0
5397,5403885000,46,0,0
5398,5404885000,42,0,0
5399,5405885000,-42,1,1
5400,5406885000,-46,1,1
5401,5407885000,-46,1,1
5402,5408885000,-40,1,1
5403,5409885000,38,0,0
5404,5410885000,-38,1,1
5405,5411885000,38,0,0
5406,5412885000,-40,1,1
5407,5413885000,-46,1,1
5408,5414885000,-40,1,1
5409,5415885000,38,0,0
5410,5416885000,-38,1,1
5411,5417885000,38,0,0
5412,5418885000,-40,1,1
5413,5419885000,-40,1,1
5414,5420885000,38,0,0
5415,5421885000,-38,1,1
5416,5422885000,38,0,0
5417,5423885000,-40,1,1
5418,5424885000,-46,1,1
5419,5425885000,-42,1,1
5420,5426885000,42,0,0
5421,5427885000,46,0,0
5422,5428885000,48,0,0
5423,5429885000,46,0,0
5424,5430885000,40,0,0
5425,5431885000,-38,1,1
5426,5432885000,38,0,0
5427,5433885000,-38,1,1
5428,5434885000,40,0,0
5429,5435885000,40,0,0
5430,5436885000,-40,1,1
5431,5437885000,40,0,0
5432,5438885000,46,0,0
5433,5439885000,48,0,0
5434,5440885000,46,0,0
5435,5441885000,42,0,0
5436,5442885000,-42,1,1
5437,5443885000,-46,1,1
5438,5444885000,-42,1,1
5439,5445885000,42,0,0
5440,5446885000,46,0,0
5441,5447885000,46,0,0
5442,5448885000,42,0,0
5443,5449885000,-42,1,1
5444,5450885000,-42,1,1
5445,5451885000,42,0,0
5446,5452885000,42,0,0
5447,5453885000,-42,1,1
5448,5454885000,-46,1,1
5449,5455885000,-40,1,1
5450,5456885000,40,0,0
5451,5457885000,-40,1,1
5452,5458885000,-40,1,1
5453,5459885000,38,0,0
5454,5460885000,-38,1,1
5455,5461885000,40,0,0
5456,5462885000,42,0,0
5457,5463885000,-42,1,1
5458,5464885000,-42,1,1
5459,5465885000,42,0,0
5460,5466885000,42,0,0
5461,5467885000,-42,1,1
5462,5468885000,-46,1,1
5463,5469885000,-46,1,1
5464,5470885000,-42,1,1
5465,5471885000,42,0,0
5466,5472885000,42,0,0
5467,5473885000,-42,1,1
5468,5474885000,-42,1,1
5469,5475885000,42,0,0
5470,5476885000,42,0,0
5471,5477885000,-42,1,1
5472,5478885000,-46,1,1
5473,5479885000,-42,1,1
5474,5480885000,42,0,0
5475,5481885000,46,0,0
5476,5482885000,40,0,0
5477,5483885000,-40,1,1
5478,5484885000,40,0,0
5479,5485885000,46,0,0
5480,5486885000,48,0,0
5481,5487885000,48,0,0
5482,5488885000,46,0,0
5483,5489885000,42,0,0
5484,5490885000,-42,1,1
5485,5491885000,-46,1,1
5486,5492885000,-48,1,1
5487,5493885000,-48,1,1
5488,5494885000,-46,1,1
5489,5495885000,-40,1,1
5490,5496885000,40,0,0
5491,5497885000,-40,1,1
5492,5498885000,-46,1,1
5493,5499885000,-42,1,1
5494,5500885000,42,0,0
5495,5501885000,40,0,0
5496,5502885000,-40,1,1
5497,5503885000,40,0,0
5498,5504885000,42,0,0
5499,5505885000,-42,1,1
5500,5506885000,-46,1,1
5501,5507885000,-40,1,1
5502,5508885000,38,0,0
5503,5509885000,-38,1,1
5504,5510885000,38,0,0
5505,5511885000,-40,1,1
5506,5512885000,-46,1,1
5507,5513885000,-40,1,1
5508,5514885000,38,0,0
5509,5515885000,-38,1,1
5510,5516885000,40,0,0
5511,5517885000,46,0,0
5512,5518885000,40,0,0
5513,5519885000,-38,1,1
5514,5520885000,38,0,0
5515,5521885000,-40,1,1
5516,5522885000,-40,1,1
5517,5523885000,40,0,0
5518,5524885000,-40,1,1
5519,5525885000,-46,1,1
5520,5526885000,-40,1,1
5521,5527885000,38,0,0
5522,5528885000,-38,1,1
5523,5529885000,40,0,0
5524,5530885000,46,0,0
5525,5531885000,40,0,0
5526,5532885000,-40,1,1
5527,5533885000,40,0,0
5528,5534885000,40,0,0
5529,5535885000,-38,1,1
5530,5536885000,38,0,0
5531,5537885000,-40,1,1
5532,5538885000,-46,1,1
5533,5539885000,-42,1,1
5534,5540885000,42,0,0
5535,5541885000,46,0,0
5536,5542885000,46,0,0
5537,5543885000,40,0,0
5538,5544885000,-40,1,1
5539,5545885000,40,0,0
5540,5546885000,42,0,0
5541,5547885000,-42,1,1
5542,5548885000,-40,1,1
5543,5549885000,40,0,0
5544,5550885000,-40,1,1
5545,5551885000,-46,1,1
5546,5552885000,-40,1,1
5547,5553885000,38,0,0
5548,5554885000,-38,1,1
5549,5555885000,38,0,0
5550,5556885000,-38,1,1
5551,5557885000,38,0,0
5552,5558885000,-38,1,1
5553,5559885000,40,0,0
5554,5560885000,42,0,0
5555,5561885000,-42,1,1
5556,5562885000,-46,1,1
5557,5563885000,-46,1,1
5558,5564885000,-40,1,1
5559,5565885000,40,0,0
5560,5566885000,-40,1,1
5561,5567885000,-42,1,1
5562,5568885000,42,0,0
5563,5569885000,46,0,0
5564,5570885000,46,0,0
5565,5571885000,40,0,0
5566,5572885000,-40,1,1
5567,5573885000,40,0,0
5568,5574885000,42,0,0
5569,5575885000,-42,1,1
5570,5576885000,-46,1,1
5571,5577885000,-46,1,1
5572,5578885000,-42,1,1
5573,5579885000,42,0,0
5574,5580885000,42,0,0
5575,5581885000,-42,1,1
5576,5582885000,-46,1,1
5577,5583885000,-46,1,1
5578,5584885000,-42,1,1
5579,5585885000,42,0,0
5580,5586885000,46,0,0
5581,5587885000,40,0,0
5582,5588885000,-40,1,1
5583,5589885000,40,0,0
5584,5590885000,46,0,0
5585,5591885000,40,0,0
5586,5592885000,-38,1,1
5587,5593885000,38,0,0
5588,5594885000,-40,1,1
5589,5595885000,-46,1,1
5590,5596885000,-40,1,1
5591,5597885000,40,0,0
5592,5598885000,-40,1,1
5593,5599885000,-46,1,1
5594,5600885000,-46,1,1
5595,5601885000,-40,1,1
5596,5602885000,40,0,0
5597,5603885000,-40,1,1
5598,5604885000,-46,1,1
5599,5605885000,-40,1,1
5600,5606885000,38,0,0
5601,5607885000,-38,1,1
5602,5608885000,38,0,0
5603,5609885000,-40,1,1
5604,5610885000,-42,1,1
5605,5611885000,42,0,0
5606,5612885000,42,0,0
5607,5613885000,-42,1,1
5608,5614885000,-40,1,1
5609,5615885000,38,0,0
5610,5616885000,-38,1,1
5611,5617885000,40,0,0
5612,5618885000,46,0,0
5613,5619885000,40,0,0
5614,5620885000,-38,1,1
5615,5621885000,38,0,0
5616,5622885000,-38,1,1
5617,5623885000,38,0,0
5618,5624885000,-40,1,1
5619,5625885000,-42,1,1
5620,5626885000,42,0,0
5621,5627885000,46,0,0
5622,5628885000,48,0,0
5623,5629885000,48,0,0
5624,5630885000,48,0,0
5625,5631885000,46,0,0
5626,5632885000,42,0,0
5627,5633885000,-42,1,1
5628,5634885000,-46,1,1
5629,5635885000,-42,1,1
5630,5636885000,42,0,0
5631,5637885000,40,0,0
5632,5638885000,-40,1,1
5633,5639885000,40,0,0
5634,5640885000,40,0,0
5635,5641885000,-38,1,1
5636,5642885000,38,0,0
5637,5643885000,-38,1,1
5638,5644885000,40,0,0
5639,5645885000,40,0,0
5640,5646885000,-38,1,1
5641,5647885000,38,0,0
5642,5648885000,-38,1,1
5643,5649885000,40,0,0
5644,5650885000,46,0,0
5645,5651885000,48,0,0
5646,5652885000,48,0,0
5647,5653885000,48,0,0
5648,5654885000,46,0,0
5649,5655885000,40,0,0
5650,5656885000,-38,1,1
5651,5657885000,38,0,0
5652,5658885000,-38,1,1
5653,5659885000,40,0,0
5654,5660885000,40,0,0
5655,5661885000,-38,1,1
5656,5662885000,38,0,0
5657,5663885000,-40,1,1
5658,5664885000,-46,1,1
5659,5665885000,-48,1,1
5660,5666885000,-46,1,1
5661,5667885000,-40,1,1
5662,5668885000,38,0,0
5663,5669885000,-38,1,1
5664,5670885000,40,0,0
5665,5671885000,46,0,0
5666,5672885000,46,0,0
5667,5673885000,42,0,0
5668,5674885000,-42,1,1
5669,5675885000,-46,1,1
5670,5676885000,-40,1,1
5671,5677885000,38,0,0
5672,5678885000,-38,1,1
5673,5679885000,38,0,0
5674,5680885000,-38,1,1
5675,5681885000,38,0,0
5676,5682885000,-40,1,1
5677,5683885000,-40,1,1
5678,5684885000,40,0,0
5679,5685885000,-40,1,1
5680,5686885000,-46,1,1
5681,5687885000,-46,1,1
5682,5688885000,-42,1,1
5683,5689885000,42,0,0
5684,5690885000,46,0,0
5685,5691885000,42,0,0
5686,5692885000,-42,1,1
5687,5693885000,-46,1,1
5688,5694885000,-42,1,1
5689,5695885000,42,0,0
5690,5696885000,42,0,0
5691,5697885000,-42,1,1
5692,5698885000,-46,1,1
5693,5699885000,-42,1,1
5694,5700885000,42,0,0
5695,5701885000,42,0,0
5696,5702885000,-42,1,1
5697,5703885000,-42,1,1
5698,5704885000,42,0,0
5699,5705885000,40,0,0
5700,5706885000,-40,1,1
5701,5707885000,40,0,0
5702,5708885000,46,0,0
5703,5709885000,48,0,0
5704,5710885000,48,0,0
5705,5711885000,46,0,0
5706,5712885000,40,0,0
5707,5713885000,-40,1,1
5708,5714885000,40,0,0
5709,5715885000,46,0,0
5710,5716885000,46,0,0
5711,5717885000,40,0,0
5712,5718885000,-38,1,1
5713,5719885000,38,0,0
5714,5720885000,-38,1,1
5715,5721885000,40,0,0
5716,5722885000,42,0,0
5717,5723885000,-42,1,1
5718,5724885000,-40,1,1
5719,5725885000,40,0,0
5720,5726885000,-40,1,1
5721,5727885000,-40,1,1
5722,5728885000,40,0,0
5723,5729885000,-40,1,1
5724,5730885000,-42,1,1
5725,5731885000,42,0,0
5726,5732885000,46,0,0
5727,5733885000,42,0,0
5728,5734885000,-42,1,1
5729,5735885000,-40,1,1
5730,5736885000,40,0,0
5731,5737885000,-40,1,1
5732,5738885000,-46,1,1
5733,5739885000,-40,1,1
5734,5740885000,40,0,0
5735,5741885000,-40,1,1
5736,5742885000,-42,1,1
5737,5743885000,42,0,0
5738,5744885000,42,0,0
5739,5745885000,-42,1,1
5740,5746885000,-40,1,1
5741,5747885000,40,0,0
5742,5748885000,-40,1,1
5743,5749885000,-46,1,1
5744,5750885000,-46,1,1
5745,5751885000,-40,1,1
5746,5752885000,40,0,0
5747,5753885000,-40,1,1
5748,5754885000,-42,1,1
5749,5755885000,42,0,0
5750,5756885000,40,0,0
5751,5757885000,-40,1,1
5752,5758885000,40,0,0
5753,5759885000,42,0,0
5754,5760885000,-42,1,1
5755,5761885000,-46,1,1
5756,5762885000,-48,1,1
5757,5763885000,-46,1,1
5758,5764885000,-42,1,1
5759,5765885000,42,0,0
5760,5766885000,46,0,0
5761,5767885000,40,0,0
5762,5768885000,-38,1,1
5763,5769885000,38,0,0
5764,5770885000,-40,1,1
5765,5771885000,-46,1,1
5766,5772885000,-46,1,1
5767,5773885000,-40,1,1
5768,5774885000,40,0,0
5769,5775885000,-40,1,1
5770,5776885000,-46,1,1
5771,5777885000,-48,1,1
5772,5778885000,-48,1,1
5773,5779885000,-48,1,1
5774,5780885000,-46,1,1
5775,5781885000,-40,1,1
5776,5782885000,40,0,0
5777,5783885000,-40,1,1
5778,5784885000,-46,1,1
5779,5785885000,-40,1,1
5780,5786885000,38,0,0
5781,5787885000,-38,1,1
5782,5788885000,38,0,0
5783,5789885000,-38,1,1
5784,5790885000,40,0,0
5785,5791885000,42,0,0
5786,5792885000,-42,1,1
5787,5793885000,-42,1,1
5788,5794885000,42,0,0
5789,5795885000,46,0,0
5790,5796885000,40,0,0
5791,5797885000,-40,1,1
5792,5798885000,40,0,0
5793,5799885000,40,0,0
5794,5800885000,-40,1,1
5795,5801885000,40,0,0
5796,5802885000,46,0,0
5797,5803885000,40,0,0
5798,5804885000,-40,1,1
5799,5805885000,40,0,0
5800,5806885000,46,0,0
5801,5807885000,40,0,0
5802,5808885000,-40,1,1
5803,5809885000,40,0,0
5804,5810885000,40,0,0
5805,5811885000,-40,1,1
5806,5812885000,40,0,0
5807,5813885000,46,0,0
5808,5814885000,46,0,0
5809,5815885000,42,0,0
5810,5816885000,-42,1,1
5811,5817885000,-42,1,1
5812,5818885000,42,0,0
5813,5819885000,42,0,0
5814,5820885000,-42,1,1
5815,5821885000,-40,1,1
5816,5822885000,38,0,0
5817,5823885000,-38,1,1
5818,5824885000,38,0,0
5819,5825885000,-40,1,1
5820,5826885000,-46,1,1
5821,5827885000,-42,1,1
5822,5828885000,42,0,0
5823,5829885000,42,0,0
5824,5830885000,-42,1,1
5825,5831885000,-40,1,1
5826,5832885000,38,0,0
5827,5833885000,-38,1,1
5828,5834885000,40,0,0
5829,5835885000,46,0,0
5830,5836885000,48,0,0
5831,5837885000,48,0,0
5832,5838885000,46,0,0
5833,5839885000,42,0,0
5834,5840885000,-42,1,1
5835,5841885000,-46,1,1
5836,5842885000,-42,1,1
5837,5843885000,42,0,0
5838,5844885000,40,0,0
5839,5845885000,-38,1,1
5840,5846885000,38,0,0
5841,5847885000,-38,1,1
5842,5848885000,40,0,0
5843,5849885000,46,0,0
5844,5850885000,46,0,0
5845,5851885000,40,0,0
5846,5852885000,-40,1,1
5847,5853885000,40,0,0
5848,5854885000,40,0,0
5849,5855885000,-38,1,1
5850,5856885000,38,0,0
5851,5857885000,-38,1,1
5852,5858885000,38,0,0
5853,5859885000,-40,1,1
5854,5860885000,-40,1,1
5855,5861885000,40,0,0
5856,5862885000,-40,1,1
5857,5863885000,-40,1,1
5858,5864885000,38,0,0
5859,5865885000,-38,1,1
5860,5866885000,38,0,0
5861,5867885000,-40,1,1
5862,5868885000,-40,1,1
5863,5869885000,38,0,0
5864,5870885000,-38,1,1
5865,5871885000,38,0,0
5866,5872885000,-38,1,1
5867,5873885000,40,0,0
5868,5874885000,46,0,0
5869,5875885000,40,0,0
5870,5876885000,-38,1,1
5871,5877885000,38,0,0
5872,5878885000,-38,1,1
5873,5879885000,38,0,0
5874,5880885000,-38,1,1
5875,5881885000,38,0,0
5876,5882885000,-38,1,1
5877,5883885000,38,0,0
5878,5884885000,-38,1,1
5879,5885885000,40,0,0
5880,5886885000,42,0,0
5881,5887885000,-42,1,1
5882,5888885000,-40,1,1
5883,5889885000,38,0,0
5884,5890885000,-38,1,1
5885,5891885000,40,0,0
5886,5892885000,46,0,0
5887,5893885000,46,0,0
5888,5894885000,42,0,0
5889,5895885000,-42,1,1
5890,5896885000,-40,1,1
5891,5897885000,40,0,0
5892,5898885000,-40,1,1
5893,5899885000,-46,1,1
5894,5900885000,-48,1,1
5895,5901885000,-48,1,1
5896,5902885000,-46,1,1
5897,5903885000,-40,1,1
5898,5904885000,40,0,0
5899,5905885000,-40,1,1
5900,5906885000,-46,1,1
5901,5907885000,-40,1,1
5902,5908885000,38,0,0
5903,5909885000,-38,1,1
5904,5910885000,40,0,0
5905,5911885000,46,0,0
5906,5912885000,40,0,0
5907,5913885000,-38,1,1
5908,5914885000,38,0,0
5909,5915885000,-38,1,1
5910,5916885000,38,0,0
5911,5917885000,-38,1,1
5912,5918885000,40,0,0
5913,5919885000,46,0,0
5914,5920885000,42,0,0
5915,5921885000,-42,1,1
5916,5922885000,-46,1,1
5917,5923885000,-40,1,1
5918,5924885000,38,0,0
5919,5925885000,-38,1,1
5920,5926885000,40,0,0
5921,5927885000,42,0,0
5922,5928885000,-42,1,1
5923,5929885000,-40,1,1
5924,5930885000,40,0,0
5925,5931885000,-40,1,1
5926,5932885000,-46,1,1
5927,5933885000,-46,1,1
5928,5934885000,-42,1,1
5929,5935885000,42,0,0
5930,5936885000,42,0,0
5931,5937885000,-42,1,1
5932,5938885000,-46,1,1
5933,5939885000,-40,1,1
5934,5940885000,40,0,0
5935,5941885000,-40,1,1
5936,5942885000,-46,1,1
5937,5943885000,-40,1,1
5938,5944885000,38,0,0
5939,5945885000,-38,1,1
5940,5946885000,40,0,0
5941,5947885000,42,0,0
5942,5948885000,-42,1,1
5943,5949885000,-40,1,1
5944,5950885000,38,0,0
5945,5951885000,-38,1,1
5946,5952885000,40,0,0
5947,5953885000,46,0,0
5948,5954885000,46,0,0
5949,5955885000,42,0,0
5950,5956885000,-42,1,1
5951,5957885000,-46,1,1
5952,5958885000,-48,1,1
5953,5959885000,-46,1,1
5954,5960885000,-40,1,1
5955,5961885000,38,0,0
5956,5962885000,-38,1,1
5957,5963885000,40,0,0
5958,5964885000,42,0,0
5959,5965885000,-42,1,1
5960,5966885000,-42,1,1
5961,5967885000,42,0,0
5962,5968885000,46,0,0
5963,5969885000,46,0,0
5964,5970885000,42,0,0
5965,5971885000,-42,1,1
5966,5972885000,-40,1,1
5967,5973885000,40,0,0
5968,5974885000,-40,1,1
5969,5975885000,-46,1,1
5970,5976885000,-40,1,1
5971,5977885000,40,0,0
5972,5978885000,-40,1,1
5973,5979885000,-40,1,1
5974,5980885000,40,0,0
5975,5981885000,-40,1,1
5976,5982885000,-46,1,1
5977,5983885000,-46,1,1
5978,5984885000,-42,1,1
5979,5985885000,42,0,0
5980,5986885000,46,0,0
5981,5987885000,48,0,0
5982,5988885000,46,0,0
5983,5989885000,40,0,0
5984,5990885000,-40,1,1
5985,5991885000,40,0,0
5986,5992885000,46,0,0
5987,5993885000,48,0,0
5988,5994885000,46,0,0
5989,5995885000,40,0,0
5990,5996885000,-40,1,1
5991,5997885000,40,0,0
5992,5998885000,40,0,0
5993,5999885000,-40,1,1
5994,6000885000,40,0,0
5995,6001885000,42,0,0
5996,6002885000,-42,1,1
5997,6003885000,-46,1,1
5998,6004885000,-46,1,1
5999,6005885000,-40,1,1
6000,6006885000,38,0,0
6001,6007885000,-38,1,1
6002,6008885000,38,0,0
6003,6009885000,-38,1,1
6004,6010885000,40,0,0
6005,6011885000,46,0,0
6006,6012885000,42,0,0
6007,6013885000,-42,1,1
6008,6014885000,-46,1,1
6009,6015885000,-46,1,1
6010,6016885000,-40,1,1
6011,6017885000,40,0,0
6012,6018885000,-40,1,1
6013,6019885000,-42,1,1
6014,6020885000,42,0,0
6015,6021885000,42,0,0
6016,6022885000,-42,1,1
6017,6023885000,-46,1,1
6018,6024885000,-46,1,1
6019,6025885000,-40,1,1
6020,6026885000,38,0,0
6021,6027885000,-38,1,1
6022,6028885000,38,0,0
6023,6029885000,-40,1,1
6024,6030885000,-46,1,1
6025,6031885000,-42,1,1
6026,6032885000,42,0,0
6027,6033885000,46,0,0
6028,6034885000,48,0,0
6029,6035885000,46,0,0
6030,6036885000,40,0,0
6031,6037885000,-40,1,1
6032,6038885000,40,0,0
6033,6039885000,46,0,0
6034,6040885000,48,0,0
6035,6041885000,46,0,0
6036,6042885000,40,0,0
6037,6043885000,-40,1,1
6038,6044885000,40,0,0
6039,6045885000,46,0,0
6040,6046885000,46,0,0
6041,6047885000,40,0,0
6042,6048885000,-40,1,1
6043,6049885000,40,0,0
6044,6050885000,42,0,0
6045,6051885000,-42,1,1
6046,6052885000,-42,1,1
6047,6053885000,42,0,0
6048,6054885000,46,0,0
6049,6055885000,48,0,0
6050,6056885000,48,0,0
6051,6057885000,46,0,0
6052,6058885000,40,0,0
6053,6059885000,-40,1,1
6054,6060885000,40,0,0
6055,6061885000,42,0,0
6056,6062885000,-42,1,1
6057,6063885000,-46,1,1
6058,6064885000,-46,1,1
6059,6065885000,-42,1,1
6060,6066885000,42,0,0
6061,6067885000,40,0,0
6062,6068885000,-38,1,1
6063,6069885000,38,0,0
6064,6070885000,-40,1,1
6065,6071885000,-46,1,1
6066,6072885000,-40,1,1
6067,6073885000,40,0,0
6068,6074885000,-40,1,1
6069,6075885000,-42,1,1
6070,6076885000,42,0,0
6071,6077885000,40,0,0
6072,6078885000,-38,1,1
6073,6079885000,38,0,0
6074,6080885000,-38,1,1
6075,6081885000,40,0,0
6076,6082885000,40,0,0
6077,6083885000,-40,1,1
6078,6084885000,40,0,0
6079,6085885000,42,0,0
6080,6086885000,-42,1,1
6081,6087885000,-46,1,1
6082,6088885000,-40,1,1
6083,6089885000,40,0,0
6084,6090885000,-40,1,1
6085,6091885000,-46,1,1
6086,6092885000,-46,1,1
6087,6093885000,-42,1,1
6088,6094885000,42,0,0
6089,6095885000,42,0,0
6090,6096885000,-42,1,1
6091,6097885000,-46,1,1
6092,6098885000,-46,1,1
6093,6099885000,-40,1,1
6094,6100885000,40,0,0
6095,6101885000,-40,1,1
6096,6102885000,-40,1,1
6097,6103885000,40,0,0
6098,6104885000,-40,1,1
6099,6105885000,-46,1,1
6100,6106885000,-40,1,1
6101,6107885000,38,0,0
6102,6108885000,-38,1,1
6103,6109885000,38,0,0
6104,6110885000,-38,1,1
6105,6111885000,40,0,0
6106,6112885000,42,0,0
6107,6113885000,-42,1,1
6108,6114885000,-46,1,1
6109,6115885000,-40,1,1
6110,6116885000,38,0,0
6111,6117885000,-38,1,1
6112,6118885000,38,0,0
6113,6119885000,-40,1,1
6114,6120885000,-40,1,1
6115,6121885000,38,0,0
6116,6122885000,-38,1,1
6117,6123885000,38,0,0
6118,6124885000,-40,1,1
6119,6125885000,-42,1,1
6120,6126885000,42,0,0
6121,6127885000,46,0,0
6122,6128885000,46,0,0
6123,6129885000,42,0,0
6124,6130885000,-42,1,1
6125,6131885000,-42,1,1
6126,6132885000,42,0,0
6127,6133885000,46,0,0
6128,6134885000,46,0,0
6129,6135885000,42,0,0
6130,6136885000,-42,1,1
6131,6137885000,-40,1,1
6132,6138885000,40,0,0
6133,6139885000,-40,1,1
6134,6140885000,-46,1,1
6135,6141885000,-42,1,1
6136,6142885000,42,0,0
6137,6143885000,46,0,0
6138,6144885000,46,0,0
6139,6145885000,42,0,0
6140,6146885000,-42,1,1
6141,6147885000,-46,1,1
6142,6148885000,-42,1,1
6143,6149885000,42,0,0
6144,6150885000,46,0,0
6145,6151885000,48,0,0
6146,6152885000,46,0,0
6147,6153885000,42,0,0
6148,6154885000,-42,1,1
6149,6155885000,-42,1,1
6150,6156885000,42,0,0
6151,6157885000,42,0,0
6152,6158885000,-42,1,1
6153,6159885000,-46,1,1
6154,6160885000,-40,1,1
6155,6161885000,38,0,0
6156,6162885000,-38,1,1
6157,6163885000,40,0,0
6158,6164885000,46,0,0
6159,6165885000,48,0,0
6160,6166885000,46,0,0
6161,6167885000,42,0,0
6162,6168885000,-42,1,1
6163,6169885000,-42,1,1
6164,6170885000,42,0,0
6165,6171885000,46,0,0
6166,6172885000,42,0,0
6167,6173885000,-42,1,1
6168,6174885000,-40,1,1
6169,6175885000,38,0,0
6170,6176885000,-38,1,1
6171,6177885000,38,0,0
6172,6178885000,-38,1,1
6173,6179885000,40,0,0
6174,6180885000,46,0,0
6175,6181885000,40,0,0
6176,6182885000,-40,1,1
6177,6183885000,40,0,0
6178,6184885000,40,0,0
6179,6185885000,-40,1,1
6180,6186885000,40,0,0
6181,6187885000,40,0,0
6182,6188885000,-40,1,1
6183,6189885000,40,0,0
6184,6190885000,46,0,0
6185,6191885000,48,0,0
6186,6192885000,48,0,0
6187,6193885000,48,0,0
6188,6194885000,46,0,0
6189,6195885000,40,0,0
6190,6196885000,-38,1,1
6191,6197885000,38,0,0
6192,6198885000,-38,1,1
6193,6199885000,40,0,0
6194,6200885000,46,0,0
6195,6201885000,46,0,0
6196,6202885000,40,0,0
6197,6203885000,-38,1,1
6198,6204885000,38,0,0
6199,6205885000,-38,1,1
6200,6206885000,38,0,0
6201,6207885000,-38,1,1
6202,6208885000,40,0,0
6203,6209885000,46,0,0
6204,6210885000,42,0,0
6205,6211885000,-42,1,1
6206,6212885000,-40,1,1
6207,6213885000,38,0,0
6208,6214885000,-38,1,1
6209,6215885000,38,0,0
6210,6216885000,-40,1,1
6211,6217885000,-46,1,1
6212,6218885000,-48,1,1
6213,6219885000,-46,1,1
6214,6220885000,-40,1,1
6215,6221885000,38,0,0
6216,6222885000,-38,1,1
6217,6223885000,38,0,0
6218,6224885000,-40,1,1
6219,6225885000,-46,1,1
6220,6226885000,-46,1,1
6221,6227885000,-40,1,1
6222,6228885000,40,0,0
6223,6229885000,-40,1,1
6224,6230885000,-46,1,1
6225,6231885000,-40,1,1
6226,6232885000,40,0,0
6227,6233885000,-40,1,1
6228,6234885000,-46,1,1
6229,6235885000,-46,1,1
6230,6236885000,-42,1,1
6231,6237885000,42,0,0
6232,6238885000,46,0,0
6233,6239885000,42,0,0
6234,6240885000,-42,1,1
6235,6241885000,-46,1,1
6236,6242885000,-42,1,1
6237,6243885000,42,0,0
6238,6244885000,46,0,0
6239,6245885000,42,0,0
6240,6246885000,-42,1,1
6241,6247885000,-46,1,1
6242,6248885000,-46,1,1
6243,6249885000,-42,1,1
6244,6250885000,42,0,0
6245,6251885000,46,0,0
6246,6252885000,48,0,0
6247,6253885000,48,0,0
6248,6254885000,46,0,0
6249,6255885000,42,0,0
6250,6256885000,-42,1,1
6251,6257885000,-46,1,1
6252,6258885000,-40,1,1
6253,6259885000,38,0,0
6254,6260885000,-38,1,1
6255,6261885000,40,0,0
6256,6262885000,46,0,0
6257,6263885000,40,0,0
6258,6264885000,-40,1,1
6259,6265885000,40,0,0
6260,6266885000,42,0,0
6261,6267885000,-42,1,1
6262,6268885000,-46,1,1
6263,6269885000,-48,1,1
6264,6270885000,-46,1,1
6265,6271885000,-42,1,1
6266,6272885000,42,0,0
6267,6273885000,46,0,0
6268,6274885000,48,0,0
6269,6275885000,48,0,0
6270,6276885000,48,0,0
6271,6277885000,46,0,0
6272,6278885000,42,0,0
6273,6279885000,-42,1,1
6274,6280885000,-46,1,1
6275,6281885000,-40,1,1
6276,6282885000,38,0,0
6277,6283885000,-38,1,1
6278,6284885000,38,0,0
6279,6285885000,-40,1,1
6280,6286885000,-42,1,1
6281,6287885000,42,0,0
6282,6288885000,46,0,0
6283,6289885000,46,0,0
6284,6290885000,40,0,0
6285,6291885000,-38,1,1
6286,6292885000,38,0,0
6287,6293885000,-40,1,1
6288,6294885000,-42,1,1
6289,6295885000,42,0,0
6290,6296885000,46,0,0
6291,6297885000,42,0,0
6292,6298885000,-42,1,1
6293,6299885000,-40,1,1
6294,6300885000,38,0,0
6295,6301885000,-38,1,1
6296,6302885000,38,0,0
6297,6303885000,-40,1,1
6298,6304885000,-46,1,1
6299,6305885000,-48,1,1
6300,6306885000,-48,1,1
6301,6307885000,-48,1,1
6302,6308885000,-46,1,1
6303,6309885000,-42,1,1
6304,6310885000,42,0,0
6305,6311885000,40,0,0
6306,6312885000,-40,1,1
6307,6313885000,40,0,0
6308,6314885000,40,0,0
6309,6315885000,-40,1,1
6310,6316885000,40,0,0
6311,6317885000,46,0,0
6312,6318885000,40,0,0
6313,6319885000,-38,1,1
6314,6320885000,38,0,0
6315,6321885000,-40,1,1
6316,6322885000,-42,1,1
6317,6323885000,42,0,0
6318,6324885000,46,0,0
6319,6325885000,46,0,0
6320,6326885000,42,0,0
6321,6327885000,-42,1,1
6322,6328885000,-40,1,1
6323,6329885000,40,0,0
6324,6330885000,-40,1,1
6325,6331885000,-46,1,1
6326,6332885000,-42,1,1
6327,6333885000,42,0,0
6328,6334885000,46,0,0
6329,6335885000,40,0,0
6330,6336885000,-40,1,1
6331,6337885000,40,0,0
6332,6338885000,42,0,0
6333,6339885000,-42,1,1
6334,6340885000,-40,1,1
6335,6341885000,38,0,0
6336,6342885000,-38,1,1
6337,6343885000,40,0,0
6338,6344885000,46,0,0
6339,6345885000,40,0,0
6340,6346885000,-38,1,1
6341,6347885000,38,0,0
6342,6348885000,-40,1,1
6343,6349885000,-42,1,1
6344,6350885000,42,0,0
6345,6351885000,46,0,0
6346,6352885000,40,0,0
6347,6353885000,-40,1,1
6348,6354885000,40,0,0
6349,6355885000,46,0,0
6350,6356885000,48,0,0
6351,6357885000,46,0,0
6352,6358885000,40,0,0
6353,6359885000,-38,1,1
6354,6360885000,38,0,0
6355,6361885000,-40,1,1
6356,6362885000,-46,1,1
6357,6363885000,-42,1,1
6358,6364885000,42,0,0
6359,6365885000,46,0,0
6360,6366885000,42,0,0
6361,6367885000,-42,1,1
6362,6368885000,-42,1,1
6363,6369885000,42,0,0
6364,6370885000,40,0,0
6365,6371885000,-40,1,1
6366,6372885000,40,0,0
6367,6373885000,40,0,0
6368,6374885000,-40,1,1
6369,6375885000,40,0,0
6370,6376885000,46,0,0
6371,6377885000,48,0,0
6372,6378885000,48,0,0
6373,6379885000,48,0,0
6374,6380885000,48,0,0
6375,6381885000,48,0,0
6376,6382885000,46,0,0
6377,6383885000,42,0,0
6378,6384885000,-42,1,1
6379,6385885000,-46,1,1
6380,6386885000,-48,1,1
6381,6387885000,-46,1,1
6382,6388885000,-40,1,1
6383,6389885000,38,0,0
6384,6390885000,-38,1,1
6385,6391885000,38,0,0
6386,6392885000,-38,1,1
6387,6393885000,40,0,0
6388,6394885000,40,0,0
6389,6395885000,-38,1,1
6390,6396885000,38,0,0
6391,6397885000,-38,1,1
6392,6398885000,38,0,0
6393,6399885000,-40,1,1
6394,6400885000,-42,1,1
6395,6401885000,42,0,0
6396,6402885000,46,0,0
6397,6403885000,48,0,0
6398,6404885000,46,0,0
6399,6405885000,42,0,0
6400,6406885000,-42,1,1
6401,6407885000,-46,1,1
6402,6408885000,-42,1,1
6403,6409885000,42,0,0
6404,6410885000,46,0,0
6405,6411885000,48,0,0
6406,6412885000,46,0,0
6407,6413885000,40,0,0
6408,6414885000,-38,1,1
6409,6415885000,38,0,0
6410,6416885000,-40,1,1
6411,6417885000,-46,1,1
6412,6418885000,-40,1,1
6413,6419885000,40,0,0
6414,6420885000,-40,1,1
6415,6421885000,-46,1,1
6416,6422885000,-46,1,1
6417,6423885000,-42,1,1
6418,6424885000,42,0,0
6419,6425885000,42,0,0
6420,6426885000,-42,1,1
6421,6427885000,-40,1,1
6422,6428885000,38,0,0
6423,6429885000,-38,1,1
6424,6430885000,40,0,0
6425,6431885000,40,0,0
6426,6432885000,-40,1,1
6427,6433885000,40,0,0
6428,6434885000,40,0,0
6429,6435885000,-38,1,1
6430,6436885000,38,0,0
6431,6437885000,-40,1,1
6432,6438885000,-40,1,1
6433,6439885000,40,0,0
6434,6440885000,-40,1,1
6435,6441885000,-46,1,1
6436,6442885000,-48,1,1
6437,6443885000,-48,1,1
6438,6444885000,-46,1,1
6439,6445885000,-42,1,1
6440,6446885000,42,0,0
6441,6447885000,42,0,0
6442,6448885000,-42,1,1
6443,6449885000,-40,1,1
6444,6450885000,38,0,0
6445,6451885000,-38,1,1
6446,6452885000,40,0,0
6447,6453885000,46,0,0
6448,6454885000,46,0,0
6449,6455885000,40,0,0
6450,6456885000,-40,1,1
6451,6457885000,40,0,0
6452,6458885000,46,0,0
6453,6459885000,42,0,0
6454,6460885000,-42,1,1
6455,6461885000,-46,1,1
6456,6462885000,-46,1,1
6457,6463885000,-42,1,1
6458,6464885000,42,0,0
6459,6465885000,46,0,0
6460,6466885000,40,0,0
6461,6467885000,-38,1,1
6462,6468885000,38,0,0
6463,6469885000,-38,1,1
6464,6470885000,40,0,0
6465,6471885000,42,0,0
6466,6472885000,-42,1,1
6467,6473885000,-40,1,1
6468,6474885000,40,0,0
6469,6475885000,-40,1,1
6470,6476885000,-40,1,1
6471,6477885000,38,0,0
6472,6478885000,-38,1,1
6473,6479885000,38,0,0
6474,6480885000,-38,1,1
6475,6481885000,40,0,0
6476,6482885000,46,0,0
6477,6483885000,40,0,0
6478,6484885000,-40,1,1
6479,6485885000,40,0,0
6480,6486885000,40,0,0
6481,6487885000,-38,1,1
6482,6488885000,38,0,0
6483,6489885000,-38,1,1
6484,6490885000,38,0,0
6485,6491885000,-40,1,1
6486,6492885000,-46,1,1
6487,6493885000,-48,1,1
6488,6494885000,-46,1,1
6489,6495885000,-42,1,1
6490,6496885000,42,0,0
6491,6497885000,42,0,0
6492,6498885000,-42,1,1
6493,6499885000,-46,1,1
6494,6500885000,-42,1,1
6495,6501885000,42,0,0
6496,6502885000,42,0,0
6497,6503885000,-42,1,1
6498,6504885000,-46,1,1
6499,6505885000,-40,1,1
6500,6506885000,40,0,0
6501,6507885000,-40,1,1
6502,6508885000,-40,1,1
6503,6509885000,38,0,0
6504,6510885000,-38,1,1
6505,6511885000,38,0,0
6506,6512885000,-40,1,1
6507,6513885000,-42,1,1
6508,6514885000,42,0,0
6509,6515885000,40,0,0
6510,6516885000,-40,1,1
6511,6517885000,40,0,0
6512,6518885000,42,0,0
6513,6519885000,-42,1,1
6514,6520885000,-40,1,1
6515,6521885000,40,0,0
6516,6522885000,-40,1,1
6517,6523885000,-46,1,1
6518,6524885000,-46,1,1
6519,6525885000,-40,1,1
6520,6526885000,40,0,0
6521,6527885000,-40,1,1
6522,6528885000,-46,1,1
6523,6529885000,-48,1,1
6524,6530885000,-48,1,1
6525,6531885000,-48,1,1
6526,6532885000,-48,1,1
6527,6533885000,-46,1,1
6528,6534885000,-42,1,1
6529,6535885000,42,0,0
6530,6536885000,42,0,0
6531,6537885000,-42,1,1
6532,6538885000,-46,1,1
6533,6539885000,-40,1,1
6534,6540885000,38,0,0
6535,6541885000,-38,1,1
6536,6542885000,38,0,0
6537,6543885000,-40,1,1
6538,6544885000,-46,1,1
6539,6545885000,-46,1,1
6540,6546885000,-42,1,1
6541,6547885000,42,0,0
6542,6548885000,40,0,0
6543,6549885000,-40,1,1
6544,6550885000,40,0,0
6545,6551885000,42,0,0
6546,6552885000,-42,1,1
6547,6553885000,-46,1,1
6548,6554885000,-42,1,1
6549,6555885000,42,0,0
6550,6556885000,42,0,0
6551,6557885000,-42,1,1
6552,6558885000,-40,1,1
6553,6559885000,38,0,0
6554,6560885000,-38,1,1
6555,6561885000,38,0,0
6556,6562885000,-38,1,1
6557,6563885000,40,0,0
6558,6564885000,46,0,0
6559,6565885000,42,0,0
6560,6566885000,-42,1,1
6561,6567885000,-46,1,1
6562,6568885000,-42,1,1
6563,6569885000,42,0,0
6564,6570885000,40,0,0
6565,6571885000,-40,1,1
6566,6572885000,40,0,0
6567,6573885000,40,0,0
6568,6574885000,-40,1,1
6569,6575885000,40,0,0
6570,6576885000,46,0,0
6571,6577885000,42,0,0
6572,6578885000,-42,1,1
6573,6579885000,-46,1,1
6574,6580885000,-40,1,1
6575,6581885000,38,0,0
6576,6582885000,-38,1,1
6577,6583885000,40,0,0
6578,6584885000,42,0,0
6579,6585885000,-42,1,1
6580,6586885000,-46,1,1
6581,6587885000,-46,1,1
6582,6588885000,-40,1,1
6583,6589885000,40,0,0
6584,6590885000,-40,1,1
6585,6591885000,-46,1,1
6586,6592885000,-46,1,1
6587,6593885000,-40,1,1
6588,6594885000,40,0,0
6589,6595885000,-40,1,1
6590,6596885000,-42,1,1
6591,6597885000,42,0,0
6592,6598885000,40,0,0
6593,6599885000,-40,1,1
6594,6600885000,40,0,0
6595,6601885000,46,0,0
6596,6602885000,46,0,0
6597,6603885000,40,0,0
6598,6604885000,-38,1,1
6599,6605885000,38,0,0
6600,6606885000,-40,1,1
6601,6607885000,-40,1,1
6602,6608885000,38,0,0
6603,6609885000,-38,1,1
6604,6610885000,40,0,0
6605,6611885000,40,0,0
6606,6612885000,-40,1,1
6607,6613885000,40,0,0
6608,6614885000,46,0,0
6609,6615885000,46,0,0
6610,6616885000,42,0,0
6611,6617885000,-42,1,1
6612,6618885000,-46,1,1
6613,6619885000,-48,1,1
6614,6620885000,-48,1,1
6615,6621885000,-48,1,1
6616,6622885000,-46,1,1
6617,6623885000,-42,1,1
6618,6624885000,42,0,0
6619,6625885000,46,0,0
6620,6626885000,42,0,0
6621,6627885000,-42,1,1
6622,6628885000,-46,1,1
6623,6629885000,-46,1,1
6624,6630885000,-40,1,1
6625,6631885000,40,0,0
6626,6632885000,-40,1,1
6627,6633885000,-46,1,1
6628,6634885000,-48,1,1
6629,6635885000,-48,1,1
6630,6636885000,-48,1,1
6631,6637885000,-48,1,1
6632,6638885000,-48,1,1
6633,6639885000,-48,1,1
6634,6640885000,-48,1,1
6635,6641885000,-46,1,1
6636,6642885000,-42,1,1
6637,6643885000,42,0,0
6638,6644885000,46,0,0
6639,6645885000,42,0,0
6640,6646885000,-42,1,1
6641,6647885000,-40,1,1
6642,6648885000,38,0,0
6643,6649885000,-38,1,1
6644,6650885000,40,0,0
6645,6651885000,46,0,0
6646,6652885000,42,0,0
6647,6653885000,-42,1,1
6648,6654885000,-42,1,1
6649,6655885000,42,0,0
6650,6656885000,40,0,0
6651,6657885000,-40,1,1
6652,6658885000,40,0,0
6653,6659885000,46,0,0
6654,6660885000,42,0,0
6655,6661885000,-42,1,1
6656,6662885000,-40,1,1
6657,6663885000,40,0,0
6658,6664885000,-40,1,1
6659,6665885000,-46,1,1
6660,6666885000,-46,1,1
6661,6667885000,-40,1,1
6662,6668885000,40,0,0
6663,6669885000,-40,1,1
6664,6670885000,-46,1,1
6665,6671885000,-46,1,1
6666,6672885000,-40,1,1
6667,6673885000,38,0,0
6668,6674885000,-38,1,1
6669,6675885000,40,0,0
6670,6676885000,40,0,0
6671,6677885000,-38,1,1
6672,6678885000,38,0,0
6673,6679885000,-40,1,1
6674,6680885000,-46,1,1
6675,6681885000,-46,1,1
6676,6682885000,-42,1,1
6677,6683885000,42,0,0
6678,6684885000,40,0,0
6679,6685885000,-38,1,1
6680,6686885000,38,0,0
6681,6687885000,-38,1,1
6682,6688885000,38,0,0
6683,6689885000,-40,1,1
6684,6690885000,-40,1,1
6685,6691885000,38,0,0
6686,6692885000,-38,1,1
6687,6693885000,38,0,0
6688,6694885000,-38,1,1
6689,6695885000,38,0,0
6690,6696885000,-40,1,1
6691,6697885000,-46,1,1
6692,6698885000,-40,1,1
6693,6699885000,40,0,0
6694,6700885000,-40,1,1
6695,6701885000,-42,1,1
6696,6702885000,42,0,0
6697,6703885000,46,0,0
6698,6704885000,40,0,0
6699,6705885000,-40,1,1
6700,6706885000,40,0,0
6701,6707885000,42,0,0
6702,6708885000,-42,1,1
6703,6709885000,-42,1,1
6704,6710885000,42,0,0
6705,6711885000,46,0,0
6706,6712885000,48,0,0
6707,6713885000,46,0,0
6708,6714885000,40,0,0
6709,6715885000,-38,1,1
6710,6716885000,38,0,0
6711,6717885000,-40,1,1
6712,6718885000,-40,1,1
6713,6719885000,40,0,0
6714,6720885000,-40,1,1
6715,6721885000,-46,1,1
6716,6722885000,-46,1,1
6717,6723885000,-42,1,1
6718,6724885000,42,0,0
6719,6725885000,46,0,0
6720,6726885000,48,0,0
6721,6727885000,46,0,0
6722,6728885000,40,0,0
6723,6729885000,-40,1,1
6724,6730885000,40,0,0
6725,6731885000,46,0,0
6726,6732885000,42,0,0
6727,6733885000,-42,1,1
6728,6734885000,-42,1,1
6729,6735885000,42,0,0
6730,6736885000,40,0,0
6731,6737885000,-38,1,1
6732,6738885000,38,0,0
6733,6739885000,-38,1,1
6734,6740885000,40,0,0
6735,6741885000,40,0,0
6736,6742885000,-38,1,1
6737,6743885000,38,0,0
6738,6744885000,-38,1,1
6739,6745885000,38,0,0
6740,6746885000,-38,1,1
6741,6747885000,40,0,0
6742,6748885000,46,0,0
6743,6749885000,40,0,0
6744,6750885000,-40,1,1
6745,6751885000,40,0,0
6746,6752885000,46,0,0
6747,6753885000,42,0,0
6748,6754885000,-42,1,1
6749,6755885000,-46,1,1
6750,6756885000,-46,1,1
6751,6757885000,-40,1,1
6752,6758885000,38,0,0
6753,6759885000,-38,1,1
6754,6760885000,38,0,0
6755,6761885000,-40,1,1
6756,6762885000,-40,1,1
6757,6763885000,40,0,0
6758,6764885000,-40,1,1
6759,6765885000,-40,1,1
6760,6766885000,38,0,0
6761,6767885000,-38,1,1
6762,6768885000,40,0,0
6763,6769885000,46,0,0
6764,6770885000,42,0,0
6765,6771885000,-42,1,1
6766,6772885000,-46,1,1
6767,6773885000,-48,1,1
6768,6774885000,-46,1,1
6769,6775885000,-40,1,1
6770,6776885000,38,0,0
6771,6777885000,-38,1,1
6772,6778885000,38,0,0
6773,6779885000,-40,1,1
6774,6780885000,-42,1,1
6775,6781885000,42,0,0
6776,6782885000,42,0,0
6777,6783885000,-42,1,1
6778,6784885000,-46,1,1
6779,6785885000,-40,1,1
6780,6786885000,38,0,0
6781,6787885000,-38,1,1
6782,6788885000,40,0,0
6783,6789885000,46,0,0
6784,6790885000,40,0,0
6785,6791885000,-40,1,1
6786,6792885000,40,0,0
6787,6793885000,42,0,0
6788,6794885000,-42,1,1
6789,6795885000,-40,1,1
6790,6796885000,38,0,0
6791,6797885000,-38,1,1
6792,6798885000,38,0,0
6793,6799885000,-40,1,1
6794,6800885000,-40,1,1
6795,6801885000,40,0,0
6796,6802885000,-40,1,1
6797,6803885000,-42,1,1
6798,6804885000,42,0,0
6799,6805885000,40,0,0
6800,6806885000,-40,1,1
6801,6807885000,40,0,0
6802,6808885000,42,0,0
6803,6809885000,-42,1,1
6804,6810885000,-46,1,1
6805,6811885000,-42,1,1
6806,6812885000,42,0,0
6807,6813885000,46,0,0
6808,6814885000,48,0,0
6809,6815885000,46,0,0
6810,6816885000,42,0,0
6811,6817885000,-42,1,1
6812,6818885000,-42,1,1
6813,6819885000,42,0,0
6814,6820885000,46,0,0
6815,6821885000,48,0,0
6816,6822885000,48,0,0
6817,6823885000,46,0,0
6818,6824885000,40,0,0
6819,6825885000,-40,1,1
6820,6826885000,40,0,0
6821,6827885000,46,0,0
6822,6828885000,46,0,0
6823,6829885000,40,0,0
6824,6830885000,-40,1,1
6825,6831885000,40,0,0
6826,6832885000,46,0,0
6827,6833885000,40,0,0
6828,6834885000,-40,1,1
6829,6835885000,40,0,0
6830,6836885000,42,0,0
6831,6837885000,-42,1,1
6832,6838885000,-40,1,1
6833,6839885000,38,0,0
6834,6840885000,-38,1,1
6835,6841885000,40,0,0
6836,6842885000,42,0,0
6837,6843885000,-42,1,1
6838,6844885000,-42,1,1
6839,6845885000,42,0,0
6840,6846885000,46,0,0
6841,6847885000,46,0,0
6842,6848885000,40,0,0
6843,6849885000,-40,1,1
6844,6850885000,40,0,0
6845,6851885000,46,0,0
6846,6852885000,46,0,0
6847,6853885000,42,0,0
6848,6854885000,-42,1,1
6849,6855885000,-40,1,1
6850,6856885000,40,0,0
6851,6857885000,-40,1,1
6852,6858885000,-42,1,1
6853,6859885000,42,0,0
6854,6860885000,40,0,0
6855,6861885000,-40,1,1
6856,6862885000,40,0,0
6857,6863885000,46,0,0
6858,6864885000,48,0,0
6859,6865885000,48,0,0
6860,6866885000,48,0,0
6861,6867885000,46,0,0
6862,6868885000,42,0,0
6863,6869885000,-42,1,1
6864,6870885000,-46,1,1
6865,6871885000,-46,1,1
6866,6872885000,-42,1,1
6867,6873885000,42,0,0
6868,6874885000,46,0,0
6869,6875885000,48,0,0
6870,6876885000,46,0,0
6871,6877885000,42,0,0
6872,6878885000,-42,1,1
6873,6879885000,-42,1,1
6874,6880885000,42,0,0
6875,6881885000,46,0,0
6876,6882885000,40,0,0
6877,6883885000,-40,1,1
6878,6884885000,40,0,0
6879,6885885000,46,0,0
6880,6886885000,46,0,0
6881,6887885000,40,0,0
6882,6888885000,-40,1,1
6883,6889885000,40,0,0
6884,6890885000,40,0,0
6885,6891885000,-38,1,1
6886,6892885000,38,0,0
6887,6893885000,-38,1,1
6888,6894885000,40,0,0
6889,6895885000,40,0,0
6890,6896885000,-38,1,1
6891,6897885000,38,0,0
6892,6898885000,-38,1,1
6893,6899885000,38,0,0
6894,6900885000,-38,1,1
6895,6901885000,38,0,0
6896,6902885000,-38,1,1
6897,6903885000,38,0,0
6898,6904885000,-40,1,1
6899,6905885000,-46,1,1
6900,6906885000,-46,1,1
6901,6907885000,-42,1,1
6902,6908885000,42,0,0
6903,6909885000,46,0,0
6904,6910885000,40,0,0
6905,6911885000,-38,1,1
6906,6912885000,38,0,0
6907,6913885000,-40,1,1
6908,6914885000,-46,1,1
6909,6915885000,-40,1,1
6910,6916885000,38,0,0
6911,6917885000,-38,1,1
6912,6918885000,38,0,0
6913,6919885000,-38,1,1
6914,6920885000,40,0,0
6915,6921885000,46,0,0
6916,6922885000,48,0,0
6917,6923885000,48,0,0
6918,6924885000,46,0,0
6919,6925885000,40,0,0
6920,6926885000,-38,1,1
6921,6927885000,38,0,0
6922,6928885000,-40,1,1
6923,6929885000,-46,1,1
6924,6930885000,-48,1,1
6925,6931885000,-46,1,1
6926,6932885000,-40,1,1
6927,6933885000,38,0,0
6928,6934885000,-38,1,1
6929,6935885000,38,0,0
6930,6936885000,-40,1,1
6931,6937885000,-46,1,1
6932,6938885000,-40,1,1
6933,6939885000,38,0,0
6934,6940885000,-38,1,1
6935,6941885000,40,0,0
6936,6942885000,42,0,0
6937,6943885000,-42,1,1
6938,6944885000,-46,1,1
6939,6945885000,-46,1,1
6940,6946885000,-40,1,1
6941,6947885000,40,0,0
6942,6948885000,-40,1,1
6943,6949885000,-40,1,1
6944,6950885000,38,0,0
6945,6951885000,-38,1,1
6946,6952885000,38,0,0
6947,6953885000,-38,1,1
6948,6954885000,38,0,0
6949,6955885000,-40,1,1
6950,6956885000,-42,1,1
6951,6957885000,42,0,0
6952,6958885000,42,0,0
6953,6959885000,-42,1,1
6954,6960885000,-42,1,1
6955,6961885000,42,0,0
6956,6962885000,46,0,0
6957,6963885000,42,0,0
6958,6964885000,-42,1,1
6959,6965885000,-40,1,1
6960,6966885000,38,0,0
6961,6967885000,-38,1,1
6962,6968885000,38,0,0
6963,6969885000,-38,1,1
6964,6970885000,38,0,0
6965,6971885000,-40,1,1
6966,6972885000,-46,1,1
6967,6973885000,-40,1,1
6968,6974885000,38,0,0
6969,6975885000,-38,1,1
6970,6976885000,38,0,0
6971,6977885000,-38,1,1
6972,6978885000,38,0,0
6973,6979885000,-38,1,1
6974,6980885000,40,0,0
6975,6981885000,40,0,0
6976,6982885000,-38,1,1
6977,6983885000,38,0,0
6978,6984885000,-40,1,1
6979,6985885000,-42,1,1
6980,6986885000,42,0,0
6981,6987885000,46,0,0
6982,6988885000,48,0,0
6983,6989885000,48,0,0
6984,6990885000,46,0,0
6985,6991885000,40,0,0
6986,6992885000,-38,1,1
6987,6993885000,38,0,0
6988,6994885000,-38,1,1
6989,6995885000,40,0,0
6990,6996885000,42,0,0
6991,6997885000,-42,1,1
6992,6998885000,-40,1,1
6993,6999885000,40,0,0
6994,7000885000,-40,1,1
6995,7001885000,-42,1,1
6996,7002885000,42,0,0
6997,7003885000,46,0,0
6998,7004885000,48,0,0
6999,7005885000,46,0,0
7000,7006885000,40,0,0
7001,7007885000,-40,1,1
7002,7008885000,40,0,0
7003,7009885000,40,0,0
7004,7010885000,-40,1,1
7005,7011885000,40,0,0
7006,7012885000,46,0,0
7007,7013885000,48,0,0
7008,7014885000,46,0,0
7009,7015885000,42,0,0
7010,7016885000,-42,1,1
7011,7017885000,-46,1,1
7012,7018885000,-42,1,1
7013,7019885000,42,0,0
7014,7020885000,42,0,0
7015,7021885000,-42,1,1
7016,7022885000,-46,1,1
7017,7023885000,-40,1,1
7018,7024885000,38,0,0
7019,7025885000,-38,1,1
7020,7026885000,38,0,0
7021,7027885000,-38,1,1
7022,7028885000,38,0,0
7023,7029885000,-40,1,1
7024,7030885000,-40,1,1
7025,7031885000,38,0,0
7026,7032885000,-38,1,1
7027,7033885000,40,0,0
7028,7034885000,46,0,0
7029,7035885000,46,0,0
7030,7036885000,42,0,0
7031,7037885000,-42,1,1
7032,7038885000,-40,1,1
7033,7039885000,40,0,0
7034,7040885000,-40,1,1
7035,7041885000,-46,1,1
7036,7042885000,-48,1,1
7037,7043885000,-46,1,1
7038,7044885000,-42,1,1
7039,7045885000,42,0,0
7040,7046885000,46,0,0
7041,7047885000,48,0,0
7042,7048885000,46,0,0
7043,7049885000,40,0,0
7044,7050885000,-40,1,1
7045,7051885000,40,0,0
7046,7052885000,42,0,0
7047,7053885000,-42,1,1
7048,7054885000,-46,1,1
7049,7055885000,-42,1,1
7050,7056885000,42,0,0
7051,7057885000,40,0,0
7052,7058885000,-40,1,1
7053,7059885000,40,0,0
7054,7060885000,46,0,0
7055,7061885000,42,0,0
7056,7062885000,-42,1,1
7057,7063885000,-46,1,1
7058,7064885000,-42,1,1
7059,7065885000,42,0,0
7060,7066885000,46,0,0
7061,7067885000,46,0,0
7062,7068885000,40,0,0
7063,7069885000,-40,1,1
7064,7070885000,40,0,0
7065,7071885000,40,0,0
7066,7072885000,-38,1,1
7067,7073885000,38,0,0
7068,7074885000,-40,1,1
7069,7075885000,-40,1,1
7070,7076885000,38,0,0
7071,7077885000,-38,1,1
7072,7078885000,38,0,0
7073,7079885000,-40,1,1
7074,7080885000,-46,1,1
7075,7081885000,-46,1,1
7076,7082885000,-40,1,1
7077,7083885000,40,0,0
7078,7084885000,-40,1,1
7079,7085885000,-42,1,1
7080,7086885000,42,0,0
7081,7087885000,46,0,0
7082,7088885000,48,0,0
7083,7089885000,48,0,0
7084,7090885000,46,0,0
7085,7091885000,40,0,0
7086,7092885000,-40,1,1
7087,7093885000,40,0,0
7088,7094885000,46,0,0
7089,7095885000,48,0,0
7090,7096885000,46,0,0
7091,7097885000,40,0,0
7092,7098885000,-40,1,1
7093,7099885000,40,0,0
7094,7100885000,46,0,0
7095,7101885000,40,0,0
7096,7102885000,-38,1,1
7097,7103885000,38,0,0
7098,7104885000,-40,1,1
7099,7105885000,-40,1,1
7100,7106885000,38,0,0
7101,7107885000,-38,1,1
7102,7108885000,40,0,0
7103,7109885000,40,0,0
7104,7110885000,-38,1,1
7105,7111885000,38,0,0
7106,7112885000,-38,1,1
7107,7113885000,38,0,0
7108,7114885000,-38,1,1
7109,7115885000,38,0,0
7110,7116885000,-38,1,1
7111,7117885000,38,0,0
7112,7118885000,-38,1,1
7113,7119885000,38,0,0
7114,7120885000,-38,1,1
7115,7121885000,38,0,0
7116,7122885000,-40,1,1
7117,7123885000,-46,1,1
7118,7124885000,-48,1,1
7119,7125885000,-48,1,1
7120,7126885000,-46,1,1
7121,7127885000,-42,1,1
7122,7128885000,42,0,0
7123,7129885000,46,0,0
7124,7130885000,42,0,0
7125,7131885000,-42,1,1
7126,7132885000,-40,1,1
7127,7133885000,40,0,0
7128,7134885000,-40,1,1
7129,7135885000,-42,1,1
7130,7136885000,42,0,0
7131,7137885000,46,0,0
7132,7138885000,48,0,0
7133,7139885000,48,0,0
7134,7140885000,46,0,0
7135,7141885000,40,0,0
7136,7142885000,-38,1,1
7137,7143885000,38,0,0
7138,7144885000,-40,1,1
7139,7145885000,-46,1,1
7140,7146885000,-40,1,1
7141,7147885000,40,0,0
7142,7148885000,-40,1,1
7143,7149885000,-40,1,1
7144,7150885000,40,0,0
7145,7151885000,-40,1,1
7146,7152885000,-46,1,1
7147,7153885000,-40,1,1
7148,7154885000,38,0,0
7149,7155885000,-38,1,1
7150,7156885000,38,0,0
7151,7157885000,-40,1,1
7152,7158885000,-42,1,1
7153,7159885000,42,0,0
7154,7160885000,42,0,0
7155,7161885000,-42,1,1
7156,7162885000,-46,1,1
7157,7163885000,-48,1,1
7158,7164885000,-46,1,1
7159,7165885000,-40,1,1
7160,7166885000,38,0,0
7161,7167885000,-38,1,1
7162,7168885000,38,0,0
7163,7169885000,-38,1,1
7164,7170885000,40,0,0
7165,7171885000,46,0,0
7166,7172885000,46,0,0
7167,7173885000,42,0,0
7168,7174885000,-42,1,1
7169,7175885000,-42,1,1
7170,7176885000,42,0,0
7171,7177885000,46,0,0
7172,7178885000,40,0,0
7173,7179885000,-40,1,1
7174,7180885000,40,0,0
7175,7181885000,42,0,0
7176,7182885000,-42,1,1
7177,7183885000,-40,1,1
7178,7184885000,38,0,0
7179,7185885000,-38,1,1
7180,7186885000,40,0,0
7181,7187885000,40,0,0
7182,7188885000,-40,1,1
7183,7189885000,40,0,0
7184,7190885000,46,0,0
7185,7191885000,42,0,0
7186,7192885000,-42,1,1
7187,7193885000,-46,1,1
7188,7194885000,-48,1,1
7189,7195885000,-48,1,1
7190,7196885000,-48,1,1
7191,7197885000,-46,1,1
7192,7198885000,-42,1,1
7193,7199885000,42,0,0
7194,7200885000,46,0,0
7195,7201885000,42,0,0
7196,7202885000,-42,1,1
7197,7203885000,-40,1,1
7198,7204885000,38,0,0
7199,7205885000,-38,1,1
7200,7206885000,40,0,0
7201,7207885000,42,0,0
7202,7208885000,-42,1,1
7203,7209885000,-42,1,1
7204,7210885000,42,0,0
7205,7211885000,42,0,0
7206,7212885000,-42,1,1
7207,7213885000,-42,1,1
7208,7214885000,42,0,0
7209,7215885000,40,0,0
7210,7216885000,-38,1,1
7211,7217885000,38,0,0
7212,7218885000,-38,1,1
7213,7219885000,40,0,0
7214,7220885000,46,0,0
7215,7221885000,40,0,0
7216,7222885000,-40,1,1
7217,7223885000,40,0,0
7218,7224885000,46,0,0
7219,7225885000,40,0,0
7220,7226885000,-38,1,1
7221,7227885000,38,0,0
7222,7228885000,-38,1,1
7223,7229885000,38,0,0
7224,7230885000,-40,1,1
7225,7231885000,-46,1,1
7226,7232885000,-48,1,1
7227,7233885000,-48,1,1
7228,7234885000,-46,1,1
7229,7235885000,-40,1,1
7230,7236885000,38,0,0
7231,7237885000,-38,1,1
7232,7238885000,40,0,0
7233,7239885000,46,0,0
7234,7240885000,48,0,0
7235,7241885000,46,0,0
7236,7242885000,42,0,0
7237,7243885000,-42,1,1
7238,7244885000,-42,1,1
7239,7245885000,42,0,0
7240,7246885000,42,0,0
7241,7247885000,-42,1,1
7242,7248885000,-46,1,1
7243,7249885000,-48,1,1
7244,7250885000,-48,1,1
7245,7251885000,-48,1,1
7246,7252885000,-48,1,1
7247,7253885000,-46,1,1
7248,7254885000,-42,1,1
7249,7255885000,42,0,0
7250,7256885000,40,0,0
7251,7257885000,-40,1,1
7252,7258885000,40,0,0
7253,7259885000,46,0,0
7254,7260885000,46,0,0
7255,7261885000,42,0,0
7256,7262885000,-42,1,1
7257,7263885000,-40,1,1
7258,7264885000,38,0,0
7259,7265885000,-38,1,1
7260,7266885000,40,0,0
7261,7267885000,46,0,0
7262,7268885000,46,0,0
7263,7269885000,42,0,0
7264,7270885000,-42,1,1
7265,7271885000,-46,1,1
7266,7272885000,-48,1,1
7267,7273885000,-46,1,1
7268,7274885000,-40,1,1
7269,7275885000,40,0,0
7270,7276885000,-40,1,1
7271,7277885000,-46,1,1
7272,7278885000,-40,1,1
7273,7279885000,40,0,0
7274,7280885000,-40,1,1
7275,7281885000,-40,1,1
7276,7282885000,40,0,0
7277,7283885000,-40,1,1
7278,7284885000,-46,1,1
7279,7285885000,-46,1,1
7280,7286885000,-42,1,1
7281,7287885000,42,0,0
7282,7288885000,42,0,0
7283,7289885000,-42,1,1
7284,7290885000,-46,1,1
7285,7291885000,-46,1,1
7286,7292885000,-42,1,1
7287,7293885000,42,0,0
7288,7294885000,42,0,0
7289,7295885000,-42,1,1
7290,7296885000,-46,1,1
7291,7297885000,-46,1,1
7292,7298885000,-42,1,1
7293,7299885000,42,0,0
7294,7300885000,46,0,0
7295,7301885000,42,0,0
7296,7302885000,-42,1,1
7297,7303885000,-40,1,1
7298,7304885000,40,0,0
7299,7305885000,-40,1,1
7300,7306885000,-40,1,1
7301,7307885000,40,0,0
7302,7308885000,-40,1,1
7303,7309885000,-42,1,1
7304,7310885000,42,0,0
7305,7311885000,46,0,0
7306,7312885000,48,0,0
7307,7313885000,48,0,0
7308,7314885000,46,0,0
7309,7315885000,42,0,0
7310,7316885000,-42,1,1
7311,7317885000,-46,1,1
7312,7318885000,-42,1,1
7313,7319885000,42,0,0
7314,7320885000,46,0,0
7315,7321885000,46,0,0
7316,7322885000,42,0,0
7317,7323885000,-42,1,1
7318,7324885000,-46,1,1
7319,7325885000,-40,1,1
7320,7326885000,40,0,0
7321,7327885000,-40,1,1
7322,7328885000,-46,1,1
7323,7329885000,-46,1,1
7324,7330885000,-40,1,1
7325,7331885000,40,0,0
7326,7332885000,-40,1,1
7327,7333885000,-40,1,1
7328,7334885000,40,0,0
7329,7335885000,-40,1,1
7330,7336885000,-46,1,1
7331,7337885000,-48,1,1
7332,7338885000,-46,1,1
7333,7339885000,-42,1,1
7334,7340885000,42,0,0
7335,7341885000,46,0,0
7336,7342885000,48,0,0
7337,7343885000,48,0,0
7338,7344885000,46,0,0
7339,7345885000,40,0,0
7340,7346885000,-38,1,1
7341,7347885000,38,0,0
7342,7348885000,-40,1,1
7343,7349885000,-40,1,1
7344,7350885000,40,0,0
7345,7351885000,-40,1,1
7346,7352885000,-46,1,1
7347,7353885000,-48,1,1
7348,7354885000,-46,1,1
7349,7355885000,-42,1,1
7350,7356885000,42,0,0
7351,7357885000,46,0,0
7352,7358885000,48,0,0
7353,7359885000,48,0,0
7354,7360885000,48,0,0
7355,7361885000,46,0,0
7356,7362885000,42,0,0
7357,7363885000,-42,1,1
7358,7364885000,-42,1,1
7359,7365885000,42,0,0
7360,7366885000,46,0,0
7361,7367885000,48,0,0
7362,7368885000,48,0,0
7363,7369885000,46,0,0
7364,7370885000,40,0,0
7365,7371885000,-38,1,1
7366,7372885000,38,0,0
7367,7373885000,-38,1,1
7368,7374885000,38,0,0
7369,7375885000,-40,1,1
7370,7376885000,-46,1,1
7371,7377885000,-42,1,1
7372,7378885000,42,0,0
7373,7379885000,46,0,0
7374,7380885000,46,0,0
7375,7381885000,42,0,0
7376,7382885000,-42,1,1
7377,7383885000,-46,1,1
7378,7384885000,-42,1,1
7379,7385885000,42,0,0
7380,7386885000,46,0,0
7381,7387885000,40,0,0
7382,7388885000,-38,1,1
7383,7389885000,38,0,0
7384,7390885000,-40,1,1
7385,7391885000,-46,1,1
7386,7392885000,-40,1,1
7387,7393885000,40,0,0
7388,7394885000,-40,1,1
7389,7395885000,-46,1,1
7390,7396885000,-48,1,1
7391,7397885000,-46,1,1
7392,7398885000,-40,1,1
7393,7399885000,38,0,0
7394,7400885000,-38,1,1
7395,7401885000,38,0,0
7396,7402885000,-40,1,1
7397,7403885000,-46,1,1
7398,7404885000,-42,1,1
7399,7405885000,42,0,0
7400,7406885000,42,0,0
7401,7407885000,-42,1,1
7402,7408885000,-42,1,1
7403,7409885000,42,0,0
7404,7410885000,40,0,0
7405,7411885000,-38,1,1
7406,7412885000,38,0,0
7407,7413885000,-40,1,1
7408,7414885000,-46,1,1
7409,7415885000,-40,1,1
7410,7416885000,40,0,0
7411,7417885000,-40,1,1
7412,7418885000,-46,1,1
7413,7419885000,-42,1,1
7414,7420885000,42,0,0
7415,7421885000,40,0,0
7416,7422885000,-38,1,1
7417,7423885000,38,0,0
7418,7424885000,-40,1,1
7419,7425885000,-40,1,1
7420,7426885000,38,0,0
7421,7427885000,-38,1,1
7422,7428885000,40,0,0
7423,7429885000,42,0,0
7424,7430885000,-42,1,1
7425,7431885000,-46,1,1
7426,7432885000,-40,1,1
7427,7433885000,38,0,0
7428,7434885000,-38,1,1
7429,7435885000,40,0,0
7430,7436885000,46,0,0
7431,7437885000,46,0,0
7432,7438885000,42,0,0
7433,7439885000,-42,1,1
7434,7440885000,-42,1,1
7435,7441885000,42,0,0
7436,7442885000,46,0,0
7437,7443885000,46,0,0
7438,7444885000,42,0,0
7439,7445885000,-42,1,1
7440,7446885000,-46,1,1
7441,7447885000,-48,1,1
7442,7448885000,-46,1,1
7443,7449885000,-42,1,1
7444,7450885000,42,0,0
7445,7451885000,42,0,0
7446,7452885000,-42,1,1
7447,7453885000,-46,1,1
7448,7454885000,-42,1,1
7449,7455885000,42,0,0
7450,7456885000,42,0,0
7451,7457885000,-42,1,1
7452,7458885000,-46,1,1
7453,7459885000,-46,1,1
7454,7460885000,-40,1,1
7455,7461885000,38,0,0
7456,7462885000,-38,1,1
7457,7463885000,38,0,0
7458,7464885000,-38,1,1
7459,7465885000,38,0,0
7460,7466885000,-40,1,1
7461,7467885000,-40,1,1
7462,7468885000,38,0,0
7463,7469885000,-38,1,1
7464,7470885000,40,0,0
7465,7471885000,46,0,0
7466,7472885000,46,0,0
7467,7473885000,42,0,0
7468,7474885000,-42,1,1
7469,7475885000,-46,1,1
7470,7476885000,-48,1,1
7471,7477885000,-48,1,1
7472,7478885000,-46,1,1
7473,7479885000,-42,1,1
7474,7480885000,42,0,0
7475,7481885000,46,0,0
7476,7482885000,46,0,0
7477,7483885000,40,0,0
7478,7484885000,-40,1,1
7479,7485885000,40,0,0
7480,7486885000,40,0,0
7481,7487885000,-40,1,1
7482,7488885000,40,0,0
7483,7489885000,42,0,0
7484,7490885000,-42,1,1
7485,7491885000,-46,1,1
7486,7492885000,-40,1,1
7487,7493885000,38,0,0
7488,7494885000,-38,1,1
7489,7495885000,38,0,0
7490,7496885000,-38,1,1
7491,7497885000,38,0,0
7492,7498885000,-40,1,1
7493,7499885000,-40,1,1
7494,7500885000,40,0,0
7495,7501885000,-40,1,1
7496,7502885000,-46,1,1
7497,7503885000,-42,1,1
7498,7504885000,42,0,0
7499,7505885000,46,0,0
7500,7506885000,46,0,0
7501,7507885000,40,0,0
7502,7508885000,-38,1,1
7503,7509885000,38,0,0
7504,7510885000,-40,1,1
7505,7511885000,-46,1,1
7506,7512885000,-48,1,1
7507,7513885000,-48,1,1
7508,7514885000,-46,1,1
7509,7515885000,-42,1,1
7510,7516885000,42,0,0
7511,7517885000,40,0,0
7512,7518885000,-38,1,1
7513,7519885000,38,0,0
7514,7520885000,-40,1,1
7515,7521885000,-42,1,1
7516,7522885000,42,0,0
7517,7523885000,42,0,0
7518,7524885000,-42,1,1
7519,7525885000,-40,1,1
7520,7526885000,40,0,0
7521,7527885000,-40,1,1
7522,7528885000,-46,1,1
7523,7529885000,-40,1,1
7524,7530885000,40,0,0
7525,7531885000,-40,1,1
7526,7532885000,-46,1,1
7527,7533885000,-46,1,1
7528,7534885000,-42,1,1
7529,7535885000,42,0,0
7530,7536885000,40,0,0
7531,7537885000,-40,1,1
7532,7538885000,40,0,0
7533,7539885000,46,0,0
7534,7540885000,42,0,0
7535,7541885000,-42,1,1
7536,7542885000,-42,1,1
7537,7543885000,42,0,0
7538,7544885000,46,0,0
7539,7545885000,42,0,0
7540,7546885000,-42,1,1
7541,7547885000,-46,1,1
7542,7548885000,-42,1,1
7543,7549885000,42,0,0
7544,7550885000,46,0,0
7545,7551885000,48,0,0
7546,7552885000,46,0,0
7547,7553885000,40,0,0
7548,7554885000,-40,1,1
7549,7555885000,40,0,0
7550,7556885000,42,0,0
7551,7557885000,-42,1,1
7552,7558885000,-42,1,1
7553,7559885000,42,0,0
7554,7560885000,46,0,0
7555,7561885000,40,0,0
7556,7562885000,-40,1,1
7557,7563885000,40,0,0
7558,7564885000,42,0,0
7559,7565885000,-42,1,1
7560,7566885000,-42,1,1
7561,7567885000,42,0,0
7562,7568885000,40,0,0
7563,7569885000,-40,1,1
7564,7570885000,40,0,0
7565,7571885000,46,0,0
7566,7572885000,48,0,0
7567,7573885000,48,0,0
7568,7574885000,46,0,0
7569,7575885000,40,0,0
7570,7576885000,-38,1,1
7571,7577885000,38,0,0
7572,7578885000,-40,1,1
7573,7579885000,-40,1,1
7574,7580885000,38,0,0
7575,7581885000,-38,1,1
7576,7582885000,38,0,0
7577,7583885000,-40,1,1
7578,7584885000,-46,1,1
7579,7585885000,-40,1,1
7580,7586885000,40,0,0
7581,7587885000,-40,1,1
7582,7588885000,-40,1,1
7583,7589885000,40,0,0
7584,7590885000,-40,1,1
7585,7591885000,-46,1,1
7586,7592885000,-46,1,1
7587,7593885000,-40,1,1
7588,7594885000,38,0,0
7589,7595885000,-38,1,1
7590,7596885000,38,0,0
7591,7597885000,-40,1,1
7592,7598885000,-46,1,1
7593,7599885000,-40,1,1
7594,7600885000,40,0,0
7595,7601885000,-40,1,1
7596,7602885000,-46,1,1
7597,7603885000,-48,1,1
7598,7604885000,-46,1,1
7599,7605885000,-42,1,1
7600,7606885000,42,0,0
7601,7607885000,46,0,0
7602,7608885000,42,0,0
7603,7609885000,-42,1,1
7604,7610885000,-42,1,1
7605,7611885000,42,0,0
7606,7612885000,46,0,0
7607,7613885000,40,0,0
7608,7614885000,-38,1,1
7609,7615885000,38,0,0
7610,7616885000,-40,1,1
7611,7617885000,-46,1,1
7612,7618885000,-46,1,1
7613,7619885000,-42,1,1
7614,7620885000,42,0,0
7615,7621885000,46,0,0
7616,7622885000,42,0,0
7617,7623885000,-42,1,1
7618,7624885000,-46,1,1
7619,7625885000,-48,1,1
7620,7626885000,-46,1,1
7621,7627885000,-42,1,1
7622,7628885000,42,0,0
7623,7629885000,40,0,0
7624,7630885000,-38,1,1
7625,7631885000,38,0,0
7626,7632885000,-40,1,1
7627,7633885000,-40,1,1
7628,7634885000,40,0,0
7629,7635885000,-40,1,1
7630,7636885000,-40,1,1
7631,7637885000,40,0,0
7632,7638885000,-40,1,1
7633,7639885000,-46,1,1
7634,7640885000,-42,1,1
7635,7641885000,42,0,0
7636,7642885000,46,0,0
7637,7643885000,42,0,0
7638,7644885000,-42,1,1
7639,7645885000,-42,1,1
7640,7646885000,42,0,0
7641,7647885000,42,0,0
7642,7648885000,-42,1,1
7643,7649885000,-46,1,1
7644,7650885000,-42,1,1
7645,7651885000,42,0,0
7646,7652885000,40,0,0
7647,7653885000,-40,1,1
7648,7654885000,40,0,0
7649,7655885000,46,0,0
7650,7656885000,40,0,0
7651,7657885000,-40,1,1
7652,7658885000,40,0,0
7653,7659885000,40,0,0
7654,7660885000,-40,1,1
7655,7661885000,40,0,0
7656,7662885000,42,0,0
7657,7663885000,-42,1,1
7658,7664885000,-42,1,1
7659,7665885000,42,0,0
7660,7666885000,46,0,0
7661,7667885000,42,0,0
7662,7668885000,-42,1,1
7663,7669885000,-46,1,1
7664,7670885000,-48,1,1
7665,7671885000,-48,1,1
7666,7672885000,-46,1,1
7667,7673885000,-42,1,1
7668,7674885000,42,0,0
7669,7675885000,42,0,0
7670,7676885000,-42,1,1
7671,7677885000,-42,1,1
7672,7678885000,42,0,0
7673,7679885000,46,0,0
7674,7680885000,46,0,0
7675,7681885000,40,0,0
7676,7682885000,-38,1,1
7677,7683885000,38,0,0
7678,7684885000,-40,1,1
7679,7685885000,-40,1,1
7680,7686885000,40,0,0
7681,7687885000,-40,1,1
7682,7688885000,-46,1,1
7683,7689885000,-48,1,1
7684,7690885000,-46,1,1
7685,7691885000,-40,1,1
7686,7692885000,40,0,0
7687,7693885000,-40,1,1
7688,7694885000,-42,1,1
7689,7695885000,42,0,0
7690,7696885000,46,0,0
7691,7697885000,48,0,0
7692,7698885000,48,0,0
7693,7699885000,46,0,0
7694,7700885000,42,0,0
7695,7701885000,-42,1,1
7696,7702885000,-46,1,1
7697,7703885000,-42,1,1
7698,7704885000,42,0,0
7699,7705885000,46,0,0
7700,7706885000,46,0,0
7701,7707885000,40,0,0
7702,7708885000,-40,1,1
7703,7709885000,40,0,0
7704,7710885000,42,0,0
7705,7711885000,-42,1,1
7706,7712885000,-42,1,1
7707,7713885000,42,0,0
7708,7714885000,40,0,0
7709,7715885000,-38,1,1
7710,7716885000,38,0,0
7711,7717885000,-38,1,1
7712,7718885000,40,0,0
7713,7719885000,46,0,0
7714,7720885000,42,0,0
7715,7721885000,-42,1,1
7716,7722885000,-42,1,1
7717,7723885000,42,0,0
7718,7724885000,40,0,0
7719,7725885000,-40,1,1
7720,7726885000,40,0,0
7721,7727885000,40,0,0
7722,7728885000,-38,1,1
7723,7729885000,38,0,0
7724,7730885000,-40,1,1
7725,7731885000,-46,1,1
7726,7732885000,-48,1,1
7727,7733885000,-46,1,1
7728,7734885000,-40,1,1
7729,7735885000,38,0,0
7730,7736885000,-38,1,1
7731,7737885000,40,0,0
7732,7738885000,46,0,0
7733,7739885000,46,0,0
7734,7740885000,42,0,0
7735,7741885000,-42,1,1
7736,7742885000,-46,1,1
7737,7743885000,-48,1,1
7738,7744885000,-46,1,1
7739,7745885000,-42,1,1
7740,7746885000,42,0,0
7741,7747885000,40,0,0
7742,7748885000,-38,1,1
7743,7749885000,38,0,0
7744,7750885000,-40,1,1
7745,7751885000,-42,1,1
7746,7752885000,42,0,0
7747,7753885000,42,0,0
7748,7754885000,-42,1,1
7749,7755885000,-42,1,1
7750,7756885000,42,0,0
7751,7757885000,46,0,0
7752,7758885000,46,0,0
7753,7759885000,40,0,0
7754,7760885000,-40,1,1
7755,7761885000,40,0,0
7756,7762885000,40,0,0
7757,7763885000,-38,1,1
7758,7764885000,38,0,0
7759,7765885000,-40,1,1
7760,7766885000,-42,1,1
7761,7767885000,42,0,0
7762,7768885000,42,0,0
7763,7769885000,-42,1,1
7764,7770885000,-40,1,1
7765,7771885000,40,0,0
7766,7772885000,-40,1,1
7767,7773885000,-40,1,1
7768,7774885000,40,0,0
7769,7775885000,-40,1,1
7770,7776885000,-46,1,1
7771,7777885000,-40,1,1
7772,7778885000,40,0,0
7773,7779885000,-40,1,1
7774,7780885000,-40,1,1
7775,7781885000,40,0,0
7776,7782885000,-40,1,1
7777,7783885000,-42,1,1
7778,7784885000,42,0,0
7779,7785885000,46,0,0
7780,7786885000,42,0,0
7781,7787885000,-42,1,1
7782,7788885000,-40,1,1
7783,7789885000,38,0,0
7784,7790885000,-38,1,1
7785,7791885000,40,0,0
7786,7792885000,40,0,0
7787,7793885000,-40,1,1
7788,7794885000,40,0,0
7789,7795885000,46,0,0
7790,7796885000,48,0,0
7791,7797885000,46,0,0
7792,7798885000,40,0,0
7793,7799885000,-38,1,1
7794,7800885000,38,0,0
7795,7801885000,-38,1,1
7796,7802885000,38,0,0
7797,7803885000,-38,1,1
7798,7804885000,40,0,0
7799,7805885000,46,0,0
7800,7806885000,46,0,0
7801,7807885000,40,0,0
7802,7808885000,-38,1,1
7803,7809885000,38,0,0
7804,7810885000,-38,1,1
7805,7811885000,38,0,0
7806,7812885000,-40,1,1
7807,7813885000,-46,1,1
7808,7814885000,-46,1,1
7809,7815885000,-40,1,1
7810,7816885000,38,0,0
7811,7817885000,-38,1,1
7812,7818885000,38,0,0
7813,7819885000,-38,1,1
7814,7820885000,40,0,0
7815,7821885000,46,0,0
7816,7822885000,42,0,0
7817,7823885000,-42,1,1
7818,7824885000,-46,1,1
7819,7825885000,-40,1,1
7820,7826885000,40,0,0
7821,7827885000,-40,1,1
7822,7828885000,-42,1,1
7823,7829885000,42,0,0
7824,7830885000,40,0,0
7825,7831885000,-38,1,1
7826,7832885000,38,0,0
7827,7833885000,-38,1,1
7828,7834885000,38,0,0
7829,7835885000,-38,1,1
7830,7836885000,38,0,0
7831,7837885000,-38,1,1
7832,7838885000,40,0,0
7833,7839885000,46,0,0
7834,7840885000,46,0,0
7835,7841885000,40,0,0
7836,7842885000,-38,1,1
7837,7843885000,38,0,0
7838,7844885000,-38,1,1
7839,7845885000,40,0,0
7840,7846885000,46,0,0
7841,7847885000,46,0,0
7842,7848885000,42,0,0
7843,7849885000,-42,1,1
7844,7850885000,-40,1,1
7845,7851885000,40,0,0
7846,7852885000,-40,1,1
7847,7853885000,-40,1,1
7848,7854885000,40,0,0
7849,7855885000,-40,1,1
7850,7856885000,-42,1,1
7851,7857885000,42,0,0
7852,7858885000,40,0,0
7853,7859885000,-40,1,1
7854,7860885000,40,0,0
7855,7861885000,42,0,0
7856,7862885000,-42,1,1
7857,7863885000,-42,1,1
7858,7864885000,42,0,0
7859,7865885000,46,0,0
7860,7866885000,48,0,0
7861,7867885000,48,0,0
7862,7868885000,46,0,0
7863,7869885000,42,0,0
7864,7870885000,-42,1,1
7865,7871885000,-46,1,1
7866,7872885000,-40,1,1
7867,7873885000,38,0,0
7868,7874885000,-38,1,1
7869,7875885000,38,0,0
7870,7876885000,-40,1,1
7871,7877885000,-42,1,1
7872,7878885000,42,0,0
7873,7879885000,46,0,0
7874,7880885000,42,0,0
7875,7881885000,-42,1,1
7876,7882885000,-46,1,1
7877,7883885000,-40,1,1
7878,7884885000,40,0,0
7879,7885885000,-40,1,1
7880,7886885000,-46,1,1
7881,7887885000,-40,1,1
7882,7888885000,38,0,0
7883,7889885000,-38,1,1
7884,7890885000,40,0,0
7885,7891885000,40,0,0
7886,7892885000,-38,1,1
7887,7893885000,38,0,0
7888,7894885000,-40,1,1
7889,7895885000,-46,1,1
7890,7896885000,-46,1,1
7891,7897885000,-40,1,1
7892,7898885000,38,0,0
7893,7899885000,-38,1,1
7894,7900885000,38,0,0
7895,7901885000,-38,1,1
7896,7902885000,40,0,0
7897,7903885000,46,0,0
7898,7904885000,42,0,0
7899,7905885000,-42,1,1
7900,7906885000,-46,1,1
7901,7907885000,-46,1,1
7902,7908885000,-42,1,1
7903,7909885000,42,0,0
7904,7910885000,42,0,0
7905,7911885000,-42,1,1
7906,7912885000,-46,1,1
7907,7913885000,-46,1,1
7908,7914885000,-40,1,1
7909,7915885000,40,0,0
7910,7916885000,-40,1,1
7911,7917885000,-42,1,1
7912,7918885000,42,0,0
7913,7919885000,46,0,0
7914,7920885000,48,0,0
7915,7921885000,48,0,0
7916,7922885000,46,0,0
7917,7923885000,42,0,0
7918,7924885000,-42,1,1
7919,7925885000,-46,1,1
7920,7926885000,-46,1,1
7921,7927885000,-40,1,1
7922,7928885000,40,0,0
7923,7929885000,-40,1,1
7924,7930885000,-46,1,1
7925,7931885000,-48,1,1
7926,7932885000,-48,1,1
7927,7933885000,-46,1,1
7928,7934885000,-40,1,1
7929,7935885000,40,0,0
7930,7936885000,-40,1,1
7931,7937885000,-46,1,1
7932,7938885000,-42,1,1
7933,7939885000,42,0,0
7934,7940885000,46,0,0
7935,7941885000,46,0,0
7936,7942885000,42,0,0
7937,7943885000,-42,1,1
7938,7944885000,-46,1,1
7939,7945885000,-42,1,1
7940,7946885000,42,0,0
7941,7947885000,46,0,0
7942,7948885000,48,0,0
7943,7949885000,46,0,0
7944,7950885000,40,0,0
7945,7951885000,-40,1,1
7946,7952885000,40,0,0
7947,7953885000,46,0,0
7948,7954885000,46,0,0
7949,7955885000,42,0,0
7950,7956885000,-42,1,1
7951,7957885000,-40,1,1
7952,7958885000,38,0,0
7953,7959885000,-38,1,1
7954,7960885000,40,0,0
7955,7961885000,46,0,0
7956,7962885000,42,0,0
7957,7963885000,-42,1,1
7958,7964885000,-42,1,1
7959,7965885000,42,0,0
7960,7966885000,46,0,0
7961,7967885000,42,0,0
7962,7968885000,-42,1,1
7963,7969885000,-46,1,1
7964,7970885000,-46,1,1
7965,7971885000,-40,1,1
7966,7972885000,38,0,0
7967,7973885000,-38,1,1
7968,7974885000,38,0,0
7969,7975885000,-40,1,1
7970,7976885000,-40,1,1
7971,7977885000,38,0,0
7972,7978885000,-38,1,1
7973,7979885000,40,0,0
7974,7980885000,40,0,0
7975,7981885000,-40,1,1
7976,7982885000,40,0,0
7977,7983885000,42,0,0
7978,7984885000,-42,1,1
7979,7985885000,-42,1,1
7980,7986885000,42,0,0
7981,7987885000,46,0,0
7982,7988885000,40,0,0
7983,7989885000,-40,1,1
7984,7990885000,40,0,0
7985,7991885000,46,0,0
7986,7992885000,48,0,0
7987,7993885000,46,0,0
7988,7994885000,40,0,0
7989,7995885000,-40,1,1
7990,7996885000,40,0,0
7991,7997885000,46,0,0
7992,7998885000,46,0,0
7993,7999885000,40,0,0
7994,8000885000,-40,1,1
7995,8001885000,40,0,0
7996,8002885000,42,0,0
7997,8003885000,-42,1,1
7998,8004885000,-42,1,1
7999,8005885000,42,0,0
8000,8006885000,46,0,0
8001,8007885000,40,0,0
8002,8008885000,-40,1,1
8003,8009885000,40,0,0
8004,8010885000,42,0,0
8005,8011885000,-42,1,1
8006,8012885000,-42,1,1
8007,8013885000,42,0,0
8008,8014885000,46,0,0
8009,8015885000,40,0,0
8010,8016885000,-40,1,1
8011,8017885000,40,0,0
8012,8018885000,40,0,0
8013,8019885000,-38,1,1
8014,8020885000,38,0,0
8015,8021885000,-40,1,1
8016,8022885000,-42,1,1
8017,8023885000,42,0,0
8018,8024885000,46,0,0
8019,8025885000,48,0,0
8020,8026885000,46,0,0
8021,8027885000,40,0,0
8022,8028885000,-38,1,1
8023,8029885000,38,0,0
8024,8030885000,-40,1,1
8025,8031885000,-40,1,1
8026,8032885000,40,0,0
8027,8033885000,-40,1,1
8028,8034885000,-42,1,1
8029,8035885000,42,0,0
8030,8036885000,46,0,0
8031,8037885000,48,0,0
8032,8038885000,48,0,0
8033,8039885000,46,0,0
8034,8040885000,40,0,0
8035,8041885000,-38,1,1
8036,8042885000,38,0,0
8037,8043885000,-38,1,1
8038,8044885000,38,0,0
8039,8045885000,-38,1,1
8040,8046885000,40,0,0
8041,8047885000,42,0,0
8042,8048885000,-42,1,1
8043,8049885000,-46,1,1
8044,8050885000,-46,1,1
8045,8051885000,-42,1,1
8046,8052885000,42,0,0
8047,8053885000,46,0,0
8048,8054885000,42,0,0
8049,8055885000,-42,1,1
8050,8056885000,-40,1,1
8051,8057885000,38,0,0
8052,8058885000,-38,1,1
8053,8059885000,38,0,0
8054,8060885000,-38,1,1
8055,8061885000,38,0,0
8056,8062885000,-40,1,1
8057,8063885000,-46,1,1
8058,8064885000,-46,1,1
8059,8065885000,-42,1,1
8060,8066885000,42,0,0
8061,8067885000,42,0,0
8062,8068885000,-42,1,1
8063,8069885000,-46,1,1
8064,8070885000,-48,1,1
8065,8071885000,-48,1,1
8066,8072885000,-48,1,1
8067,8073885000,-46,1,1
8068,8074885000,-42,1,1
8069,8075885000,42,0,0
8070,8076885000,42,0,0
8071,8077885000,-42,1,1
8072,8078885000,-40,1,1
8073,8079885000,38,0,0
8074,8080885000,-38,1,1
8075,8081885000,40,0,0
8076,8082885000,40,0,0
8077,8083885000,-40,1,1
8078,8084885000,40,0,0
8079,8085885000,46,0,0
8080,8086885000,42,0,0
8081,8087885000,-42,1,1
8082,8088885000,-46,1,1
8083,8089885000,-46,1,1
8084,8090885000,-40,1,1
8085,8091885000,38,0,0
8086,8092885000,-38,1,1
8087,8093885000,40,0,0
8088,8094885000,42,0,0
8089,8095885000,-42,1,1
8090,8096885000,-46,1,1
8091,8097885000,-40,1,1
8092,8098885000,38,0,0
8093,8099885000,-38,1,1
8094,8100885000,40,0,0
8095,8101885000,40,0,0
8096,8102885000,-40,1,1
8097,8103885000,40,0,0
8098,8104885000,46,0,0
8099,8105885000,48,0,0
8100,8106885000,46,0,0
8101,8107885000,42,0,0
8102,8108885000,-42,1,1
8103,8109885000,-40,1,1
8104,8110885000,40,0,0
8105,8111885000,-40,1,1
8106,8112885000,-46,1,1
8107,8113885000,-40,1,1
8108,8114885000,38,0,0
8109,8115885000,-38,1,1
8110,8116885000,40,0,0
8111,8117885000,46,0,0
8112,8118885000,46,0,0
8113,8119885000,42,0,0
8114,8120885000,-42,1,1
8115,8121885000,-46,1,1
8116,8122885000,-46,1,1
8117,8123885000,-40,1,1
8118,8124885000,38,0,0
8119,8125885000,-38,1,1
8120,8126885000,38,0,0
8121,8127885000,-40,1,1
8122,8128885000,-46,1,1
8123,8129885000,-40,1,1
8124,8130885000,38,0,0
8125,8131885000,-38,1,1
8126,8132885000,40,0,0
8127,8133885000,42,0,0
8128,8134885000,-42,1,1
8129,8135885000,-42,1,1
8130,8136885000,42,0,0
8131,8137885000,40,0,0
8132,8138885000,-38,1,1
8133,8139885000,38,0,0
8134,8140885000,-40,1,1
8135,8141885000,-40,1,1
8136,8142885000,38,0,0
8137,8143885000,-38,1,1
8138,8144885000,38,0,0
8139,8145885000,-38,1,1
8140,8146885000,40,0,0
8141,8147885000,40,0,0
8142,8148885000,-38,1,1
8143,8149885000,38,0,0
8144,8150885000,-40,1,1
8145,8151885000,-40,1,1
8146,8152885000,40,0,0
8147,8153885000,-40,1,1
8148,8154885000,-46,1,1
8149,8155885000,-48,1,1
8150,8156885000,-48,1,1
8151,8157885000,-46,1,1
8152,8158885000,-40,1,1
8153,8159885000,38,0,0
8154,8160885000,-38,1,1
8155,8161885000,38,0,0
8156,8162885000,-40,1,1
8157,8163885000,-40,1,1
8158,8164885000,38,0,0
8159,8165885000,-38,1,1
8160,8166885000,38,0,0
8161,8167885000,-40,1,1
8162,8168885000,-46,1,1
8163,8169885000,-42,1,1
8164,8170885000,42,0,0
8165,8171885000,42,0,0
8166,8172885000,-42,1,1
8167,8173885000,-46,1,1
8168,8174885000,-46,1,1
8169,8175885000,-40,1,1
8170,8176885000,40,0,0
8171,8177885000,-40,1,1
8172,8178885000,-40,1,1
8173,8179885000,38,0,0
8174,8180885000,-38,1,1
8175,8181885000,38,0,0
8176,8182885000,-38,1,1
8177,8183885000,38,0,0
8178,8184885000,-40,1,1
8179,8185885000,-40,1,1
8180,8186885000,38,0,0
8181,8187885000,-38,1,1
8182,8188885000,38,0,0
8183,8189885000,-40,1,1
8184,8190885000,-42,1,1
8185,8191885000,42,0,0
8186,8192885000,40,0,0
8187,8193885000,-38,1,1
8188,8194885000,38,0,0
8189,8195885000,-38,1,1
8190,8196885000,40,0,0
8191,8197885000,46,0,0
8192,8198885000,42,0,0
8193,8199885000,-42,1,1
8194,8200885000,-46,1,1
8195,8201885000,-42,1,1
8196,8202885000,42,0,0
8197,8203885000,46,0,0
8198,8204885000,40,0,0
8199,8205885000,-38,1,1
8200,8206885000,38,0,0
8201,8207885000,-38,1,1
8202,8208885000,40,0,0
8203,8209885000,40,0,0
8204,8210885000,-40,1,1
8205,8211885000,40,0,0
8206,8212885000,42,0,0
8207,8213885000,-42,1,1
8208,8214885000,-46,1,1
8209,8215885000,-42,1,1
8210,8216885000,42,0,0
8211,8217885000,42,0,0
8212,8218885000,-42,1,1
8213,8219885000,-40,1,1
8214,8220885000,40,0,0
8215,8221885000,-40,1,1
8216,8222885000,-46,1,1
8217,8223885000,-40,1,1
8218,8224885000,40,0,0
8219,8225885000,-40,1,1
8220,8226885000,-40,1,1
8221,8227885000,40,0,0
8222,8228885000,-40,1,1
8223,8229885000,-40,1,1
8224,8230885000,38,0,0
8225,8231885000,-38,1,1
8226,8232885000,38,0,0
8227,8233885000,-40,1,1
8228,8234885000,-46,1,1
8229,8235885000,-48,1,1
8230,8236885000,-46,1,1
8231,8237885000,-42,1,1
8232,8238885000,42,0,0
8233,8239885000,42,0,0
8234,8240885000,-42,1,1
8235,8241885000,-40,1,1
8236,8242885000,38,0,0
8237,8243885000,-38,1,1
8238,8244885000,38,0,0
8239,8245885000,-38,1,1
8240,8246885000,38,0,0
8241,8247885000,-40,1,1
8242,8248885000,-46,1,1
8243,8249885000,-40,1,1
8244,8250885000,38,0,0
8245,8251885000,-38,1,1
8246,8252885000,38,0,0
8247,8253885000,-38,1,1
8248,8254885000,38,0,0
8249,8255885000,-38,1,1
8250,8256885000,38,0,0
8251,8257885000,-38,1,1
8252,8258885000,40,0,0
8253,8259885000,40,0,0
8254,8260885000,-38,1,1
8255,8261885000,38,0,0
8256,8262885000,-38,1,1
8257,8263885000,38,0,0
8258,8264885000,-40,1,1
8259,8265885000,-46,1,1
8260,8266885000,-48,1,1
8261,8267885000,-48,1,1
8262,8268885000,-48,1,1
8263,8269885000,-48,1,1
8264,8270885000,-46,1,1
8265,8271885000,-42,1,1
8266,8272885000,42,0,0
8267,8273885000,46,0,0
8268,8274885000,40,0,0
8269,8275885000,-38,1,1
8270,8276885000,38,0,0
8271,8277885000,-38,1,1
8272,8278885000,38,0,0
8273,8279885000,-40,1,1
8274,8280885000,-42,1,1
8275,8281885000,42,0,0
8276,8282885000,46,0,0
8277,8283885000,42,0,0
8278,8284885000,-42,1,1
8279,8285885000,-40,1,1
8280,8286885000,40,0,0
8281,8287885000,-40,1,1
8282,8288885000,-46,1,1
8283,8289885000,-42,1,1
8284,8290885000,42,0,0
8285,8291885000,40,0,0
8286,8292885000,-38,1,1
8287,8293885000,38,0,0
8288,8294885000,-38,1,1
8289,8295885000,38,0,0
8290,8296885000,-40,1,1
8291,8297885000,-46,1,1
8292,8298885000,-48,1,1
8293,8299885000,-48,1,1
8294,8300885000,-48,1,1
8295,8301885000,-46,1,1
8296,8302885000,-40,1,1
8297,8303885000,40,0,0
8298,8304885000,-40,1,1
8299,8305885000,-46,1,1
8300,8306885000,-42,1,1
8301,8307885000,42,0,0
8302,8308885000,46,0,0
8303,8309885000,46,0,0
8304,8310885000,40,0,0
8305,8311885000,-38,1,1
8306,8312885000,38,0,0
8307,8313885000,-38,1,1
8308,8314885000,38,0,0
8309,8315885000,-38,1,1
8310,8316885000,38,0,0
8311,8317885000,-40,1,1
8312,8318885000,-42,1,1
8313,8319885000,42,0,0
8314,8320885000,42,0,0
8315,8321885000,-42,1,1
8316,8322885000,-42,1,1
8317,8323885000,42,0,0
8318,8324885000,42,0,0
8319,8325885000,-42,1,1
8320,8326885000,-40,1,1
8321,8327885000,40,0,0
8322,8328885000,-40,1,1
8323,8329885000,-46,1,1
8324,8330885000,-48,1,1
8325,8331885000,-48,1,1
8326,8332885000,-48,1,1
8327,8333885000,-46,1,1
8328,8334885000,-42,1,1
8329,8335885000,42,0,0
8330,8336885000,40,0,0
8331,8337885000,-40,1,1
8332,8338885000,40,0,0
8333,8339885000,40,0,0
8334,8340885000,-38,1,1
8335,8341885000,38,0,0
8336,8342885000,-38,1,1
8337,8343885000,40,0,0
8338,8344885000,40,0,0
8339,8345885000,-40,1,1
8340,8346885000,40,0,0
8341,8347885000,40,0,0
8342,8348885000,-40,1,1
8343,8349885000,40,0,0
8344,8350885000,40,0,0
8345,8351885000,-40,1,1
8346,8352885000,40,0,0
8347,8353885000,46,0,0
8348,8354885000,46,0,0
8349,8355885000,40,0,0
8350,8356885000,-38,1,1
8351,8357885000,38,0,0
8352,8358885000,-38,1,1
8353,8359885000,40,0,0
8354,8360885000,46,0,0
8355,8361885000,46,0,0
8356,8362885000,40,0,0
8357,8363885000,-38,1,1
8358,8364885000,38,0,0
8359,8365885000,-40,1,1
8360,8366885000,-40,1,1
8361,8367885000,40,0,0
8362,8368885000,-40,1,1
8363,8369885000,-42,1,1
8364,8370885000,42,0,0
8365,8371885000,46,0,0
8366,8372885000,40,0,0
8367,8373885000,-40,1,1
8368,8374885000,40,0,0
8369,8375885000,46,0,0
8370,8376885000,48,0,0
8371,8377885000,48,0,0
8372,8378885000,48,0,0
8373,8379885000,48,0,0
8374,8380885000,48,0,0
8375,8381885000,46,0,0
8376,8382885000,42,0,0
8377,8383885000,-42,1,1
8378,8384885000,-42,1,1
8379,8385885000,42,0,0
8380,8386885000,46,0,0
8381,8387885000,42,0,0
8382,8388885000,-42,1,1
8383,8389885000,-46,1,1
8384,8390885000,-46,1,1
8385,8391885000,-42,1,1
8386,8392885000,42,0,0
8387,8393885000,46,0,0
8388,8394885000,42,0,0
8389,8395885000,-42,1,1
8390,8396885000,-40,1,1
8391,8397885000,38,0,0
8392,8398885000,-38,1,1
8393,8399885000,40,0,0
8394,8400885000,40,0,0
8395,8401885000,-40,1,1
8396,8402885000,40,0,0
8397,8403885000,40,0,0
8398,8404885000,-40,1,1
8399,8405885000,40,0,0
8400,8406885000,40,0,0
8401,8407885000,-40,1,1
8402,8408885000,40,0,0
8403,8409885000,40,0,0
8404,8410885000,-40,1,1
8405,8411885000,40,0,0
8406,8412885000,46,0,0
8407,8413885000,42,0,0
8408,8414885000,-42,1,1
8409,8415885000,-46,1,1
8410,8416885000,-46,1,1
8411,8417885000,-42,1,1
8412,8418885000,42,0,0
8413,8419885000,40,0,0
8414,8420885000,-38,1,1
8415,8421885000,38,0,0
8416,8422885000,-38,1,1
8417,8423885000,40,0,0
8418,8424885000,46,0,0
8419,8425885000,48,0,0
8420,8426885000,46,0,0
8421,8427885000,42,0,0
8422,8428885000,-42,1,1
8423,8429885000,-42,1,1
8424,8430885000,42,0,0
8425,8431885000,40,0,0
8426,8432885000,-38,1,1
8427,8433885000,38,0,0
8428,8434885000,-40,1,1
8429,8435885000,-42,1,1
8430,8436885000,42,0,0
8431,8437885000,40,0,0
8432,8438885000,-38,1,1
8433,8439885000,38,0,0
8434,8440885000,-40,1,1
8435,8441885000,-42,1,1
8436,8442885000,42,0,0
8437,8443885000,40,0,0
8438,8444885000,-38,1,1
8439,8445885000,38,0,0
8440,8446885000,-40,1,1
8441,8447885000,-46,1,1
8442,8448885000,-40,1,1
8443,8449885000,38,0,0
8444,8450885000,-38,1,1
8445,8451885000,38,0,0
8446,8452885000,-38,1,1
8447,8453885000,38,0,0
8448,8454885000,-38,1,1
8449,8455885000,40,0,0
8450,8456885000,46,0,0
8451,8457885000,46,0,0
8452,8458885000,42,0,0
8453,8459885000,-42,1,1
8454,8460885000,-42,1,1
8455,8461885000,42,0,0
8456,8462885000,46,0,0
8457,8463885000,46,0,0
8458,8464885000,42,0,0
8459,8465885000,-42,1,1
8460,8466885000,-46,1,1
8461,8467885000,-42,1,1
8462,8468885000,42,0,0
8463,8469885000,42,0,0
8464,8470885000,-42,1,1
8465,8471885000,-40,1,1
8466,8472885000,40,0,0
8467,8473885000,-40,1,1
8468,8474885000,-40,1,1
8469,8475885000,38,0,0
8470,8476885000,-38,1,1
8471,8477885000,38,0,0
8472,8478885000,-40,1,1
8473,8479885000,-40,1,1
8474,8480885000,38,0,0
8475,8481885000,-38,1,1
8476,8482885000,40,0,0
8477,8483885000,46,0,0
8478,8484885000,40,0,0
8479,8485885000,-40,1,1
8480,8486885000,40,0,0
8481,8487885000,42,0,0
8482,8488885000,-42,1,1
8483,8489885000,-40,1,1
8484,8490885000,38,0,0
8485,8491885000,-38,1,1
8486,8492885000,40,0,0
8487,8493885000,46,0,0
8488,8494885000,48,0,0
8489,8495885000,48,0,0
8490,8496885000,48,0,0
8491,8497885000,48,0,0
8492,8498885000,46,0,0
8493,8499885000,42,0,0
8494,8500885000,-42,1,1
8495,8501885000,-40,1,1
8496,8502885000,40,0,0
8497,8503885000,-40,1,1
8498,8504885000,-46,1,1
8499,8505885000,-42,1,1
8500,8506885000,42,0,0
8501,8507885000,40,0,0
8502,8508885000,-40,1,1
8503,8509885000,40,0,0
8504,8510885000,42,0,0
8505,8511885000,-42,1,1
8506,8512885000,-46,1,1
8507,8513885000,-42,1,1
8508,8514885000,42,0,0
8509,8515885000,46,0,0
8510,8516885000,42,0,0
8511,8517885000,-42,1,1
8512,8518885000,-42,1,1
8513,8519885000,42,0,0
8514,8520885000,46,0,0
8515,8521885000,46,0,0
8516,8522885000,42,0,0
8517,8523885000,-42,1,1
8518,8524885000,-46,1,1
8519,8525885000,-46,1,1
8520,8526885000,-42,1,1
8521,8527885000,42,0,0
8522,8528885000,46,0,0
8523,8529885000,42,0,0
8524,8530885000,-42,1,1
8525,8531885000,-42,1,1
8526,8532885000,42,0,0
8527,8533885000,40,0,0
8528,8534885000,-40,1,1
8529,8535885000,40,0,0
8530,8536885000,46,0,0
8531,8537885000,48,0,0
8532,8538885000,46,0,0
8533,8539885000,42,0,0
8534,8540885000,-42,1,1
8535,8541885000,-42,1,1
8536,8542885000,42,0,0
8537,8543885000,42,0,0
8538,8544885000,-42,1,1
8539,8545885000,-40,1,1
8540,8546885000,40,0,0
8541,8547885000,-40,1,1
8542,8548885000,-46,1,1
8543,8549885000,-40,1,1
8544,8550885000,38,0,0
8545,8551885000,-38,1,1
8546,8552885000,38,0,0
8547,8553885000,-40,1,1
8548,8554885000,-46,1,1
8549,8555885000,-46,1,1
8550,8556885000,-40,1,1
8551,8557885000,38,0,0
8552,8558885000,-38,1,1
8553,8559885000,40,0,0
8554,8560885000,46,0,0
8555,8561885000,46,0,0
8556,8562885000,42,0,0
8557,8563885000,-42,1,1
8558,8564885000,-46,1,1
8559,8565885000,-46,1,1
8560,8566885000,-40,1,1
8561,8567885000,40,0,0
8562,8568885000,-40,1,1
8563,8569885000,-46,1,1
8564,8570885000,-48,1,1
8565,8571885000,-46,1,1
8566,8572885000,-40,1,1
8567,8573885000,40,0,0
8568,8574885000,-40,1,1
8569,8575885000,-42,1,1
8570,8576885000,42,0,0
8571,8577885000,46,0,0
8572,8578885000,48,0,0
8573,8579885000,46,0,0
8574,8580885000,40,0,0
8575,8581885000,-40,1,1
8576,8582885000,40,0,0
8577,8583885000,46,0,0
8578,8584885000,48,0,0
8579,8585885000,48,0,0
8580,8586885000,46,0,0
8581,8587885000,40,0,0
8582,8588885000,-38,1,1
8583,8589885000,38,0,0
8584,8590885000,-38,1,1
8585,8591885000,40,0,0
8586,8592885000,46,0,0
8587,8593885000,46,0,0
8588,8594885000,42,0,0
8589,8595885000,-42,1,1
8590,8596885000,-46,1,1
8591,8597885000,-42,1,1
8592,8598885000,42,0,0
8593,8599885000,46,0,0
8594,8600885000,46,0,0
8595,8601885000,42,0,0
8596,8602885000,-42,1,1
8597,8603885000,-46,1,1
8598,8604885000,-40,1,1
8599,8605885000,40,0,0
8600,8606885000,-40,1,1
8601,8607885000,-42,1,1
8602,8608885000,42,0,0
8603,8609885000,46,0,0
8604,8610885000,48,0,0
8605,8611885000,46,0,0
8606,8612885000,42,0,0
8607,8613885000,-42,1,1
8608,8614885000,-40,1,1
8609,8615885000,40,0,0
8610,8616885000,-40,1,1
8611,8617885000,-40,1,1
8612,8618885000,38,0,0
8613,8619885000,-38,1,1
8614,8620885000,40,0,0
8615,8621885000,46,0,0
8616,8622885000,40,0,0
8617,8623885000,-38,1,1
8618,8624885000,38,0,0
8619,8625885000,-38,1,1
8620,8626885000,40,0,0
8621,8627885000,46,0,0
8622,8628885000,46,0,0
8623,8629885000,40,0,0
8624,8630885000,-38,1,1
8625,8631885000,38,0,0
8626,8632885000,-40,1,1
8627,8633885000,-40,1,1
8628,8634885000,38,0,0
8629,8635885000,-38,1,1
8630,8636885000,40,0,0
8631,8637885000,46,0,0
8632,8638885000,40,0,0
8633,8639885000,-40,1,1
8634,8640885000,40,0,0
8635,8641885000,46,0,0
8636,8642885000,42,0,0
8637,8643885000,-42,1,1
8638,8644885000,-40,1,1
8639,8645885000,40,0,0
8640,8646885000,-40,1,1
8641,8647885000,-40,1,1
8642,8648885000,40,0,0
8643,8649885000,-40,1,1
8644,8650885000,-46,1,1
8645,8651885000,-40,1,1
8646,8652885000,38,0,0
8647,8653885000,-38,1,1
8648,8654885000,38,0,0
8649,8655885000,-38,1,1
8650,8656885000,38,0,0
8651,8657885000,-40,1,1
8652,8658885000,-42,1,1
8653,8659885000,42,0,0
8654,8660885000,42,0,0
8655,8661885000,-42,1,1
8656,8662885000,-42,1,1
8657,8663885000,42,0,0
8658,8664885000,46,0,0
8659,8665885000,40,0,0
8660,8666885000,-38,1,1
8661,8667885000,38,0,0
8662,8668885000,-40,1,1
8663,8669885000,-40,1,1
8664,8670885000,40,0,0
8665,8671885000,-40,1,1
8666,8672885000,-42,1,1
8667,8673885000,42,0,0
8668,8674885000,40,0,0
8669,8675885000,-38,1,1
8670,8676885000,38,0,0
8671,8677885000,-38,1,1
8672,8678885000,38,0,0
8673,8679885000,-38,1,1
8674,8680885000,38,0,0
8675,8681885000,-38,1,1
8676,8682885000,38,0,0
8677,8683885000,-38,1,1
8678,8684885000,38,0,0
8679,8685885000,-40,1,1
8680,8686885000,-46,1,1
8681,8687885000,-46,1,1
8682,8688885000,-40,1,1
8683,8689885000,38,0,0
8684,8690885000,-38,1,1
8685,8691885000,40,0,0
8686,8692885000,46,0,0
8687,8693885000,42,0,0
8688,8694885000,-42,1,1
8689,8695885000,-46,1,1
8690,8696885000,-42,1,1
8691,8697885000,42,0,0
8692,8698885000,42,0,0
8693,8699885000,-42,1,1
8694,8700885000,-40,1,1
8695,8701885000,38,0,0
8696,8702885000,-38,1,1
8697,8703885000,38,0,0
8698,8704885000,-38,1,1
8699,8705885000,40,0,0
8700,8706885000,40,0,0
8701,8707885000,-40,1,1
8702,8708885000,40,0,0
8703,8709885000,40,0,0
8704,8710885000,-38,1,1
8705,8711885000,38,0,0
8706,8712885000,-38,1,1
8707,8713885000,38,0,0
8708,8714885000,-38,1,1
8709,8715885000,38,0,0
8710,8716885000,-38,1,1
8711,8717885000,38,0,0
8712,8718885000,-38,1,1
8713,8719885000,40,0,0
8714,8720885000,42,0,0
8715,8721885000,-42,1,1
8716,8722885000,-46,1,1
8717,8723885000,-40,1,1
8718,8724885000,38,0,0
8719,8725885000,-38,1,1
8720,8726885000,40,0,0
8721,8727885000,42,0,0
8722,8728885000,-42,1,1
8723,8729885000,-46,1,1
8724,8730885000,-48,1,1
8725,8731885000,-48,1,1
8726,8732885000,-48,1,1
8727,8733885000,-46,1,1
8728,8734885000,-40,1,1
8729,8735885000,40,0,0
8730,8736885000,-40,1,1
8731,8737885000,-46,1,1
8732,8738885000,-40,1,1
8733,8739885000,38,0,0
8734,8740885000,-38,1,1
8735,8741885000,38,0,0
8736,8742885000,-40,1,1
8737,8743885000,-40,1,1
8738,8744885000,40,0,0
8739,8745885000,-40,1,1
8740,8746885000,-42,1,1
8741,8747885000,42,0,0
8742,8748885000,46,0,0
8743,8749885000,46,0,0
8744,8750885000,42,0,0
8745,8751885000,-42,1,1
8746,8752885000,-46,1,1
8747,8753885000,-42,1,1
8748,8754885000,42,0,0
8749,8755885000,40,0,0
8750,8756885000,-40,1,1
8751,8757885000,40,0,0
8752,8758885000,42,0,0
8753,8759885000,-42,1,1
8754,8760885000,-46,1,1
8755,8761885000,-42,1,1
8756,8762885000,42,0,0
8757,8763885000,42,0,0
8758,8764885000,-42,1,1
8759,8765885000,-46,1,1
8760,8766885000,-40,1,1
8761,8767885000,40,0,0
8762,8768885000,-40,1,1
8763,8769885000,-40,1,1
8764,8770885000,38,0,0
8765,8771885000,-38,1,1
8766,8772885000,40,0,0
8767,8773885000,40,0,0
8768,8774885000,-40,1,1
8769,8775885000,40,0,0
8770,8776885000,46,0,0
8771,8777885000,46,0,0
8772,8778885000,42,0,0
8773,8779885000,-42,1,1
8774,8780885000,-40,1,1
8775,8781885000,38,0,0
8776,8782885000,-38,1,1
8777,8783885000,38,0,0
8778,8784885000,-38,1,1
8779,8785885000,40,0,0
8780,8786885000,40,0,0
8781,8787885000,-38,1,1
8782,8788885000,38,0,0
8783,8789885000,-40,1,1
8784,8790885000,-46,1,1
8785,8791885000,-42,1,1
8786,8792885000,42,0,0
8787,8793885000,46,0,0
8788,8794885000,46,0,0
8789,8795885000,40,0,0
8790,8796885000,-38,1,1
8791,8797885000,38,0,0
8792,8798885000,-40,1,1
8793,8799885000,-46,1,1
8794,8800885000,-48,1,1
8795,8801885000,-48,1,1
8796,8802885000,-48,1,1
8797,8803885000,-46,1,1
8798,8804885000,-42,1,1
8799,8805885000,42,0,0
8800,8806885000,46,0,0
8801,8807885000,48,0,0
8802,8808885000,46,0,0
8803,8809885000,42,0,0
8804,8810885000,-42,1,1
8805,8811885000,-46,1,1
8806,8812885000,-48,1,1
8807,8813885000,-48,1,1
8808,8814885000,-48,1,1
8809,8815885000,-48,1,1
8810,8816885000,-48,1,1
8811,8817885000,-46,1,1
8812,8818885000,-42,1,1
8813,8819885000,42,0,0
8814,8820885000,40,0,0
8815,8821885000,-38,1,1
8816,8822885000,38,0,0
8817,8823885000,-40,1,1
8818,8824885000,-46,1,1
8819,8825885000,-46,1,1
8820,8826885000,-40,1,1
8821,8827885000,38,0,0
8822,8828885000,-38,1,1
8823,8829885000,40,0,0
8824,8830885000,40,0,0
8825,8831885000,-38,1,1
8826,8832885000,38,0,0
8827,8833885000,-40,1,1
8828,8834885000,-40,1,1
8829,8835885000,38,0,0
8830,8836885000,-38,1,1
8831,8837885000,40,0,0
8832,8838885000,42,0,0
8833,8839885000,-42,1,1
8834,8840885000,-46,1,1
8835,8841885000,-48,1,1
8836,8842885000,-48,1,1
8837,8843885000,-46,1,1
8838,8844885000,-40,1,1
8839,8845885000,40,0,0
8840,8846885000,-40,1,1
8841,8847885000,-40,1,1
8842,8848885000,38,0,0
8843,8849885000,-38,1,1
8844,8850885000,38,0,0
8845,8851885000,-40,1,1
8846,8852885000,-46,1,1
8847,8853885000,-40,1,1
8848,8854885000,40,0,0
8849,8855885000,-40,1,1
8850,8856885000,-46,1,1
8851,8857885000,-46,1,1
8852,8858885000,-42,1,1
8853,8859885000,42,0,0
8854,8860885000,46,0,0
8855,8861885000,42,0,0
8856,8862885000,-42,1,1
8857,8863885000,-42,1,1
8858,8864885000,42,0,0
8859,8865885000,46,0,0
8860,8866885000,46,0,0
8861,8867885000,42,0,0
8862,8868885000,-42,1,1
8863,8869885000,-40,1,1
8864,8870885000,40,0,0
8865,8871885000,-40,1,1
8866,8872885000,-46,1,1
8867,8873885000,-40,1,1
8868,8874885000,38,0,0
8869,8875885000,-38,1,1
8870,8876885000,40,0,0
8871,8877885000,42,0,0
8872,8878885000,-42,1,1
8873,8879885000,-46,1,1
8874,8880885000,-40,1,1
8875,8881885000,38,0,0
8876,8882885000,-38,1,1
8877,8883885000,38,0,0
8878,8884885000,-38,1,1
8879,8885885000,40,0,0
8880,8886885000,46,0,0
8881,8887885000,46,0,0
8882,8888885000,42,0,0
8883,8889885000,-42,1,1
8884,8890885000,-46,1,1
8885,8891885000,-40,1,1
8886,8892885000,38,0,0
8887,8893885000,-38,1,1
8888,8894885000,38,0,0
8889,8895885000,-38,1,1
8890,8896885000,40,0,0
8891,8897885000,46,0,0
8892,8898885000,42,0,0
8893,8899885000,-42,1,1
8894,8900885000,-46,1,1
8895,8901885000,-48,1,1
8896,8902885000,-46,1,1
8897,8903885000,-40,1,1
8898,8904885000,38,0,0
8899,8905885000,-38,1,1
8900,8906885000,38,0,0
8901,8907885000,-38,1,1
8902,8908885000,38,0,0
8903,8909885000,-40,1,1
8904,8910885000,-40,1,1
8905,8911885000,38,0,0
8906,8912885000,-38,1,1
8907,8913885000,38,0,0
8908,8914885000,-38,1,1
8909,8915885000,40,0,0
8910,8916885000,42,0,0
8911,8917885000,-42,1,1
8912,8918885000,-46,1,1
8913,8919885000,-46,1,1
8914,8920885000,-40,1,1
8915,8921885000,38,0,0
8916,8922885000,-38,1,1
8917,8923885000,38,0,0
8918,8924885000,-38,1,1
8919,8925885000,38,0,0
8920,8926885000,-40,1,1
8921,8927885000,-42,1,1
8922,8928885000,42,0,0
8923,8929885000,46,0,0
8924,8930885000,48,0,0
8925,8931885000,48,0,0
8926,8932885000,48,0,0
8927,8933885000,46,0,0
8928,8934885000,40,0,0
8929,8935885000,-40,1,1
8930,8936885000,40,0,0
8931,8937885000,40,0,0
8932,8938885000,-40,1,1
8933,8939885000,40,0,0
8934,8940885000,46,0,0
8935,8941885000,46,0,0
8936,8942885000,40,0,0
8937,8943885000,-38,1,1
8938,8944885000,38,0,0
8939,8945885000,-38,1,1
8940,8946885000,40,0,0
8941,8947885000,42,0,0
8942,8948885000,-42,1,1
8943,8949885000,-46,1,1
8944,8950885000,-42,1,1
8945,8951885000,42,0,0
8946,8952885000,42,0,0
8947,8953885000,-42,1,1
8948,8954885000,-46,1,1
8949,8955885000,-48,1,1
8950,8956885000,-46,1,1
8951,8957885000,-42,1,1
8952,8958885000,42,0,0
8953,8959885000,46,0,0
8954,8960885000,46,0,0
8955,8961885000,42,0,0
8956,8962885000,-42,1,1
8957,8963885000,-40,1,1
8958,8964885000,38,0,0
8959,8965885000,-38,1,1
8960,8966885000,40,0,0
8961,8967885000,40,0,0
8962,8968885000,-40,1,1
8963,8969885000,40,0,0
8964,8970885000,46,0,0
8965,8971885000,46,0,0
8966,8972885000,42,0,0
8967,8973885000,-42,1,1
8968,8974885000,-46,1,1
8969,8975885000,-42,1,1
8970,8976885000,42,0,0
8971,8977885000,40,0,0
8972,8978885000,-40,1,1
8973,8979885000,40,0,0
8974,8980885000,42,0,0
8975,8981885000,-42,1,1
8976,8982885000,-40,1,1
8977,8983885000,38,0,0
8978,8984885000,-38,1,1
8979,8985885000,38,0,0
8980,8986885000,-38,1,1
8981,8987885000,40,0,0
8982,8988885000,40,0,0
8983,8989885000,-38,1,1
8984,8990885000,38,0,0
8985,8991885000,-38,1,1
8986,8992885000,38,0,0
8987,8993885000,-38,1,1
8988,8994885000,40,0,0
8989,8995885000,40,0,0
8990,8996885000,-38,1,1
8991,8997885000,38,0,0
8992,8998885000,-38,1,1
8993,8999885000,40,0,0
8994,9000885000,40,0,0
8995,9001885000,-38,1,1
8996,9002885000,38,0,0
8997,9003885000,-40,1,1
8998,9004885000,-42,1,1
8999,9005885000,42,0,0
9000,9006885000,40,0,0
9001,9007885000,-40,1,1
9002,9008885000,40,0,0
9003,9009885000,42,0,0
9004,9010885000,-42,1,1
9005,9011885000,-46,1,1
9006,9012885000,-48,1,1
9007,9013885000,-48,1,1
9008,9014885000,-46,1,1
9009,9015885000,-42,1,1
9010,9016885000,42,0,0
9011,9017885000,46,0,0
9012,9018885000,48,0,0
9013,9019885000,46,0,0
9014,9020885000,40,0,0
9015,9021885000,-38,1,1
9016,9022885000,38,0,0
9017,9023885000,-40,1,1
9018,9024885000,-42,1,1
9019,9025885000,42,0,0
9020,9026885000,42,0,0
9021,9027885000,-42,1,1
9022,9028885000,-46,1,1
9023,9029885000,-42,1,1
9024,9030885000,42,0,0
9025,9031885000,42,0,0
9026,9032885000,-42,1,1
9027,9033885000,-46,1,1
9028,9034885000,-46,1,1
9029,9035885000,-42,1,1
9030,9036885000,42,0,0
9031,9037885000,40,0,0
9032,9038885000,-38,1,1
9033,9039885000,38,0,0
9034,9040885000,-38,1,1
9035,9041885000,40,0,0
9036,9042885000,46,0,0
9037,9043885000,46,0,0
9038,9044885000,42,0,0
9039,9045885000,-42,1,1
9040,9046885000,-40,1,1
9041,9047885000,40,0,0
9042,9048885000,-40,1,1
9043,9049885000,-46,1,1
9044,9050885000,-40,1,1
9045,9051885000,38,0,0
9046,9052885000,-38,1,1
9047,9053885000,40,0,0
9048,9054885000,42,0,0
9049,9055885000,-42,1,1
9050,9056885000,-46,1,1
9051,9057885000,-42,1,1
9052,9058885000,42,0,0
9053,9059885000,46,0,0
9054,9060885000,48,0,0
9055,9061885000,48,0,0
9056,9062885000,48,0,0
9057,9063885000,48,0,0
9058,9064885000,46,0,0
9059,9065885000,42,0,0
9060,9066885000,-42,1,1
9061,9067885000,-46,1,1
9062,9068885000,-42,1,1
9063,9069885000,42,0,0
9064,9070885000,46,0,0
9065,9071885000,42,0,0
9066,9072885000,-42,1,1
9067,9073885000,-42,1,1
9068,9074885000,42,0,0
9069,9075885000,46,0,0
9070,9076885000,40,0,0
9071,9077885000,-40,1,1
9072,9078885000,40,0,0
9073,9079885000,42,0,0
9074,9080885000,-42,1,1
9075,9081885000,-42,1,1
9076,9082885000,42,0,0
9077,9083885000,42,0,0
9078,9084885000,-42,1,1
9079,9085885000,-42,1,1
9080,9086885000,42,0,0
9081,9087885000,40,0,0
9082,9088885000,-40,1,1
9083,9089885000,40,0,0
9084,9090885000,42,0,0
9085,9091885000,-42,1,1
9086,9092885000,-42,1,1
9087,9093885000,42,0,0
9088,9094885000,42,0,0
9089,9095885000,-42,1,1
9090,9096885000,-46,1,1
9091,9097885000,-40,1,1
9092,9098885000,40,0,0
9093,9099885000,-40,1,1
9094,9100885000,-46,1,1
9095,9101885000,-42,1,1
9096,9102885000,42,0,0
9097,9103885000,46,0,0
9098,9104885000,46,0,0
9099,9105885000,40,0,0
9100,9106885000,-40,1,1
9101,9107885000,40,0,0
9102,9108885000,46,0,0
9103,9109885000,46,0,0
9104,9110885000,40,0,0
9105,9111885000,-38,1,1
9106,9112885000,38,0,0
9107,9113885000,-40,1,1
9108,9114885000,-42,1,1
9109,9115885000,42,0,0
9110,9116885000,42,0,0
9111,9117885000,-42,1,1
9112,9118885000,-42,1,1
9113,9119885000,42,0,0
9114,9120885000,40,0,0
9115,9121885000,-38,1,1
9116,9122885000,38,0,0
9117,9123885000,-38,1,1
9118,9124885000,40,0,0
9119,9125885000,46,0,0
9120,9126885000,48,0,0
9121,9127885000,46,0,0
9122,9128885000,40,0,0
9123,9129885000,-40,1,1
9124,9130885000,40,0,0
9125,9131885000,42,0,0
9126,9132885000,-42,1,1
9127,9133885000,-46,1,1
9128,9134885000,-48,1,1
9129,9135885000,-48,1,1
9130,9136885000,-48,1,1
9131,9137885000,-46,1,1
9132,9138885000,-40,1,1
9133,9139885000,40,0,0
9134,9140885000,-40,1,1
9135,9141885000,-46,1,1
9136,9142885000,-40,1,1
9137,9143885000,38,0,0
9138,9144885000,-38,1,1
9139,9145885000,38,0,0
9140,9146885000,-38,1,1
9141,9147885000,40,0,0
9142,9148885000,40,0,0
9143,9149885000,-38,1,1
9144,9150885000,38,0,0
9145,9151885000,-38,1,1
9146,9152885000,38,0,0
9147,9153885000,-40,1,1
9148,9154885000,-40,1,1
9149,9155885000,40,0,0
9150,9156885000,-40,1,1
9151,9157885000,-40,1,1
9152,9158885000,38,0,0
9153,9159885000,-38,1,1
9154,9160885000,40,0,0
9155,9161885000,42,0,0
9156,9162885000,-42,1,1
9157,9163885000,-40,1,1
9158,9164885000,38,0,0
9159,9165885000,-38,1,1
9160,9166885000,40,0,0
9161,9167885000,46,0,0
9162,9168885000,46,0,0
9163,9169885000,42,0,0
9164,9170885000,-42,1,1
9165,9171885000,-42,1,1
9166,9172885000,42,0,0
9167,9173885000,40,0,0
9168,9174885000,-38,1,1
9169,9175885000,38,0,0
9170,9176885000,-40,1,1
9171,9177885000,-46,1,1
9172,9178885000,-48,1,1
9173,9179885000,-46,1,1
9174,9180885000,-40,1,1
9175,9181885000,38,0,0
9176,9182885000,-38,1,1
9177,9183885000,40,0,0
9178,9184885000,46,0,0
9179,9185885000,48,0,0
9180,9186885000,48,0,0
9181,9187885000,46,0,0
9182,9188885000,40,0,0
9183,9189885000,-38,1,1
9184,9190885000,38,0,0
9185,9191885000,-40,1,1
9186,9192885000,-42,1,1
9187,9193885000,42,0,0
9188,9194885000,40,0,0
9189,9195885000,-40,1,1
9190,9196885000,40,0,0
9191,9197885000,46,0,0
9192,9198885000,48,0,0
9193,9199885000,48,0,0
9194,9200885000,48,0,0
9195,9201885000,48,0,0
9196,9202885000,48,0,0
9197,9203885000,46,0,0
9198,9204885000,42,0,0
9199,9205885000,-42,1,1
9200,9206885000,-42,1,1
9201,9207885000,42,0,0
9202,9208885000,46,0,0
9203,9209885000,46,0,0
9204,9210885000,42,0,0
9205,9211885000,-42,1,1
9206,9212885000,-42,1,1
9207,9213885000,42,0,0
9208,9214885000,40,0,0
9209,9215885000,-40,1,1
9210,9216885000,40,0,0
9211,9217885000,42,0,0
9212,9218885000,-42,1,1
9213,9219885000,-46,1,1
9214,9220885000,-46,1,1
9215,9221885000,-40,1,1
9216,9222885000,38,0,0
9217,9223885000,-38,1,1
9218,9224885000,38,0,0
9219,9225885000,-40,1,1
9220,9226885000,-40,1,1
9221,9227885000,38,0,0
9222,9228885000,-38,1,1
9223,9229885000,40,0,0
9224,9230885000,40,0,0
9225,9231885000,-38,1,1
9226,9232885000,38,0,0
9227,9233885000,-40,1,1
9228,9234885000,-46,1,1
9229,9235885000,-40,1,1
9230,9236885000,38,0,0
9231,9237885000,-38,1,1
9232,9238885000,38,0,0
9233,9239885000,-38,1,1
9234,9240885000,40,0,0
9235,9241885000,42,0,0
9236,9242885000,-42,1,1
9237,9243885000,-42,1,1
9238,9244885000,42,0,0
9239,9245885000,46,0,0
9240,9246885000,42,0,0
9241,9247885000,-42,1,1
9242,9248885000,-42,1,1
9243,9249885000,42,0,0
9244,9250885000,42,0,0
9245,9251885000,-42,1,1
9246,9252885000,-42,1,1
9247,9253885000,42,0,0
9248,9254885000,46,0,0
9249,9255885000,40,0,0
9250,9256885000,-40,1,1
9251,9257885000,40,0,0
9252,9258885000,46,0,0
9253,9259885000,42,0,0
9254,9260885000,-42,1,1
9255,9261885000,-42,1,1
9256,9262885000,42,0,0
9257,9263885000,46,0,0
9258,9264885000,40,0,0
9259,9265885000,-40,1,1
9260,9266885000,40,0,0
9261,9267885000,46,0,0
9262,9268885000,42,0,0
9263,9269885000,-42,1,1
9264,9270885000,-46,1,1
9265,9271885000,-40,1,1
9266,9272885000,40,0,0
9267,9273885000,-40,1,1
9268,9274885000,-46,1,1
9269,9275885000,-40,1,1
9270,9276885000,38,0,0
9271,9277885000,-38,1,1
9272,9278885000,38,0,0
9273,9279885000,-40,1,1
9274,9280885000,-42,1,1
9275,9281885000,42,0,0
9276,9282885000,42,0,0
9277,9283885000,-42,1,1
9278,9284885000,-46,1,1
9279,9285885000,-42,1,1
9280,9286885000,42,0,0
9281,9287885000,46,0,0
9282,9288885000,46,0,0
9283,9289885000,42,0,0
9284,9290885000,-42,1,1
9285,9291885000,-40,1,1
9286,9292885000,40,0,0
9287,9293885000,-40,1,1
9288,9294885000,-46,1,1
9289,9295885000,-48,1,1
9290,9296885000,-48,1,1
9291,9297885000,-48,1,1
9292,9298885000,-48,1,1
9293,9299885000,-46,1,1
9294,9300885000,-42,1,1
9295,9301885000,42,0,0
9296,9302885000,46,0,0
9297,9303885000,48,0,0
9298,9304885000,48,0,0
9299,9305885000,46,0,0
9300,9306885000,42,0,0
9301,9307885000,-42,1,1
9302,9308885000,-46,1,1
9303,9309885000,-42,1,1
9304,9310885000,42,0,0
9305,9311885000,46,0,0
9306,9312885000,48,0,0
9307,9313885000,46,0,0
9308,9314885000,40,0,0
9309,9315885000,-40,1,1
9310,9316885000,40,0,0
9311,9317885000,46,0,0
9312,9318885000,48,0,0
9313,9319885000,48,0,0
9314,9320885000,46,0,0
9315,9321885000,42,0,0
9316,9322885000,-42,1,1
9317,9323885000,-46,1,1
9318,9324885000,-40,1,1
9319,9325885000,38,0,0
9320,9326885000,-38,1,1
9321,9327885000,38,0,0
9322,9328885000,-38,1,1
9323,9329885000,38,0,0
9324,9330885000,-38,1,1
9325,9331885000,38,0,0
9326,9332885000,-40,1,1
9327,9333885000,-46,1,1
9328,9334885000,-48,1,1
9329,9335885000,-48,1,1
9330,9336885000,-46,1,1
9331,9337885000,-40,1,1
9332,9338885000,38,0,0
9333,9339885000,-38,1,1
9334,9340885000,40,0,0
9335,9341885000,46,0,0
9336,9342885000,40,0,0
9337,9343885000,-40,1,1
9338,9344885000,40,0,0
9339,9345885000,42,0,0
9340,9346885000,-42,1,1
9341,9347885000,-42,1,1
9342,9348885000,42,0,0
9343,9349885000,46,0,0
9344,9350885000,46,0,0
9345,9351885000,40,0,0
9346,9352885000,-40,1,1
9347,9353885000,40,0,0
9348,9354885000,40,0,0
9349,9355885000,-40,1,1
9350,9356885000,40,0,0
9351,9357885000,40,0,0
9352,9358885000,-38,1,1
9353,9359885000,38,0,0
9354,9360885000,-38,1,1
9355,9361885000,38,0,0
9356,9362885000,-40,1,1
9357,9363885000,-40,1,1
9358,9364885000,40,0,0
9359,9365885000,-40,1,1
9360,9366885000,-40,1,1
9361,9367885000,40,0,0
9362,9368885000,-40,1,1
9363,9369885000,-46,1,1
9364,9370885000,-46,1,1
9365,9371885000,-40,1,1
9366,9372885000,38,0,0
9367,9373885000,-38,1,1
9368,9374885000,38,0,0
9369,9375885000,-40,1,1
9370,9376885000,-46,1,1
9371,9377885000,-48,1,1
9372,9378885000,-46,1,1
9373,9379885000,-40,1,1
9374,9380885000,40,0,0
9375,9381885000,-40,1,1
9376,9382885000,-46,1,1
9377,9383885000,-46,1,1
9378,9384885000,-40,1,1
9379,9385885000,38,0,0
9380,9386885000,-38,1,1
9381,9387885000,38,0,0
9382,9388885000,-38,1,1
9383,9389885000,40,0,0
9384,9390885000,46,0,0
9385,9391885000,46,0,0
9386,9392885000,40,0,0
9387,9393885000,-40,1,1
9388,9394885000,40,0,0
9389,9395885000,42,0,0
9390,9396885000,-42,1,1
9391,9397885000,-46,1,1
9392,9398885000,-42,1,1
9393,9399885000,42,0,0
9394,9400885000,46,0,0
9395,9401885000,46,0,0
9396,9402885000,40,0,0
9397,9403885000,-40,1,1
9398,9404885000,40,0,0
9399,9405885000,46,0,0
9400,9406885000,48,0,0
9401,9407885000,48,0,0
9402,9408885000,46,0,0
9403,9409885000,40,0,0
9404,9410885000,-38,1,1
9405,9411885000,38,0,0
9406,9412885000,-40,1,1
9407,9413885000,-46,1,1
9408,9414885000,-42,1,1
9409,9415885000,42,0,0
9410,9416885000,46,0,0
9411,9417885000,42,0,0
9412,9418885000,-42,1,1
9413,9419885000,-42,1,1
9414,9420885000,42,0,0
9415,9421885000,40,0,0
9416,9422885000,-40,1,1
9417,9423885000,40,0,0
9418,9424885000,42,0,0
9419,9425885000,-42,1,1
9420,9426885000,-40,1,1
9421,9427885000,38,0,0
9422,9428885000,-38,1,1
9423,9429885000,40,0,0
9424,9430885000,46,0,0
9425,9431885000,48,0,0
9426,9432885000,48,0,0
9427,9433885000,48,0,0
9428,9434885000,48,0,0
9429,9435885000,48,0,0
9430,9436885000,48,0,0
9431,9437885000,48,0,0
9432,9438885000,48,0,0
9433,9439885000,46,0,0
9434,9440885000,40,0,0
9435,9441885000,-40,1,1
9436,9442885000,40,0,0
9437,9443885000,46,0,0
9438,9444885000,46,0,0
9439,9445885000,40,0,0
9440,9446885000,-40,1,1
9441,9447885000,40,0,0
9442,9448885000,46,0,0
9443,9449885000,46,0,0
9444,9450885000,42,0,0
9445,9451885000,-42,1,1
9446,9452885000,-46,1,1
9447,9453885000,-42,1,1
9448,9454885000,42,0,0
9449,9455885000,42,0,0
9450,9456885000,-42,1,1
9451,9457885000,-40,1,1
9452,9458885000,40,0,0
9453,9459885000,-40,1,1
9454,9460885000,-46,1,1
9455,9461885000,-42,1,1
9456,9462885000,42,0,0
9457,9463885000,46,0,0
9458,9464885000,40,0,0
9459,9465885000,-40,1,1
9460,9466885000,40,0,0
9461,9467885000,42,0,0
9462,9468885000,-42,1,1
9463,9469885000,-46,1,1
9464,9470885000,-40,1,1
9465,9471885000,38,0,0
9466,9472885000,-38,1,1
9467,9473885000,38,0,0
9468,9474885000,-38,1,1
9469,9475885000,40,0,0
9470,9476885000,40,0,0
9471,9477885000,-40,1,1
9472,9478885000,40,0,0
9473,9479885000,40,0,0
9474,9480885000,-40,1,1
9475,9481885000,40,0,0
9476,9482885000,40,0,0
9477,9483885000,-40,1,1
9478,9484885000,40,0,0
9479,9485885000,46,0,0
9480,9486885000,48,0,0
9481,9487885000,48,0,0
9482,9488885000,48,0,0
9483,9489885000,48,0,0
9484,9490885000,46,0,0
9485,9491885000,40,0,0
9486,9492885000,-38,1,1
9487,9493885000,38,0,0
9488,9494885000,-38,1,1
9489,9495885000,40,0,0
9490,9496885000,46,0,0
9491,9497885000,46,0,0
9492,9498885000,42,0,0
9493,9499885000,-42,1,1
9494,9500885000,-40,1,1
9495,9501885000,38,0,0
9496,9502885000,-38,1,1
9497,9503885000,40,0,0
9498,9504885000,46,0,0
9499,9505885000,46,0,0
9500,9506885000,40,0,0
9501,9507885000,-38,1,1
9502,9508885000,38,0,0
9503,9509885000,-38,1,1
9504,9510885000,40,0,0
9505,9511885000,40,0,0
9506,9512885000,-40,1,1
9507,9513885000,40,0,0
9508,9514885000,46,0,0
9509,9515885000,42,0,0
9510,9516885000,-42,1,1
9511,9517885000,-46,1,1
9512,9518885000,-48,1,1
9513,9519885000,-48,1,1
9514,9520885000,-48,1,1
9515,9521885000,-48,1,1
9516,9522885000,-46,1,1
9517,9523885000,-42,1,1
9518,9524885000,42,0,0
9519,9525885000,46,0,0
9520,9526885000,46,0,0
9521,9527885000,40,0,0
9522,9528885000,-38,1,1
9523,9529885000,38,0,0
9524,9530885000,-40,1,1
9525,9531885000,-40,1,1
9526,9532885000,38,0,0
9527,9533885000,-38,1,1
9528,9534885000,40,0,0
9529,9535885000,42,0,0
9530,9536885000,-42,1,1
9531,9537885000,-42,1,1
9532,9538885000,42,0,0
9533,9539885000,46,0,0
9534,9540885000,40,0,0
9535,9541885000,-40,1,1
9536,9542885000,40,0,0
9537,9543885000,46,0,0
9538,9544885000,46,0,0
9539,9545885000,40,0,0
9540,9546885000,-40,1,1
9541,9547885000,40,0,0
9542,9548885000,46,0,0
9543,9549885000,48,0,0
9544,9550885000,48,0,0
9545,9551885000,48,0,0
9546,9552885000,48,0,0
9547,9553885000,48,0,0
9548,9554885000,46,0,0
9549,9555885000,40,0,0
9550,9556885000,-40,1,1
9551,9557885000,40,0,0
9552,9558885000,42,0,0
9553,9559885000,-42,1,1
9554,9560885000,-46,1,1
9555,9561885000,-48,1,1
9556,9562885000,-46,1,1
9557,9563885000,-42,1,1
9558,9564885000,42,0,0
9559,9565885000,42,0,0
9560,9566885000,-42,1,1
9561,9567885000,-46,1,1
9562,9568885000,-48,1,1
9563,9569885000,-46,1,1
9564,9570885000,-40,1,1
9565,9571885000,40,0,0
9566,9572885000,-40,1,1
9567,9573885000,-42,1,1
9568,9574885000,42,0,0
9569,9575885000,42,0,0
9570,9576885000,-42,1,1
9571,9577885000,-42,1,1
9572,9578885000,42,0,0
9573,9579885000,42,0,0
9574,9580885000,-42,1,1
9575,9581885000,-42,1,1
9576,9582885000,42,0,0
9577,9583885000,46,0,0
9578,9584885000,42,0,0
9579,9585885000,-42,1,1
9580,9586885000,-46,1,1
9581,9587885000,-46,1,1
9582,9588885000,-40,1,1
9583,9589885000,40,0,0
9584,9590885000,-40,1,1
9585,9591885000,-46,1,1
9586,9592885000,-42,1,1
9587,9593885000,42,0,0
9588,9594885000,42,0,0
9589,9595885000,-42,1,1
9590,9596885000,-42,1,1
9591,9597885000,42,0,0
9592,9598885000,42,0,0
9593,9599885000,-42,1,1
9594,9600885000,-46,1,1
9595,9601885000,-48,1,1
9596,9602885000,-48,1,1
9597,9603885000,-46,1,1
9598,9604885000,-40,1,1
9599,9605885000,38,0,0
9600,9606885000,-38,1,1
9601,9607885000,40,0,0
9602,9608885000,46,0,0
9603,9609885000,42,0,0
9604,9610885000,-42,1,1
9605,9611885000,-46,1,1
9606,9612885000,-42,1,1
9607,9613885000,42,0,0
9608,9614885000,40,0,0
9609,9615885000,-38,1,1
9610,9616885000,38,0,0
9611,9617885000,-40,1,1
9612,9618885000,-40,1,1
9613,9619885000,40,0,0
9614,9620885000,-40,1,1
9615,9621885000,-40,1,1
9616,9622885000,40,0,0
9617,9623885000,-40,1,1
9618,9624885000,-46,1,1
9619,9625885000,-46,1,1
9620,9626885000,-40,1,1
9621,9627885000,40,0,0
9622,9628885000,-40,1,1
9623,9629885000,-42,1,1
9624,9630885000,42,0,0
9625,9631885000,46,0,0
9626,9632885000,42,0,0
9627,9633885000,-42,1,1
9628,9634885000,-46,1,1
9629,9635885000,-40,1,1
9630,9636885000,40,0,0
9631,9637885000,-40,1,1
9632,9638885000,-46,1,1
9633,9639885000,-46,1,1
9634,9640885000,-40,1,1
9635,9641885000,40,0,0
9636,9642885000,-40,1,1
9637,9643885000,-40,1,1
9638,9644885000,40,0,0
9639,9645885000,-40,1,1
9640,9646885000,-46,1,1
9641,9647885000,-48,1,1
9642,9648885000,-46,1,1
9643,9649885000,-40,1,1
9644,9650885000,40,0,0
9645,9651885000,-40,1,1
9646,9652885000,-46,1,1
9647,9653885000,-40,1,1
9648,9654885000,40,0,0
9649,9655885000,-40,1,1
9650,9656885000,-46,1,1
9651,9657885000,-48,1,1
9652,9658885000,-48,1,1
9653,9659885000,-46,1,1
9654,9660885000,-40,1,1
9655,9661885000,40,0,0
9656,9662885000,-40,1,1
9657,9663885000,-46,1,1
9658,9664885000,-42,1,1
9659,9665885000,42,0,0
9660,9666885000,46,0,0
9661,9667885000,46,0,0
9662,9668885000,40,0,0
9663,9669885000,-38,1,1
9664,9670885000,38,0,0
9665,9671885000,-40,1,1
9666,9672885000,-46,1,1
9667,9673885000,-46,1,1
9668,9674885000,-40,1,1
9669,9675885000,38,0,0
9670,9676885000,-38,1,1
9671,9677885000,40,0,0
9672,9678885000,40,0,0
9673,9679885000,-40,1,1
9674,9680885000,40,0,0
9675,9681885000,42,0,0
9676,9682885000,-42,1,1
9677,9683885000,-40,1,1
9678,9684885000,40,0,0
9679,9685885000,-40,1,1
9680,9686885000,-46,1,1
9681,9687885000,-40,1,1
9682,9688885000,40,0,0
9683,9689885000,-40,1,1
9684,9690885000,-46,1,1
9685,9691885000,-48,1,1
9686,9692885000,-46,1,1
9687,9693885000,-40,1,1
9688,9694885000,38,0,0
9689,9695885000,-38,1,1
9690,9696885000,40,0,0
9691,9697885000,46,0,0
9692,9698885000,46,0,0
9693,9699885000,42,0,0
9694,9700885000,-42,1,1
9695,9701885000,-40,1,1
9696,9702885000,38,0,0
9697,9703885000,-38,1,1
9698,9704885000,40,0,0
9699,9705885000,42,0,0
9700,9706885000,-42,1,1
9701,9707885000,-40,1,1
9702,9708885000,40,0,0
9703,9709885000,-40,1,1
9704,9710885000,-42,1,1
9705,9711885000,42,0,0
9706,9712885000,42,0,0
9707,9713885000,-42,1,1
9708,9714885000,-46,1,1
9709,9715885000,-46,1,1
9710,9716885000,-42,1,1
9711,9717885000,42,0,0
9712,9718885000,42,0,0
9713,9719885000,-42,1,1
9714,9720885000,-46,1,1
9715,9721885000,-48,1,1
9716,9722885000,-46,1,1
9717,9723885000,-42,1,1
9718,9724885000,42,0,0
9719,9725885000,40,0,0
9720,9726885000,-38,1,1
9721,9727885000,38,0,0
9722,9728885000,-40,1,1
9723,9729885000,-40,1,1
9724,9730885000,38,0,0
9725,9731885000,-38,1,1
9726,9732885000,40,0,0
9727,9733885000,46,0,0
9728,9734885000,48,0,0
9729,9735885000,46,0,0
9730,9736885000,40,0,0
9731,9737885000,-38,1,1
9732,9738885000,38,0,0
9733,9739885000,-40,1,1
9734,9740885000,-46,1,1
9735,9741885000,-40,1,1
9736,9742885000,40,0,0
9737,9743885000,-40,1,1
9738,9744885000,-40,1,1
9739,9745885000,38,0,0
9740,9746885000,-38,1,1
9741,9747885000,40,0,0
9742,9748885000,40,0,0
9743,9749885000,-40,1,1
9744,9750885000,40,0,0
9745,9751885000,40,0,0
9746,9752885000,-40,1,1
9747,9753885000,40,0,0
9748,9754885000,40,0,0
9749,9755885000,-40,1,1
9750,9756885000,40,0,0
9751,9757885000,42,0,0
9752,9758885000,-42,1,1
9753,9759885000,-40,1,1
9754,9760885000,38,0,0
9755,9761885000,-38,1,1
9756,9762885000,40,0,0
9757,9763885000,40,0,0
9758,9764885000,-40,1,1
9759,9765885000,40,0,0
9760,9766885000,40,0,0
9761,9767885000,-38,1,1
9762,9768885000,38,0,0
9763,9769885000,-40,1,1
9764,9770885000,-40,1,1
9765,9771885000,38,0,0
9766,9772885000,-38,1,1
9767,9773885000,40,0,0
9768,9774885000,40,0,0
9769,9775885000,-40,1,1
9770,9776885000,40,0,0
9771,9777885000,42,0,0
9772,9778885000,-42,1,1
9773,9779885000,-46,1,1
9774,9780885000,-46,1,1
9775,9781885000,-42,1,1
9776,9782885000,42,0,0
9777,9783885000,42,0,0
9778,9784885000,-42,1,1
9779,9785885000,-46,1,1
9780,9786885000,-46,1,1
9781,9787885000,-42,1,1
9782,9788885000,42,0,0
9783,9789885000,46,0,0
9784,9790885000,42,0,0
9785,9791885000,-42,1,1
9786,9792885000,-42,1,1
9787,9793885000,42,0,0
9788,9794885000,42,0,0
9789,9795885000,-42,1,1
9790,9796885000,-46,1,1
9791,9797885000,-48,1,1
9792,9798885000,-46,1,1
9793,9799885000,-40,1,1
9794,9800885000,38,0,0
9795,9801885000,-38,1,1
9796,9802885000,38,0,0
9797,9803885000,-38,1,1
9798,9804885000,40,0,0
9799,9805885000,42,0,0
9800,9806885000,-42,1,1
9801,9807885000,-42,1,1
9802,9808885000,42,0,0
9803,9809885000,42,0,0
9804,9810885000,-42,1,1
9805,9811885000,-40,1,1
9806,9812885000,40,0,0
9807,9813885000,-40,1,1
9808,9814885000,-46,1,1
9809,9815885000,-46,1,1
9810,9816885000,-40,1,1
9811,9817885000,40,0,0
9812,9818885000,-40,1,1
9813,9819885000,-42,1,1
9814,9820885000,42,0,0
9815,9821885000,42,0,0
9816,9822885000,-42,1,1
9817,9823885000,-40,1,1
9818,9824885000,38,0,0
9819,9825885000,-38,1,1
9820,9826885000,40,0,0
9821,9827885000,40,0,0
9822,9828885000,-40,1,1
9823,9829885000,40,0,0
9824,9830885000,46,0,0
9825,9831885000,48,0,0
9826,9832885000,46,0,0
9827,9833885000,40,0,0
9828,9834885000,-40,1,1
9829,9835885000,40,0,0
9830,9836885000,40,0,0
9831,9837885000,-38,1,1
9832,9838885000,38,0,0
9833,9839885000,-38,1,1
9834,9840885000,40,0,0
9835,9841885000,42,0,0
9836,9842885000,-42,1,1
9837,9843885000,-46,1,1
9838,9844885000,-42,1,1
9839,9845885000,42,0,0
9840,9846885000,42,0,0
9841,9847885000,-42,1,1
9842,9848885000,-46,1,1
9843,9849885000,-40,1,1
9844,9850885000,38,0,0
9845,9851885000,-38,1,1
9846,9852885000,40,0,0
9847,9853885000,46,0,0
9848,9854885000,42,0,0
9849,9855885000,-42,1,1
9850,9856885000,-42,1,1
9851,9857885000,42,0,0
9852,9858885000,46,0,0
9853,9859885000,40,0,0
9854,9860885000,-38,1,1
9855,9861885000,38,0,0
9856,9862885000,-40,1,1
9857,9863885000,-42,1,1
9858,9864885000,42,0,0
9859,9865885000,46,0,0
9860,9866885000,48,0,0
9861,9867885000,46,0,0
9862,9868885000,40,0,0
9863,9869885000,-40,1,1
9864,9870885000,40,0,0
9865,9871885000,40,0,0
9866,9872885000,-38,1,1
9867,9873885000,38,0,0
9868,9874885000,-38,1,1
9869,9875885000,38,0,0
9870,9876885000,-38,1,1
9871,9877885000,40,0,0
9872,9878885000,42,0,0
9873,9879885000,-42,1,1
9874,9880885000,-40,1,1
9875,9881885000,38,0,0
9876,9882885000,-38,1,1
9877,9883885000,38,0,0
9878,9884885000,-40,1,1
9879,9885885000,-42,1,1
9880,9886885000,42,0,0
9881,9887885000,40,0,0
9882,9888885000,-40,1,1
9883,9889885000,40,0,0
9884,9890885000,46,0,0
9885,9891885000,46,0,0
9886,9892885000,42,0,0
9887,9893885000,-42,1,1
9888,9894885000,-46,1,1
9889,9895885000,-48,1,1
9890,9896885000,-48,1,1
9891,9897885000,-46,1,1
9892,9898885000,-42,1,1
9893,9899885000,42,0,0
9894,9900885000,46,0,0
9895,9901885000,42,0,0
9896,9902885000,-42,1,1
9897,9903885000,-42,1,1
9898,9904885000,42,0,0
9899,9905885000,40,0,0
9900,9906885000,-40,1,1
9901,9907885000,40,0,0
9902,9908885000,46,0,0
9903,9909885000,46,0,0
9904,9910885000,40,0,0
9905,9911885000,-40,1,1
9906,9912885000,40,0,0
9907,9913885000,40,0,0
9908,9914885000,-38,1,1
9909,9915885000,38,0,0
9910,9916885000,-38,1,1
9911,9917885000,38,0,0
9912,9918885000,-40,1,1
9913,9919885000,-40,1,1
9914,9920885000,38,0,0
9915,9921885000,-38,1,1
9916,9922885000,40,0,0
9917,9923885000,46,0,0
9918,9924885000,46,0,0
9919,9925885000,42,0,0
9920,9926885000,-42,1,1
9921,9927885000,-40,1,1
9922,9928885000,38,0,0
9923,9929885000,-38,1,1
9924,9930885000,38,0,0
9925,9931885000,-40,1,1
9926,9932885000,-46,1,1
9927,9933885000,-46,1,1
9928,9934885000,-40,1,1
9929,9935885000,40,0,0
9930,9936885000,-40,1,1
9931,9937885000,-40,1,1
9932,9938885000,40,0,0
9933,9939885000,-40,1,1
9934,9940885000,-46,1,1
9935,9941885000,-46,1,1
9936,9942885000,-40,1,1
9937,9943885000,40,0,0
9938,9944885000,-40,1,1
9939,9945885000,-46,1,1
9940,9946885000,-42,1,1
9941,9947885000,42,0,0
9942,9948885000,42,0,0
9943,9949885000,-42,1,1
9944,9950885000,-46,1,1
9945,9951885000,-46,1,1
9946,9952885000,-42,1,1
9947,9953885000,42,0,0
9948,9954885000,46,0,0
9949,9955885000,42,0,0
9950,9956885000,-42,1,1
9951,9957885000,-46,1,1
9952,9958885000,-46,1,1
9953,9959885000,-40,1,1
9954,9960885000,38,0,0
9955,9961885000,-38,1,1
9956,9962885000,38,0,0
9957,9963885000,-40,1,1
9958,9964885000,-42,1,1
9959,9965885000,42,0,0
9960,9966885000,40,0,0
9961,9967885000,-40,1,1
9962,9968885000,40,0,0
9963,9969885000,46,0,0
9964,9970885000,46,0,0
9965,9971885000,40,0,0
9966,9972885000,-38,1,1
9967,9973885000,38,0,0
9968,9974885000,-38,1,1
9969,9975885000,40,0,0
9970,9976885000,40,0,0
9971,9977885000,-40,1,1
9972,9978885000,40,0,0
9973,9979885000,46,0,0
9974,9980885000,42,0,0
9975,9981885000,-42,1,1
9976,9982885000,-40,1,1
9977,9983885000,40,0,0
9978,9984885000,-40,1,1
9979,9985885000,-46,1,1
9980,9986885000,-48,1,1
9981,9987885000,-48,1,1
9982,9988885000,-48,1,1
9983,9989885000,-46,1,1
9984,9990885000,-42,1,1
9985,9991885000,42,0,0
9986,9992885000,42,0,0
9987,9993885000,-42,1,1
9988,9994885000,-46,1,1
9989,9995885000,-46,1,1
9990,9996885000,-42,1,1
9991,9997885000,42,0,0
9992,9998885000,46,0,0
9993,9999885000,40,0,0
9994,10000885000,-38,1,1
9995,10001885000,38,0,0
9996,10002885000,-40,1,1
9997,10003885000,-40,1,1
9998,10004885000,40,0,0
9999,10005885000,-40,1,1
10000,10006885000,-46,1,1
10001,10007885000,-40,1,1
10002,10008885000,38,0,0
10003,10009885000,-38,1,1
10004,10010885000,38,0,0
10005,10011885000,-38,1,1
10006,10012885000,40,0,0
10007,10013885000,46,0,0
10008,10014885000,40,0,0
10009,10015885000,-38,1,1
10010,10016885000,38,0,0
10011,10017885000,-40,1,1
10012,10018885000,-40,1,1
10013,10019885000,38,0,0
10014,10020885000,-38,1,1
10015,10021885000,40,0,0
10016,10022885000,42,0,0
10017,10023885000,-42,1,1
10018,10024885000,-40,1,1
10019,10025885000,38,0,0
10020,10026885000,-38,1,1
10021,10027885000,40,0,0
10022,10028885000,40,0,0
10023,10029885000,-38,1,1
10024,10030885000,38,0,0
10025,10031885000,-38,1,1
10026,10032885000,38,0,0
10027,10033885000,-40,1,1
10028,10034885000,-40,1,1
10029,10035885000,40,0,0
10030,10036885000,-40,1,1
10031,10037885000,-42,1,1
10032,10038885000,42,0,0
10033,10039885000,46,0,0
10034,10040885000,40,0,0
10035,10041885000,-38,1,1
10036,10042885000,38,0,0
10037,10043885000,-40,1,1
10038,10044885000,-46,1,1
10039,10045885000,-42,1,1
10040,10046885000,42,0,0
10041,10047885000,46,0,0
10042,10048885000,46,0,0
10043,10049885000,40,0,0
10044,10050885000,-38,1,1
10045,10051885000,38,0,0
10046,10052885000,-38,1,1
10047,10053885000,38,0,0
10048,10054885000,-38,1,1
10049,10055885000,40,0,0
10050,10056885000,46,0,0
10051,10057885000,48,0,0
10052,10058885000,48,0,0
10053,10059885000,48,0,0
10054,10060885000,46,0,0
10055,10061885000,40,0,0
10056,10062885000,-40,1,1
10057,10063885000,40,0,0
10058,10064885000,46,0,0
10059,10065885000,48,0,0
10060,10066885000,48,0,0
10061,10067885000,48,0,0
10062,10068885000,46,0,0
10063,10069885000,40,0,0
10064,10070885000,-40,1,1
10065,10071885000,40,0,0
10066,10072885000,42,0,0
10067,10073885000,-42,1,1
10068,10074885000,-42,1,1
10069,10075885000,42,0,0
10070,10076885000,46,0,0
10071,10077885000,42,0,0
10072,10078885000,-42,1,1
10073,10079885000,-42,1,1
10074,10080885000,42,0,0
10075,10081885000,46,0,0
10076,10082885000,46,0,0
10077,10083885000,40,0,0
10078,10084885000,-40,1,1
10079,10085885000,40,0,0
10080,10086885000,46,0,0
10081,10087885000,48,0,0
10082,10088885000,46,0,0
10083,10089885000,40,0,0
10084,10090885000,-40,1,1
10085,10091885000,40,0,0
10086,10092885000,46,0,0
10087,10093885000,42,0,0
10088,10094885000,-42,1,1
10089,10095885000,-40,1,1
10090,10096885000,40,0,0
10091,10097885000,-40,1,1
10092,10098885000,-46,1,1
10093,10099885000,-48,1,1
10094,10100885000,-46,1,1
10095,10101885000,-40,1,1
10096,10102885000,38,0,0
10097,10103885000,-38,1,1
10098,10104885000,38,0,0
10099,10105885000,-40,1,1
10100,10106885000,-46,1,1
10101,10107885000,-42,1,1
10102,10108885000,42,0,0
10103,10109885000,46,0,0
10104,10110885000,46,0,0
10105,10111885000,42,0,0
10106,10112885000,-42,1,1
10107,10113885000,-46,1,1
10108,10114885000,-46,1,1
10109,10115885000,-42,1,1
10110,10116885000,42,0,0
10111,10117885000,40,0,0
10112,10118885000,-40,1,1
10113,10119885000,40,0,0
10114,10120885000,46,0,0
10115,10121885000,46,0,0
10116,10122885000,42,0,0
10117,10123885000,-42,1,1
10118,10124885000,-42,1,1
10119,10125885000,42,0,0
10120,10126885000,46,0,0
10121,10127885000,40,0,0
10122,10128885000,-38,1,1
10123,10129885000,38,0,0
10124,10130885000,-38,1,1
10125,10131885000,38,0,0
10126,10132885000,-38,1,1
10127,10133885000,38,0,0
10128,10134885000,-40,1,1
10129,10135885000,-40,1,1
10130,10136885000,40,0,0
10131,10137885000,-40,1,1
10132,10138885000,-42,1,1
10133,10139885000,42,0,0
10134,10140885000,46,0,0
10135,10141885000,42,0,0
10136,10142885000,-42,1,1
10137,10143885000,-40,1,1
10138,10144885000,40,0,0
10139,10145885000,-40,1,1
10140,10146885000,-46,1,1
10141,10147885000,-40,1,1
10142,10148885000,40,0,0
10143,10149885000,-40,1,1
10144,10150885000,-46,1,1
10145,10151885000,-42,1,1
10146,10152885000,42,0,0
10147,10153885000,46,0,0
10148,10154885000,40,0,0
10149,10155885000,-40,1,1
10150,10156885000,40,0,0
10151,10157885000,46,0,0
10152,10158885000,48,0,0
10153,10159885000,48,0,0
10154,10160885000,48,0,0
10155,10161885000,48,0,0
10156,10162885000,46,0,0
10157,10163885000,40,0,0
10158,10164885000,-40,1,1
10159,10165885000,40,0,0
10160,10166885000,46,0,0
10161,10167885000,40,0,0
10162,10168885000,-38,1,1
10163,10169885000,38,0,0
10164,10170885000,-38,1,1
10165,10171885000,38,0,0
10166,10172885000,-38,1,1
10167,10173885000,38,0,0
10168,10174885000,-40,1,1
10169,10175885000,-40,1,1
10170,10176885000,40,0,0
10171,10177885000,-40,1,1
10172,10178885000,-46,1,1
10173,10179885000,-42,1,1
10174,10180885000,42,0,0
10175,10181885000,46,0,0
10176,10182885000,40,0,0
10177,10183885000,-40,1,1
10178,10184885000,40,0,0
10179,10185885000,40,0,0
10180,10186885000,-38,1,1
10181,10187885000,38,0,0
10182,10188885000,-38,1,1
10183,10189885000,40,0,0
10184,10190885000,46,0,0
10185,10191885000,46,0,0
10186,10192885000,42,0,0
10187,10193885000,-42,1,1
10188,10194885000,-42,1,1
10189,10195885000,42,0,0
10190,10196885000,46,0,0
10191,10197885000,48,0,0
10192,10198885000,48,0,0
10193,10199885000,48,0,0
10194,10200885000,46,0,0
10195,10201885000,40,0,0
10196,10202885000,-40,1,1
10197,10203885000,40,0,0
10198,10204885000,46,0,0
10199,10205885000,48,0,0
10200,10206885000,46,0,0
10201,10207885000,42,0,0
10202,10208885000,-42,1,1
10203,10209885000,-40,1,1
10204,10210885000,38,0,0
10205,10211885000,-38,1,1
10206,10212885000,40,0,0
10207,10213885000,40,0,0
10208,10214885000,-40,1,1
10209,10215885000,40,0,0
10210,10216885000,46,0,0
10211,10217885000,40,0,0
10212,10218885000,-40,1,1
10213,10219885000,40,0,0
10214,10220885000,46,0,0
10215,10221885000,40,0,0
10216,10222885000,-38,1,1
10217,10223885000,38,0,0
10218,10224885000,-38,1,1
10219,10225885000,40,0,0
10220,10226885000,40,0,0
10221,10227885000,-38,1,1
10222,10228885000,38,0,0
10223,10229885000,-40,1,1
10224,10230885000,-42,1,1
10225,10231885000,42,0,0
10226,10232885000,40,0,0
10227,10233885000,-38,1,1
10228,10234885000,38,0,0
10229,10235885000,-40,1,1
10230,10236885000,-42,1,1
10231,10237885000,42,0,0
10232,10238885000,46,0,0
10233,10239885000,40,0,0
10234,10240885000,-40,1,1
10235,10241885000,40,0,0
10236,10242885000,46,0,0
10237,10243885000,48,0,0
10238,10244885000,46,0,0
10239,10245885000,40,0,0
10240,10246885000,-38,1,1
10241,10247885000,38,0,0
10242,10248885000,-40,1,1
10243,10249885000,-46,1,1
10244,10250885000,-46,1,1
10245,10251885000,-40,1,1
10246,10252885000,40,0,0
10247,10253885000,-40,1,1
10248,10254885000,-46,1,1
10249,10255885000,-46,1,1
10250,10256885000,-42,1,1
10251,10257885000,42,0,0
10252,10258885000,46,0,0
10253,10259885000,48,0,0
10254,10260885000,48,0,0
10255,10261885000,48,0,0
10256,10262885000,46,0,0
10257,10263885000,40,0,0
10258,10264885000,-40,1,1
10259,10265885000,40,0,0
10260,10266885000,42,0,0
10261,10267885000,-42,1,1
10262,10268885000,-46,1,1
10263,10269885000,-42,1,1
10264,10270885000,42,0,0
10265,10271885000,42,0,0
10266,10272885000,-42,1,1
10267,10273885000,-40,1,1
10268,10274885000,38,0,0
10269,10275885000,-38,1,1
10270,10276885000,38,0,0
10271,10277885000,-38,1,1
10272,10278885000,38,0,0
10273,10279885000,-38,1,1
10274,10280885000,40,0,0
10275,10281885000,40,0,0
10276,10282885000,-38,1,1
10277,10283885000,38,0,0
10278,10284885000,-40,1,1
10279,10285885000,-46,1,1
10280,10286885000,-46,1,1
10281,10287885000,-42,1,1
10282,10288885000,42,0,0
10283,10289885000,46,0,0
10284,10290885000,48,0,0
10285,10291885000,48,0,0
10286,10292885000,46,0,0
10287,10293885000,40,0,0
10288,10294885000,-40,1,1
10289,10295885000,40,0,0
10290,10296885000,46,0,0
10291,10297885000,48,0,0
10292,10298885000,46,0,0
10293,10299885000,40,0,0
10294,10300885000,-40,1,1
10295,10301885000,40,0,0
10296,10302885000,46,0,0
10297,10303885000,40,0,0
10298,10304885000,-38,1,1
10299,10305885000,38,0,0
10300,10306885000,-38,1,1
10301,10307885000,40,0,0
10302,10308885000,42,0,0
10303,10309885000,-42,1,1
10304,10310885000,-40,1,1
10305,10311885000,38,0,0
10306,10312885000,-38,1,1
10307,10313885000,38,0,0
10308,10314885000,-38,1,1
10309,10315885000,38,0,0
10310,10316885000,-40,1,1
10311,10317885000,-40,1,1
10312,10318885000,38,0,0
10313,10319885000,-38,1,1
10314,10320885000,38,0,0
10315,10321885000,-40,1,1
10316,10322885000,-46,1,1
10317,10323885000,-48,1,1
10318,10324885000,-46,1,1
10319,10325885000,-40,1,1
10320,10326885000,38,0,0
10321,10327885000,-38,1,1
10322,10328885000,38,0,0
10323,10329885000,-40,1,1
10324,10330885000,-46,1,1
10325,10331885000,-42,1,1
10326,10332885000,42,0,0
10327,10333885000,40,0,0
10328,10334885000,-38,1,1
10329,10335885000,38,0,0
10330,10336885000,-40,1,1
10331,10337885000,-46,1,1
10332,10338885000,-48,1,1
10333,10339885000,-46,1,1
10334,10340885000,-42,1,1
10335,10341885000,42,0,0
10336,10342885000,46,0,0
10337,10343885000,40,0,0
10338,10344885000,-40,1,1
10339,10345885000,40,0,0
10340,10346885000,42,0,0
10341,10347885000,-42,1,1
10342,10348885000,-46,1,1
10343,10349885000,-48,1,1
10344,10350885000,-46,1,1
10345,10351885000,-42,1,1
10346,10352885000,42,0,0
10347,10353885000,42,0,0
10348,10354885000,-42,1,1
10349,10355885000,-46,1,1
10350,10356885000,-48,1,1
10351,10357885000,-48,1,1
10352,10358885000,-46,1,1
10353,10359885000,-42,1,1
10354,10360885000,42,0,0
10355,10361885000,46,0,0
10356,10362885000,48,0,0
10357,10363885000,46,0,0
10358,10364885000,42,0,0
10359,10365885000,-42,1,1
10360,10366885000,-46,1,1
10361,10367885000,-46,1,1
10362,10368885000,-42,1,1
10363,10369885000,42,0,0
10364,10370885000,42,0,0
10365,10371885000,-42,1,1
10366,10372885000,-46,1,1
10367,10373885000,-42,1,1
10368,10374885000,42,0,0
10369,10375885000,40,0,0
10370,10376885000,-38,1,1
10371,10377885000,38,0,0
10372,10378885000,-40,1,1
10373,10379885000,-40,1,1
10374,10380885000,38,0,0
10375,10381885000,-38,1,1
10376,10382885000,38,0,0
10377,10383885000,-38,1,1
10378,10384885000,40,0,0
10379,10385885000,42,0,0
10380,10386885000,-42,1,1
10381,10387885000,-40,1,1
10382,10388885000,40,0,0
10383,10389885000,-40,1,1
10384,10390885000,-40,1,1
10385,10391885000,38,0,0
10386,10392885000,-38,1,1
10387,10393885000,40,0,0
10388,10394885000,40,0,0
10389,10395885000,-38,1,1
10390,10396885000,38,0,0
10391,10397885000,-38,1,1
10392,10398885000,38,0,0
10393,10399885000,-38,1,1
10394,10400885000,38,0,0
10395,10401885000,-40,1,1
10396,10402885000,-42,1,1
10397,10403885000,42,0,0
10398,10404885000,42,0,0
10399,10405885000,-42,1,1
10400,10406885000,-42,1,1
10401,10407885000,42,0,0
10402,10408885000,40,0,0
10403,10409885000,-40,1,1
10404,10410885000,40,0,0
10405,10411885000,40,0,0
10406,10412885000,-40,1,1
10407,10413885000,40,0,0
10408,10414885000,40,0,0
10409,10415885000,-38,1,1
10410,10416885000,38,0,0
10411,10417885000,-38,1,1
10412,10418885000,38,0,0
10413,10419885000,-38,1,1
10414,10420885000,38,0,0
10415,10421885000,-38,1,1
10416,10422885000,40,0,0
10417,10423885000,42,0,0
10418,10424885000,-42,1,1
10419,10425885000,-40,1,1
10420,10426885000,38,0,0
10421,10427885000,-38,1,1
10422,10428885000,40,0,0
10423,10429885000,40,0,0
10424,10430885000,-38,1,1
10425,10431885000,38,0,0
10426,10432885000,-38,1,1
10427,10433885000,40,0,0
10428,10434885000,40,0,0
10429,10435885000,-38,1,1
10430,10436885000,38,0,0
10431,10437885000,-38,1,1
10432,10438885000,40,0,0
10433,10439885000,40,0,0
10434,10440885000,-38,1,1
10435,10441885000,38,0,0
10436,10442885000,-40,1,1
10437,10443885000,-42,1,1
10438,10444885000,42,0,0
10439,10445885000,42,0,0
10440,10446885000,-42,1,1
10441,10447885000,-40,1,1
10442,10448885000,40,0,0
10443,10449885000,-40,1,1
10444,10450885000,-42,1,1
10445,10451885000,42,0,0
10446,10452885000,42,0,0
10447,10453885000,-42,1,1
10448,10454885000,-40,1,1
10449,10455885000,38,0,0
10450,10456885000,-38,1,1
10451,10457885000,38,0,0
10452,10458885000,-38,1,1
10453,10459885000,38,0,0
10454,10460885000,-40,1,1
10455,10461885000,-40,1,1
10456,10462885000,40,0,0
10457,10463885000,-40,1,1
10458,10464885000,-46,1,1
10459,10465885000,-46,1,1
10460,10466885000,-40,1,1
10461,10467885000,38,0,0
10462,10468885000,-38,1,1
10463,10469885000,38,0,0
10464,10470885000,-38,1,1
10465,10471885000,40,0,0
10466,10472885000,46,0,0
10467,10473885000,46,0,0
10468,10474885000,40,0,0
10469,10475885000,-38,1,1
10470,10476885000,38,0,0
10471,10477885000,-40,1,1
10472,10478885000,-42,1,1
10473,10479885000,42,0,0
10474,10480885000,46,0,0
10475,10481885000,40,0,0
10476,10482885000,-38,1,1
10477,10483885000,38,0,0
10478,10484885000,-40,1,1
10479,10485885000,-46,1,1
10480,10486885000,-40,1,1
10481,10487885000,38,0,0
10482,10488885000,-38,1,1
10483,10489885000,40,0,0
10484,10490885000,40,0,0
10485,10491885000,-40,1,1
10486,10492885000,40,0,0
10487,10493885000,46,0,0
10488,10494885000,40,0,0
10489,10495885000,-38,1,1
10490,10496885000,38,0,0
10491,10497885000,-40,1,1
10492,10498885000,-40,1,1
10493,10499885000,40,0,0
10494,10500885000,-40,1,1
10495,10501885000,-46,1,1
10496,10502885000,-46,1,1
10497,10503885000,-42,1,1
10498,10504885000,42,0,0
10499,10505885000,46,0,0
10500,10506885000,40,0,0
10501,10507885000,-38,1,1
10502,10508885000,38,0,0
10503,10509885000,-40,1,1
10504,10510885000,-42,1,1
10505,10511885000,42,0,0
10506,10512885000,40,0,0
10507,10513885000,-40,1,1
10508,10514885000,40,0,0
10509,10515885000,46,0,0
10510,10516885000,40,0,0
10511,10517885000,-40,1,1
10512,10518885000,40,0,0
10513,10519885000,46,0,0
10514,10520885000,48,0,0
10515,10521885000,48,0,0
10516,10522885000,48,0,0
10517,10523885000,46,0,0
10518,10524885000,42,0,0
10519,10525885000,-42,1,1
10520,10526885000,-42,1,1
10521,10527885000,42,0,0
10522,10528885000,40,0,0
10523,10529885000,-38,1,1
10524,10530885000,38,0,0
10525,10531885000,-40,1,1
10526,10532885000,-42,1,1
10527,10533885000,42,0,0
10528,10534885000,40,0,0
10529,10535885000,-40,1,1
10530,10536885000,40,0,0
10531,10537885000,46,0,0
10532,10538885000,46,0,0
10533,10539885000,42,0,0
10534,10540885000,-42,1,1
10535,10541885000,-40,1,1
10536,10542885000,40,0,0
10537,10543885000,-40,1,1
10538,10544885000,-46,1,1
10539,10545885000,-48,1,1
10540,10546885000,-48,1,1
10541,10547885000,-48,1,1
10542,10548885000,-48,1,1
10543,10549885000,-46,1,1
10544,10550885000,-40,1,1
10545,10551885000,40,0,0
10546,10552885000,-40,1,1
10547,10553885000,-40,1,1
10548,10554885000,38,0,0
10549,10555885000,-38,1,1
10550,10556885000,40,0,0
10551,10557885000,46,0,0
10552,10558885000,40,0,0
10553,10559885000,-38,1,1
10554,10560885000,38,0,0
10555,10561885000,-40,1,1
10556,10562885000,-46,1,1
10557,10563885000,-42,1,1
10558,10564885000,42,0,0
10559,10565885000,46,0,0
10560,10566885000,42,0,0
10561,10567885000,-42,1,1
10562,10568885000,-46,1,1
10563,10569885000,-46,1,1
10564,10570885000,-40,1,1
10565,10571885000,40,0,0
10566,10572885000,-40,1,1
10567,10573885000,-46,1,1
10568,10574885000,-42,1,1
10569,10575885000,42,0,0
10570,10576885000,42,0,0
10571,10577885000,-42,1,1
10572,10578885000,-42,1,1
10573,10579885000,42,0,0
10574,10580885000,46,0,0
10575,10581885000,40,0,0
10576,10582885000,-40,1,1
10577,10583885000,40,0,0
10578,10584885000,46,0,0
10579,10585885000,42,0,0
10580,10586885000,-42,1,1
10581,10587885000,-42,1,1
10582,10588885000,42,0,0
10583,10589885000,40,0,0
10584,10590885000,-38,1,1
10585,10591885000,38,0,0
10586,10592885000,-38,1,1
10587,10593885000,38,0,0
10588,10594885000,-40,1,1
10589,10595885000,-42,1,1
10590,10596885000,42,0,0
10591,10597885000,40,0,0
10592,10598885000,-40,1,1
10593,10599885000,40,0,0
10594,10600885000,40,0,0
10595,10601885000,-38,1,1
10596,10602885000,38,0,0
10597,10603885000,-40,1,1
10598,10604885000,-42,1,1
10599,10605885000,42,0,0
10600,10606885000,40,0,0
10601,10607885000,-40,1,1
10602,10608885000,40,0,0
10603,10609885000,40,0,0
10604,10610885000,-38,1,1
10605,10611885000,38,0,0
10606,10612885000,-40,1,1
10607,10613885000,-46,1,1
10608,10614885000,-42,1,1
10609,10615885000,42,0,0
10610,10616885000,46,0,0
10611,10617885000,40,0,0
10612,10618885000,-40,1,1
10613,10619885000,40,0,0
10614,10620885000,42,0,0
10615,10621885000,-42,1,1
10616,10622885000,-42,1,1
10617,10623885000,42,0,0
10618,10624885000,40,0,0
10619,10625885000,-38,1,1
10620,10626885000,38,0,0
10621,10627885000,-40,1,1
10622,10628885000,-46,1,1
10623,10629885000,-40,1,1
10624,10630885000,40,0,0
10625,10631885000,-40,1,1
10626,10632885000,-46,1,1
10627,10633885000,-46,1,1
10628,10634885000,-42,1,1
10629,10635885000,42,0,0
10630,10636885000,42,0,0
10631,10637885000,-42,1,1
10632,10638885000,-46,1,1
10633,10639885000,-46,1,1
10634,10640885000,-40,1,1
10635,10641885000,40,0,0
10636,10642885000,-40,1,1
10637,10643885000,-46,1,1
10638,10644885000,-42,1,1
10639,10645885000,42,0,0
10640,10646885000,46,0,0
10641,10647885000,42,0,0
10642,10648885000,-42,1,1
10643,10649885000,-46,1,1
10644,10650885000,-48,1,1
10645,10651885000,-46,1,1
10646,10652885000,-40,1,1
10647,10653885000,40,0,0
10648,10654885000,-40,1,1
10649,10655885000,-40,1,1
10650,10656885000,40,0,0
10651,10657885000,-40,1,1
10652,10658885000,-46,1,1
10653,10659885000,-40,1,1
10654,10660885000,40,0,0
10655,10661885000,-40,1,1
10656,10662885000,-46,1,1
10657,10663885000,-40,1,1
10658,10664885000,40,0,0
10659,10665885000,-40,1,1
10660,10666885000,-46,1,1
10661,10667885000,-46,1,1
10662,10668885000,-40,1,1
10663,10669885000,38,0,0
10664,10670885000,-38,1,1
10665,10671885000,38,0,0
10666,10672885000,-38,1,1
10667,10673885000,40,0,0
10668,10674885000,46,0,0
10669,10675885000,46,0,0
10670,10676885000,40,0,0
10671,10677885000,-40,1,1
10672,10678885000,40,0,0
10673,10679885000,46,0,0
10674,10680885000,46,0,0
10675,10681885000,40,0,0
10676,10682885000,-38,1,1
10677,10683885000,38,0,0
10678,10684885000,-38,1,1
10679,10685885000,38,0,0
10680,10686885000,-38,1,1
10681,10687885000,38,0,0
10682,10688885000,-38,1,1
10683,10689885000,40,0,0
10684,10690885000,46,0,0
10685,10691885000,42,0,0
10686,10692885000,-42,1,1
10687,10693885000,-40,1,1
10688,10694885000,38,0,0
10689,10695885000,-38,1,1
10690,10696885000,38,0,0
10691,10697885000,-38,1,1
10692,10698885000,38,0,0
10693,10699885000,-38,1,1
10694,10700885000,38,0,0
10695,10701885000,-38,1,1
10696,10702885000,40,0,0
10697,10703885000,40,0,0
10698,10704885000,-38,1,1
10699,10705885000,38,0,0
10700,10706885000,-40,1,1
10701,10707885000,-40,1,1
10702,10708885000,40,0,0
10703,10709885000,-40,1,1
10704,10710885000,-42,1,1
10705,10711885000,42,0,0
10706,10712885000,40,0,0
10707,10713885000,-40,1,1
10708,10714885000,40,0,0
10709,10715885000,46,0,0
10710,10716885000,46,0,0
10711,10717885000,42,0,0
10712,10718885000,-42,1,1
10713,10719885000,-42,1,1
10714,10720885000,42,0,0
10715,10721885000,42,0,0
10716,10722885000,-42,1,1
10717,10723885000,-40,1,1
10718,10724885000,40,0,0
10719,10725885000,-40,1,1
10720,10726885000,-40,1,1
10721,10727885000,38,0,0
10722,10728885000,-38,1,1
10723,10729885000,38,0,0
10724,10730885000,-38,1,1
10725,10731885000,40,0,0
10726,10732885000,42,0,0
10727,10733885000,-42,1,1
10728,10734885000,-46,1,1
10729,10735885000,-46,1,1
10730,10736885000,-40,1,1
10731,10737885000,38,0,0
10732,10738885000,-38,1,1
10733,10739885000,38,0,0
10734,10740885000,-40,1,1
10735,10741885000,-42,1,1
10736,10742885000,42,0,0
10737,10743885000,46,0,0
10738,10744885000,40,0,0
10739,10745885000,-40,1,1
10740,10746885000,40,0,0
10741,10747885000,46,0,0
10742,10748885000,46,0,0
10743,10749885000,40,0,0
10744,10750885000,-40,1,1
10745,10751885000,40,0,0
10746,10752885000,42,0,0
10747,10753885000,-42,1,1
10748,10754885000,-40,1,1
10749,10755885000,40,0,0
10750,10756885000,-40,1,1
10751,10757885000,-42,1,1
10752,10758885000,42,0,0
10753,10759885000,42,0,0
10754,10760885000,-42,1,1
10755,10761885000,-40,1,1
10756,10762885000,40,0,0
10757,10763885000,-40,1,1
10758,10764885000,-40,1,1
10759,10765885000,40,0,0
10760,10766885000,-40,1,1
10761,10767885000,-46,1,1
10762,10768885000,-46,1,1
10763,10769885000,-40,1,1
10764,10770885000,40,0,0
10765,10771885000,-40,1,1
10766,10772885000,-40,1,1
10767,10773885000,38,0,0
10768,10774885000,-38,1,1
10769,10775885000,38,0,0
10770,10776885000,-38,1,1
10771,10777885000,40,0,0
10772,10778885000,46,0,0
10773,10779885000,48,0,0
10774,10780885000,46,0,0
10775,10781885000,40,0,0
10776,10782885000,-38,1,1
10777,10783885000,38,0,0
10778,10784885000,-40,1,1
10779,10785885000,-40,1,1
10780,10786885000,40,0,0
10781,10787885000,-40,1,1
10782,10788885000,-40,1,1
10783,10789885000,38,0,0
10784,10790885000,-38,1,1
10785,10791885000,40,0,0
10786,10792885000,46,0,0
10787,10793885000,40,0,0
10788,10794885000,-38,1,1
10789,10795885000,38,0,0
10790,10796885000,-40,1,1
10791,10797885000,-42,1,1
10792,10798885000,42,0,0
10793,10799885000,46,0,0
10794,10800885000,48,0,0
10795,10801885000,46,0,0
10796,10802885000,42,0,0
10797,10803885000,-42,1,1
10798,10804885000,-46,1,1
10799,10805885000,-40,1,1
10800,10806885000,40,0,0
10801,10807885000,-40,1,1
10802,10808885000,-46,1,1
10803,10809885000,-46,1,1
10804,10810885000,-42,1,1
10805,10811885000,42,0,0
10806,10812885000,42,0,0
10807,10813885000,-42,1,1
10808,10814885000,-40,1,1
10809,10815885000,40,0,0
10810,10816885000,-40,1,1
10811,10817885000,-46,1,1
10812,10818885000,-42,1,1
10813,10819885000,42,0,0
10814,10820885000,42,0,0
10815,10821885000,-42,1,1
10816,10822885000,-46,1,1
10817,10823885000,-46,1,1
10818,10824885000,-40,1,1
10819,10825885000,38,0,0
10820,10826885000,-38,1,1
10821,10827885000,38,0,0
10822,10828885000,-40,1,1
10823,10829885000,-42,1,1
10824,10830885000,42,0,0
10825,10831885000,40,0,0
10826,10832885000,-40,1,1
10827,10833885000,40,0,0
10828,10834885000,46,0,0
10829,10835885000,46,0,0
10830,10836885000,42,0,0
10831,10837885000,-42,1,1
10832,10838885000,-46,1,1
10833,10839885000,-42,1,1
10834,10840885000,42,0,0
10835,10841885000,40,0,0
10836,10842885000,-38,1,1
10837,10843885000,38,0,0
10838,10844885000,-38,1,1
10839,10845885000,38,0,0
10840,10846885000,-38,1,1
10841,10847885000,38,0,0
10842,10848885000,-38,1,1
10843,10849885000,40,0,0
10844,10850885000,46,0,0
10845,10851885000,40,0,0
10846,10852885000,-38,1,1
10847,10853885000,38,0,0
10848,10854885000,-38,1,1
10849,10855885000,40,0,0
10850,10856885000,40,0,0
10851,10857885000,-38,1,1
10852,10858885000,38,0,0
10853,10859885000,-38,1,1
10854,10860885000,38,0,0
10855,10861885000,-40,1,1
10856,10862885000,-46,1,1
10857,10863885000,-42,1,1
10858,10864885000,42,0,0
10859,10865885000,40,0,0
10860,10866885000,-38,1,1
10861,10867885000,38,0,0
10862,10868885000,-40,1,1
10863,10869885000,-42,1,1
10864,10870885000,42,0,0
10865,10871885000,46,0,0
10866,10872885000,48,0,0
10867,10873885000,46,0,0
10868,10874885000,42,0,0
10869,10875885000,-42,1,1
10870,10876885000,-46,1,1
10871,10877885000,-46,1,1
10872,10878885000,-42,1,1
10873,10879885000,42,0,0
10874,10880885000,42,0,0
10875,10881885000,-42,1,1
10876,10882885000,-40,1,1
10877,10883885000,40,0,0
10878,10884885000,-40,1,1
10879,10885885000,-40,1,1
10880,10886885000,38,0,0
10881,10887885000,-38,1,1
10882,10888885000,38,0,0
10883,10889885000,-40,1,1
10884,10890885000,-40,1,1
10885,10891885000,40,0,0
10886,10892885000,-40,1,1
10887,10893885000,-46,1,1
10888,10894885000,-40,1,1
10889,10895885000,38,0,0
10890,10896885000,-38,1,1
10891,10897885000,38,0,0
10892,10898885000,-38,1,1
10893,10899885000,38,0,0
10894,10900885000,-38,1,1
10895,10901885000,40,0,0
10896,10902885000,42,0,0
10897,10903885000,-42,1,1
10898,10904885000,-46,1,1
10899,10905885000,-40,1,1
10900,10906885000,38,0,0
10901,10907885000,-38,1,1
10902,10908885000,38,0,0
10903,10909885000,-38,1,1
10904,10910885000,38,0,0
10905,10911885000,-38,1,1
10906,10912885000,38,0,0
10907,10913885000,-38,1,1
10908,10914885000,40,0,0
10909,10915885000,46,0,0
10910,10916885000,40,0,0
10911,10917885000,-40,1,1
10912,10918885000,40,0,0
10913,10919885000,46,0,0
10914,10920885000,42,0,0
10915,10921885000,-42,1,1
10916,10922885000,-46,1,1
10917,10923885000,-46,1,1
10918,10924885000,-40,1,1
10919,10925885000,38,0,0
10920,10926885000,-38,1,1
10921,10927885000,40,0,0
10922,10928885000,40,0,0
10923,10929885000,-38,1,1
10924,10930885000,38,0,0
10925,10931885000,-40,1,1
10926,10932885000,-40,1,1
10927,10933885000,38,0,0
10928,10934885000,-38,1,1
10929,10935885000,40,0,0
10930,10936885000,42,0,0
10931,10937885000,-42,1,1
10932,10938885000,-46,1,1
10933,10939885000,-48,1,1
10934,10940885000,-48,1,1
10935,10941885000,-46,1,1
10936,10942885000,-40,1,1
10937,10943885000,38,0,0
10938,10944885000,-38,1,1
10939,10945885000,40,0,0
10940,10946885000,42,0,0
10941,10947885000,-42,1,1
10942,10948885000,-42,1,1
10943,10949885000,42,0,0
10944,10950885000,42,0,0
10945,10951885000,-42,1,1
10946,10952885000,-42,1,1
10947,10953885000,42,0,0
10948,10954885000,46,0,0
10949,10955885000,40,0,0
10950,10956885000,-40,1,1
10951,10957885000,40,0,0
10952,10958885000,40,0,0
10953,10959885000,-38,1,1
10954,10960885000,38,0,0
10955,10961885000,-40,1,1
10956,10962885000,-40,1,1
10957,10963885000,38,0,0
10958,10964885000,-38,1,1
10959,10965885000,38,0,0
10960,10966885000,-40,1,1
10961,10967885000,-42,1,1
10962,10968885000,42,0,0
10963,10969885000,46,0,0
10964,10970885000,46,0,0
10965,10971885000,42,0,0
10966,10972885000,-42,1,1
10967,10973885000,-46,1,1
10968,10974885000,-48,1,1
10969,10975885000,-46,1,1
10970,10976885000,-42,1,1
10971,10977885000,42,0,0
10972,10978885000,42,0,0
10973,10979885000,-42,1,1
10974,10980885000,-46,1,1
10975,10981885000,-48,1,1
10976,10982885000,-46,1,1
10977,10983885000,-42,1,1
10978,10984885000,42,0,0
10979,10985885000,46,0,0
10980,10986885000,40,0,0
10981,10987885000,-40,1,1
10982,10988885000,40,0,0
10983,10989885000,46,0,0
10984,10990885000,42,0,0
10985,10991885000,-42,1,1
10986,10992885000,-46,1,1
10987,10993885000,-40,1,1
10988,10994885000,40,0,0
10989,10995885000,-40,1,1
10990,10996885000,-46,1,1
10991,10997885000,-46,1,1
10992,10998885000,-42,1,1
10993,10999885000,42,0,0
10994,11000885000,46,0,0
10995,11001885000,40,0,0
10996,11002885000,-38,1,1
10997,11003885000,38,0,0
10998,11004885000,-38,1,1
10999,11005885000,40,0,0
11000,11006885000,46,0,0
11001,11007885000,42,0,0
11002,11008885000,-42,1,1
11003,11009885000,-46,1,1
11004,11010885000,-40,1,1
11005,11011885000,38,0,0
11006,11012885000,-38,1,1
11007,11013885000,38,0,0
11008,11014885000,-40,1,1
11009,11015885000,-40,1,1
11010,11016885000,38,0,0
11011,11017885000,-38,1,1
11012,11018885000,40,0,0
11013,11019885000,40,0,0
11014,11020885000,-38,1,1
11015,11021885000,38,0,0
11016,11022885000,-40,1,1
11017,11023885000,-46,1,1
11018,11024885000,-48,1,1
11019,11025885000,-46,1,1
11020,11026885000,-42,1,1
11021,11027885000,42,0,0
11022,11028885000,42,0,0
11023,11029885000,-42,1,1
11024,11030885000,-40,1,1
11025,11031885000,38,0,0
11026,11032885000,-38,1,1
11027,11033885000,38,0,0
11028,11034885000,-38,1,1
11029,11035885000,38,0,0
11030,11036885000,-38,1,1
11031,11037885000,38,0,0
11032,11038885000,-38,1,1
11033,11039885000,40,0,0
11034,11040885000,46,0,0
11035,11041885000,48,0,0
11036,11042885000,46,0,0
11037,11043885000,40,0,0
11038,11044885000,-38,1,1
11039,11045885000,38,0,0
11040,11046885000,-38,1,1
11041,11047885000,38,0,0
11042,11048885000,-38,1,1
11043,11049885000,38,0,0
11044,11050885000,-38,1,1
11045,11051885000,38,0,0
11046,11052885000,-38,1,1
11047,11053885000,40,0,0
11048,11054885000,46,0,0
11049,11055885000,42,0,0
11050,11056885000,-42,1,1
11051,11057885000,-42,1,1
11052,11058885000,42,0,0
11053,11059885000,42,0,0
11054,11060885000,-42,1,1
11055,11061885000,-46,1,1
11056,11062885000,-46,1,1
11057,11063885000,-42,1,1
11058,11064885000,42,0,0
11059,11065885000,42,0,0
11060,11066885000,-42,1,1
11061,11067885000,-46,1,1
11062,11068885000,-42,1,1
11063,11069885000,42,0,0
11064,11070885000,40,0,0
11065,11071885000,-38,1,1
11066,11072885000,38,0,0
11067,11073885000,-38,1,1
11068,11074885000,38,0,0
11069,11075885000,-38,1,1
11070,11076885000,40,0,0
11071,11077885000,46,0,0
11072,11078885000,40,0,0
11073,11079885000,-40,1,1
11074,11080885000,40,0,0
11075,11081885000,46,0,0
11076,11082885000,48,0,0
11077,11083885000,48,0,0
11078,11084885000,46,0,0
11079,11085885000,40,0,0
11080,11086885000,-40,1,1
11081,11087885000,40,0,0
11082,11088885000,46,0,0
11083,11089885000,40,0,0
11084,11090885000,-40,1,1
11085,11091885000,40,0,0
11086,11092885000,42,0,0
11087,11093885000,-42,1,1
11088,11094885000,-46,1,1
11089,11095885000,-46,1,1
11090,11096885000,-42,1,1
11091,11097885000,42,0,0
11092,11098885000,46,0,0
11093,11099885000,46,0,0
11094,11100885000,42,0,0
11095,11101885000,-42,1,1
11096,11102885000,-42,1,1
11097,11103885000,42,0,0
11098,11104885000,40,0,0
11099,11105885000,-38,1,1
11100,11106885000,38,0,0
11101,11107885000,-38,1,1
11102,11108885000,38,0,0
11103,11109885000,-38,1,1
11104,11110885000,40,0,0
11105,11111885000,42,0,0
11106,11112885000,-42,1,1
11107,11113885000,-46,1,1
11108,11114885000,-42,1,1
11109,11115885000,42,0,0
11110,11116885000,46,0,0
11111,11117885000,42,0,0
11112,11118885000,-42,1,1
11113,11119885000,-46,1,1
11114,11120885000,-48,1,1
11115,11121885000,-46,1,1
11116,11122885000,-40,1,1
11117,11123885000,38,0,0
11118,11124885000,-38,1,1
11119,11125885000,38,0,0
11120,11126885000,-38,1,1
11121,11127885000,40,0,0
11122,11128885000,42,0,0
11123,11129885000,-42,1,1
11124,11130885000,-46,1,1
11125,11131885000,-48,1,1
11126,11132885000,-48,1,1
11127,11133885000,-46,1,1
11128,11134885000,-42,1,1
11129,11135885000,42,0,0
11130,11136885000,40,0,0
11131,11137885000,-40,1,1
11132,11138885000,40,0,0
11133,11139885000,46,0,0
11134,11140885000,42,0,0
11135,11141885000,-42,1,1
11136,11142885000,-46,1,1
11137,11143885000,-42,1,1
11138,11144885000,42,0,0
11139,11145885000,42,0,0
11140,11146885000,-42,1,1
11141,11147885000,-46,1,1
11142,11148885000,-42,1,1
11143,11149885000,42,0,0
11144,11150885000,46,0,0
11145,11151885000,42,0,0
11146,11152885000,-42,1,1
11147,11153885000,-46,1,1
11148,11154885000,-46,1,1
11149,11155885000,-42,1,1
11150,11156885000,42,0,0
11151,11157885000,40,0,0
11152,11158885000,-40,1,1
11153,11159885000,40,0,0
11154,11160885000,42,0,0
11155,11161885000,-42,1,1
11156,11162885000,-46,1,1
11157,11163885000,-46,1,1
11158,11164885000,-42,1,1
11159,11165885000,42,0,0
11160,11166885000,40,0,0
11161,11167885000,-38,1,1
11162,11168885000,38,0,0
11163,11169885000,-38,1,1
11164,11170885000,40,0,0
11165,11171885000,46,0,0
11166,11172885000,48,0,0
11167,11173885000,46,0,0
11168,11174885000,40,0,0
11169,11175885000,-40,1,1
11170,11176885000,40,0,0
11171,11177885000,46,0,0
11172,11178885000,46,0,0
11173,11179885000,40,0,0
11174,11180885000,-38,1,1
11175,11181885000,38,0,0
11176,11182885000,-40,1,1
11177,11183885000,-42,1,1
11178,11184885000,42,0,0
11179,11185885000,40,0,0
11180,11186885000,-40,1,1
11181,11187885000,40,0,0
11182,11188885000,40,0,0
11183,11189885000,-38,1,1
11184,11190885000,38,0,0
11185,11191885000,-38,1,1
11186,11192885000,40,0,0
11187,11193885000,42,0,0
11188,11194885000,-42,1,1
11189,11195885000,-40,1,1
11190,11196885000,40,0,0
11191,11197885000,-40,1,1
11192,11198885000,-46,1,1
11193,11199885000,-48,1,1
11194,11200885000,-48,1,1
11195,11201885000,-46,1,1
11196,11202885000,-42,1,1
11197,11203885000,42,0,0
11198,11204885000,40,0,0
11199,11205885000,-38,1,1
11200,11206885000,38,0,0
11201,11207885000,-40,1,1
11202,11208885000,-46,1,1
11203,11209885000,-42,1,1
11204,11210885000,42,0,0
11205,11211885000,46,0,0
11206,11212885000,48,0,0
11207,11213885000,48,0,0
11208,11214885000,48,0,0
11209,11215885000,46,0,0
11210,11216885000,40,0,0
11211,11217885000,-40,1,1
11212,11218885000,40,0,0
11213,11219885000,46,0,0
11214,11220885000,48,0,0
11215,11221885000,48,0,0
11216,11222885000,46,0,0
11217,11223885000,40,0,0
11218,11224885000,-40,1,1
11219,11225885000,40,0,0
11220,11226885000,46,0,0
11221,11227885000,46,0,0
11222,11228885000,40,0,0
11223,11229885000,-40,1,1
11224,11230885000,40,0,0
11225,11231885000,46,0,0
11226,11232885000,46,0,0
11227,11233885000,42,0,0
11228,11234885000,-42,1,1
11229,11235885000,-46,1,1
11230,11236885000,-40,1,1
11231,11237885000,40,0,0
11232,11238885000,-40,1,1
11233,11239885000,-42,1,1
11234,11240885000,42,0,0
11235,11241885000,40,0,0
11236,11242885000,-38,1,1
11237,11243885000,38,0,0
11238,11244885000,-40,1,1
11239,11245885000,-46,1,1
11240,11246885000,-40,1,1
11241,11247885000,40,0,0
11242,11248885000,-40,1,1
11243,11249885000,-42,1,1
11244,11250885000,42,0,0
11245,11251885000,46,0,0
11246,11252885000,42,0,0
11247,11253885000,-42,1,1
11248,11254885000,-46,1,1
11249,11255885000,-42,1,1
11250,11256885000,42,0,0
11251,11257885000,40,0,0
11252,11258885000,-40,1,1
11253,11259885000,40,0,0
11254,11260885000,46,0,0
11255,11261885000,46,0,0
11256,11262885000,42,0,0
11257,11263885000,-42,1,1
11258,11264885000,-46,1,1
11259,11265885000,-46,1,1
11260,11266885000,-40,1,1
11261,11267885000,40,0,0
11262,11268885000,-40,1,1
11263,11269885000,-46,1,1
11264,11270885000,-46,1,1
11265,11271885000,-40,1,1
11266,11272885000,38,0,0
11267,11273885000,-38,1,1
11268,11274885000,40,0,0
11269,11275885000,40,0,0
11270,11276885000,-38,1,1
11271,11277885000,38,0,0
11272,11278885000,-40,1,1
11273,11279885000,-42,1,1
11274,11280885000,42,0,0
11275,11281885000,46,0,0
11276,11282885000,40,0,0
11277,11283885000,-40,1,1
11278,11284885000,40,0,0
11279,11285885000,46,0,0
11280,11286885000,42,0,0
11281,11287885000,-42,1,1
11282,11288885000,-46,1,1
11283,11289885000,-42,1,1
11284,11290885000,42,0,0
11285,11291885000,42,0,0
11286,11292885000,-42,1,1
11287,11293885000,-40,1,1
11288,11294885000,38,0,0
11289,11295885000,-38,1,1
11290,11296885000,38,0,0
11291,11297885000,-40,1,1
11292,11298885000,-46,1,1
11293,11299885000,-40,1,1
11294,11300885000,38,0,0
11295,11301885000,-38,1,1
11296,11302885000,38,0,0
11297,11303885000,-40,1,1
11298,11304885000,-46,1,1
11299,11305885000,-40,1,1
11300,11306885000,38,0,0
11301,11307885000,-38,1,1
11302,11308885000,40,0,0
11303,11309885000,46,0,0
11304,11310885000,46,0,0
11305,11311885000,42,0,0
11306,11312885000,-42,1,1
11307,11313885000,-46,1,1
11308,11314885000,-40,1,1
11309,11315885000,40,0,0
11310,11316885000,-40,1,1
11311,11317885000,-46,1,1
11312,11318885000,-48,1,1
11313,11319885000,-46,1,1
11314,11320885000,-42,1,1
11315,11321885000,42,0,0
11316,11322885000,40,0,0
11317,11323885000,-38,1,1
11318,11324885000,38,0,0
11319,11325885000,-38,1,1
11320,11326885000,38,0,0
11321,11327885000,-38,1,1
11322,11328885000,40,0,0
11323,11329885000,42,0,0
11324,11330885000,-42,1,1
11325,11331885000,-46,1,1
11326,11332885000,-48,1,1
11327,11333885000,-48,1,1
11328,11334885000,-48,1,1
11329,11335885000,-48,1,1
11330,11336885000,-48,1,1
11331,11337885000,-48,1,1
11332,11338885000,-48,1,1
11333,11339885000,-48,1,1
11334,11340885000,-46,1,1
11335,11341885000,-42,1,1
11336,11342885000,42,0,0
11337,11343885000,40,0,0
11338,11344885000,-40,1,1
11339,11345885000,40,0,0
11340,11346885000,42,0,0
11341,11347885000,-42,1,1
11342,11348885000,-46,1,1
11343,11349885000,-42,1,1
11344,11350885000,42,0,0
11345,11351885000,40,0,0
11346,11352885000,-38,1,1
11347,11353885000,38,0,0
11348,11354885000,-40,1,1
11349,11355885000,-40,1,1
11350,11356885000,40,0,0
11351,11357885000,-40,1,1
11352,11358885000,-42,1,1
11353,11359885000,42,0,0
11354,11360885000,46,0,0
11355,11361885000,48,0,0
11356,11362885000,46,0,0
11357,11363885000,40,0,0
11358,11364885000,-40,1,1
11359,11365885000,40,0,0
11360,11366885000,40,0,0
11361,11367885000,-40,1,1
11362,11368885000,40,0,0
11363,11369885000,40,0,0
11364,11370885000,-38,1,1
11365,11371885000,38,0,0
11366,11372885000,-40,1,1
11367,11373885000,-46,1,1
11368,11374885000,-40,1,1
11369,11375885000,38,0,0
11370,11376885000,-38,1,1
11371,11377885000,40,0,0
11372,11378885000,46,0,0
11373,11379885000,48,0,0
11374,11380885000,46,0,0
11375,11381885000,40,0,0
11376,11382885000,-40,1,1
11377,11383885000,40,0,0
11378,11384885000,46,0,0
11379,11385885000,40,0,0
11380,11386885000,-40,1,1
11381,11387885000,40,0,0
11382,11388885000,40,0,0
11383,11389885000,-40,1,1
11384,11390885000,40,0,0
11385,11391885000,46,0,0
11386,11392885000,40,0,0
11387,11393885000,-38,1,1
11388,11394885000,38,0,0
11389,11395885000,-40,1,1
11390,11396885000,-40,1,1
11391,11397885000,40,0,0
11392,11398885000,-40,1,1
11393,11399885000,-46,1,1
11394,11400885000,-40,1,1
11395,11401885000,40,0,0
11396,11402885000,-40,1,1
11397,11403885000,-40,1,1
11398,11404885000,40,0,0
11399,11405885000,-40,1,1
11400,11406885000,-42,1,1
11401,11407885000,42,0,0
11402,11408885000,40,0,0
11403,11409885000,-40,1,1
11404,11410885000,40,0,0
11405,11411885000,46,0,0
11406,11412885000,46,0,0
11407,11413885000,40,0,0
11408,11414885000,-38,1,1
11409,11415885000,38,0,0
11410,11416885000,-40,1,1
11411,11417885000,-46,1,1
11412,11418885000,-42,1,1
11413,11419885000,42,0,0
11414,11420885000,42,0,0
11415,11421885000,-42,1,1
11416,11422885000,-46,1,1
11417,11423885000,-46,1,1
11418,11424885000,-42,1,1
11419,11425885000,42,0,0
11420,11426885000,46,0,0
11421,11427885000,40,0,0
11422,11428885000,-38,1,1
11423,11429885000,38,0,0
11424,11430885000,-40,1,1
11425,11431885000,-42,1,1
11426,11432885000,42,0,0
11427,11433885000,46,0,0
11428,11434885000,46,0,0
11429,11435885000,40,0,0
11430,11436885000,-40,1,1
11431,11437885000,40,0,0
11432,11438885000,46,0,0
11433,11439885000,42,0,0
11434,11440885000,-42,1,1
11435,11441885000,-42,1,1
11436,11442885000,42,0,0
11437,11443885000,42,0,0
11438,11444885000,-42,1,1
11439,11445885000,-46,1,1
11440,11446885000,-48,1,1
11441,11447885000,-48,1,1
11442,11448885000,-48,1,1
11443,11449885000,-48,1,1
11444,11450885000,-48,1,1
11445,11451885000,-48,1,1
11446,11452885000,-46,1,1
11447,11453885000,-40,1,1
11448,11454885000,38,0,0
11449,11455885000,-38,1,1
11450,11456885000,38,0,0
11451,11457885000,-38,1,1
11452,11458885000,40,0,0
11453,11459885000,40,0,0
11454,11460885000,-38,1,1
11455,11461885000,38,0,0
11456,11462885000,-38,1,1
11457,11463885000,40,0,0
11458,11464885000,46,0,0
11459,11465885000,40,0,0
11460,11466885000,-40,1,1
11461,11467885000,40,0,0
11462,11468885000,42,0,0
11463,11469885000,-42,1,1
11464,11470885000,-46,1,1
11465,11471885000,-46,1,1
11466,11472885000,-42,1,1
11467,11473885000,42,0,0
11468,11474885000,46,0,0
11469,11475885000,42,0,0
11470,11476885000,-42,1,1
11471,11477885000,-40,1,1
11472,11478885000,40,0,0
11473,11479885000,-40,1,1
11474,11480885000,-46,1,1
11475,11481885000,-48,1,1
11476,11482885000,-46,1,1
11477,11483885000,-40,1,1
11478,11484885000,38,0,0
11479,11485885000,-38,1,1
11480,11486885000,38,0,0
11481,11487885000,-40,1,1
11482,11488885000,-46,1,1
11483,11489885000,-48,1,1
11484,11490885000,-48,1,1
11485,11491885000,-48,1,1
11486,11492885000,-48,1,1
11487,11493885000,-48,1,1
11488,11494885000,-46,1,1
11489,11495885000,-40,1,1
11490,11496885000,40,0,0
11491,11497885000,-40,1,1
11492,11498885000,-42,1,1
11493,11499885000,42,0,0
11494,11500885000,40,0,0
11495,11501885000,-40,1,1
11496,11502885000,40,0,0
11497,11503885000,46,0,0
11498,11504885000,48,0,0
11499,11505885000,48,0,0
11500,11506885000,48,0,0
11501,11507885000,48,0,0
11502,11508885000,46,0,0
11503,11509885000,42,0,0
11504,11510885000,-42,1,1
11505,11511885000,-46,1,1
11506,11512885000,-40,1,1
11507,11513885000,38,0,0
11508,11514885000,-38,1,1
11509,11515885000,38,0,0
11510,11516885000,-40,1,1
11511,11517885000,-40,1,1
11512,11518885000,38,0,0
11513,11519885000,-38,1,1
11514,11520885000,38,0,0
11515,11521885000,-38,1,1
11516,11522885000,38,0,0
11517,11523885000,-40,1,1
11518,11524885000,-40,1,1
11519,11525885000,40,0,0
11520,11526885000,-40,1,1
11521,11527885000,-40,1,1
11522,11528885000,40,0,0
11523,11529885000,-40,1,1
11524,11530885000,-40,1,1
11525,11531885000,38,0,0
11526,11532885000,-38,1,1
11527,11533885000,38,0,0
11528,11534885000,-40,1,1
11529,11535885000,-42,1,1
11530,11536885000,42,0,0
11531,11537885000,42,0,0
11532,11538885000,-42,1,1
11533,11539885000,-46,1,1
11534,11540885000,-48,1,1
11535,11541885000,-48,1,1
11536,11542885000,-48,1,1
11537,11543885000,-46,1,1
11538,11544885000,-40,1,1
11539,11545885000,38,0,0
11540,11546885000,-38,1,1
11541,11547885000,40,0,0
11542,11548885000,42,0,0
11543,11549885000,-42,1,1
11544,11550885000,-40,1,1
11545,11551885000,38,0,0
11546,11552885000,-38,1,1
11547,11553885000,38,0,0
11548,11554885000,-38,1,1
11549,11555885000,40,0,0
11550,11556885000,42,0,0
11551,11557885000,-42,1,1
11552,11558885000,-46,1,1
11553,11559885000,-46,1,1
11554,11560885000,-40,1,1
11555,11561885000,40,0,0
11556,11562885000,-40,1,1
11557,11563885000,-42,1,1
11558,11564885000,42,0,0
11559,11565885000,42,0,0
11560,11566885000,-42,1,1
11561,11567885000,-46,1,1
11562,11568885000,-48,1,1
11563,11569885000,-46,1,1
11564,11570885000,-42,1,1
11565,11571885000,42,0,0
11566,11572885000,46,0,0
11567,11573885000,40,0,0
11568,11574885000,-40,1,1
11569,11575885000,40,0,0
11570,11576885000,46,0,0
11571,11577885000,42,0,0
11572,11578885000,-42,1,1
11573,11579885000,-42,1,1
11574,11580885000,42,0,0
11575,11581885000,46,0,0
11576,11582885000,42,0,0
11577,11583885000,-42,1,1
11578,11584885000,-46,1,1
11579,11585885000,-46,1,1
11580,11586885000,-42,1,1
11581,11587885000,42,0,0
11582,11588885000,46,0,0
11583,11589885000,48,0,0
11584,11590885000,46,0,0
11585,11591885000,42,0,0
11586,11592885000,-42,1,1
11587,11593885000,-46,1,1
11588,11594885000,-42,1,1
11589,11595885000,42,0,0
11590,11596885000,46,0,0
11591,11597885000,40,0,0
11592,11598885000,-40,1,1
11593,11599885000,40,0,0
11594,11600885000,46,0,0
11595,11601885000,42,0,0
11596,11602885000,-42,1,1
11597,11603885000,-46,1,1
11598,11604885000,-46,1,1
11599,11605885000,-42,1,1
11600,11606885000,42,0,0
11601,11607885000,46,0,0
11602,11608885000,48,0,0
11603,11609885000,48,0,0
11604,11610885000,46,0,0
11605,11611885000,40,0,0
11606,11612885000,-38,1,1
11607,11613885000,38,0,0
11608,11614885000,-40,1,1
11609,11615885000,-42,1,1
11610,11616885000,42,0,0
11611,11617885000,42,0,0
11612,11618885000,-42,1,1
11613,11619885000,-46,1,1
11614,11620885000,-42,1,1
11615,11621885000,42,0,0
11616,11622885000,40,0,0
11617,11623885000,-38,1,1
11618,11624885000,38,0,0
11619,11625885000,-38,1,1
11620,11626885000,38,0,0
11621,11627885000,-40,1,1
11622,11628885000,-46,1,1
11623,11629885000,-42,1,1
11624,11630885000,42,0,0
11625,11631885000,42,0,0
11626,11632885000,-42,1,1
11627,11633885000,-42,1,1
11628,11634885000,42,0,0
11629,11635885000,42,0,0
11630,11636885000,-42,1,1
11631,11637885000,-46,1,1
11632,11638885000,-46,1,1
11633,11639885000,-40,1,1
11634,11640885000,40,0,0
11635,11641885000,-40,1,1
11636,11642885000,-42,1,1
11637,11643885000,42,0,0
11638,11644885000,46,0,0
11639,11645885000,46,0,0
11640,11646885000,40,0,0
11641,11647885000,-40,1,1
11642,11648885000,40,0,0
11643,11649885000,46,0,0
11644,11650885000,48,0,0
11645,11651885000,46,0,0
11646,11652885000,42,0,0
11647,11653885000,-42,1,1
11648,11654885000,-46,1,1
11649,11655885000,-46,1,1
11650,11656885000,-42,1,1
11651,11657885000,42,0,0
11652,11658885000,46,0,0
11653,11659885000,46,0,0
11654,11660885000,42,0,0
11655,11661885000,-42,1,1
11656,11662885000,-46,1,1
11657,11663885000,-48,1,1
11658,11664885000,-46,1,1
11659,11665885000,-42,1,1
11660,11666885000,42,0,0
11661,11667885000,42,0,0
11662,11668885000,-42,1,1
11663,11669885000,-40,1,1
11664,11670885000,38,0,0
11665,11671885000,-38,1,1
11666,11672885000,38,0,0
11667,11673885000,-38,1,1
11668,11674885000,38,0,0
11669,11675885000,-40,1,1
11670,11676885000,-42,1,1
11671,11677885000,42,0,0
11672,11678885000,46,0,0
11673,11679885000,46,0,0
11674,11680885000,40,0,0
11675,11681885000,-40,1,1
11676,11682885000,40,0,0
11677,11683885000,46,0,0
11678,11684885000,48,0,0
11679,11685885000,46,0,0
11680,11686885000,40,0,0
11681,11687885000,-40,1,1
11682,11688885000,40,0,0
11683,11689885000,46,0,0
11684,11690885000,48,0,0
11685,11691885000,46,0,0
11686,11692885000,42,0,0
11687,11693885000,-42,1,1
11688,11694885000,-46,1,1
11689,11695885000,-40,1,1
11690,11696885000,38,0,0
11691,11697885000,-38,1,1
11692,11698885000,40,0,0
11693,11699885000,46,0,0
11694,11700885000,40,0,0
11695,11701885000,-38,1,1
11696,11702885000,38,0,0
11697,11703885000,-38,1,1
11698,11704885000,38,0,0
11699,11705885000,-38,1,1
11700,11706885000,40,0,0
11701,11707885000,42,0,0
11702,11708885000,-42,1,1
11703,11709885000,-42,1,1
11704,11710885000,42,0,0
11705,11711885000,40,0,0
11706,11712885000,-38,1,1
11707,11713885000,38,0,0
11708,11714885000,-40,1,1
11709,11715885000,-42,1,1
11710,11716885000,42,0,0
11711,11717885000,42,0,0
11712,11718885000,-42,1,1
11713,11719885000,-46,1,1
11714,11720885000,-42,1,1
11715,11721885000,42,0,0
11716,11722885000,46,0,0
11717,11723885000,46,0,0
11718,11724885000,40,0,0
11719,11725885000,-40,1,1
11720,11726885000,40,0,0
11721,11727885000,46,0,0
11722,11728885000,42,0,0
11723,11729885000,-42,1,1
11724,11730885000,-46,1,1
11725,11731885000,-40,1,1
11726,11732885000,40,0,0
11727,11733885000,-40,1,1
11728,11734885000,-42,1,1
11729,11735885000,42,0,0
11730,11736885000,40,0,0
11731,11737885000,-38,1,1
11732,11738885000,38,0,0
11733,11739885000,-38,1,1
11734,11740885000,38,0,0
11735,11741885000,-38,1,1
11736,11742885000,40,0,0
11737,11743885000,46,0,0
11738,11744885000,48,0,0
11739,11745885000,46,0,0
11740,11746885000,42,0,0
11741,11747885000,-42,1,1
11742,11748885000,-46,1,1
11743,11749885000,-42,1,1
11744,11750885000,42,0,0
11745,11751885000,46,0,0
11746,11752885000,46,0,0
11747,11753885000,40,0,0
11748,11754885000,-38,1,1
11749,11755885000,38,0,0
11750,11756885000,-40,1,1
11751,11757885000,-46,1,1
11752,11758885000,-42,1,1
11753,11759885000,42,0,0
11754,11760885000,42,0,0
11755,11761885000,-42,1,1
11756,11762885000,-46,1,1
11757,11763885000,-40,1,1
11758,11764885000,40,0,0
11759,11765885000,-40,1,1
11760,11766885000,-42,1,1
11761,11767885000,42,0,0
11762,11768885000,40,0,0
11763,11769885000,-40,1,1
11764,11770885000,40,0,0
11765,11771885000,46,0,0
11766,11772885000,46,0,0
11767,11773885000,40,0,0
11768,11774885000,-38,1,1
11769,11775885000,38,0,0
11770,11776885000,-38,1,1
11771,11777885000,40,0,0
11772,11778885000,40,0,0
11773,11779885000,-38,1,1
11774,11780885000,38,0,0
11775,11781885000,-38,1,1
11776,11782885000,40,0,0
11777,11783885000,42,0,0
11778,11784885000,-42,1,1
11779,11785885000,-40,1,1
11780,11786885000,38,0,0
11781,11787885000,-38,1,1
11782,11788885000,38,0,0
11783,11789885000,-40,1,1
11784,11790885000,-46,1,1
11785,11791885000,-40,1,1
11786,11792885000,38,0,0
11787,11793885000,-38,1,1
11788,11794885000,40,0,0
11789,11795885000,42,0,0
11790,11796885000,-42,1,1
11791,11797885000,-42,1,1
11792,11798885000,42,0,0
11793,11799885000,46,0,0
11794,11800885000,48,0,0
11795,11801885000,48,0,0
11796,11802885000,48,0,0
11797,11803885000,46,0,0
11798,11804885000,42,0,0
11799,11805885000,-42,1,1
11800,11806885000,-40,1,1
11801,11807885000,40,0,0
11802,11808885000,-40,1,1
11803,11809885000,-40,1,1
11804,11810885000,38,0,0
11805,11811885000,-38,1,1
11806,11812885000,38,0,0
11807,11813885000,-38,1,1
11808,11814885000,38,0,0
11809,11815885000,-38,1,1
11810,11816885000,38,0,0
11811,11817885000,-38,1,1
11812,11818885000,40,0,0
11813,11819885000,46,0,0
11814,11820885000,48,0,0
11815,11821885000,46,0,0
11816,11822885000,40,0,0
11817,11823885000,-38,1,1
11818,11824885000,38,0,0
11819,11825885000,-40,1,1
11820,11826885000,-40,1,1
11821,11827885000,38,0,0
11822,11828885000,-38,1,1
11823,11829885000,40,0,0
11824,11830885000,42,0,0
11825,11831885000,-42,1,1
11826,11832885000,-40,1,1
11827,11833885000,38,0,0
11828,11834885000,-38,1,1
11829,11835885000,40,0,0
11830,11836885000,46,0,0
11831,11837885000,42,0,0
11832,11838885000,-42,1,1
11833,11839885000,-46,1,1
11834,11840885000,-40,1,1
11835,11841885000,38,0,0
11836,11842885000,-38,1,1
11837,11843885000,40,0,0
11838,11844885000,42,0,0
11839,11845885000,-42,1,1
11840,11846885000,-46,1,1
11841,11847885000,-48,1,1
11842,11848885000,-46,1,1
11843,11849885000,-42,1,1
11844,11850885000,42,0,0
11845,11851885000,42,0,0
11846,11852885000,-42,1,1
11847,11853885000,-46,1,1
11848,11854885000,-42,1,1
11849,11855885000,42,0,0
11850,11856885000,40,0,0
11851,11857885000,-38,1,1
11852,11858885000,38,0,0
11853,11859885000,-38,1,1
11854,11860885000,40,0,0
11855,11861885000,46,0,0
11856,11862885000,40,0,0
11857,11863885000,-38,1,1
11858,11864885000,38,0,0
11859,11865885000,-40,1,1
11860,11866885000,-40,1,1
11861,11867885000,38,0,0
11862,11868885000,-38,1,1
11863,11869885000,40,0,0
11864,11870885000,46,0,0
11865,11871885000,40,0,0
11866,11872885000,-38,1,1
11867,11873885000,38,0,0
11868,11874885000,-40,1,1
11869,11875885000,-40,1,1
11870,11876885000,38,0,0
11871,11877885000,-38,1,1
11872,11878885000,40,0,0
11873,11879885000,46,0,0
11874,11880885000,46,0,0
11875,11881885000,42,0,0
11876,11882885000,-42,1,1
11877,11883885000,-42,1,1
11878,11884885000,42,0,0
11879,11885885000,46,0,0
11880,11886885000,48,0,0
11881,11887885000,46,0,0
11882,11888885000,42,0,0
11883,11889885000,-42,1,1
11884,11890885000,-46,1,1
11885,11891885000,-42,1,1
11886,11892885000,42,0,0
11887,11893885000,40,0,0
11888,11894885000,-40,1,1
11889,11895885000,40,0,0
11890,11896885000,46,0,0
11891,11897885000,46,0,0
11892,11898885000,40,0,0
11893,11899885000,-40,1,1
11894,11900885000,40,0,0
11895,11901885000,42,0,0
11896,11902885000,-42,1,1
11897,11903885000,-46,1,1
11898,11904885000,-48,1,1
11899,11905885000,-46,1,1
11900,11906885000,-40,1,1
11901,11907885000,38,0,0
11902,11908885000,-38,1,1
11903,11909885000,38,0,0
11904,11910885000,-38,1,1
11905,11911885000,40,0,0
11906,11912885000,46,0,0
11907,11913885000,42,0,0
11908,11914885000,-42,1,1
11909,11915885000,-46,1,1
11910,11916885000,-40,1,1
11911,11917885000,38,0,0
11912,11918885000,-38,1,1
11913,11919885000,38,0,0
11914,11920885000,-40,1,1
11915,11921885000,-42,1,1
11916,11922885000,42,0,0
11917,11923885000,46,0,0
11918,11924885000,46,0,0
11919,11925885000,42,0,0
11920,11926885000,-42,1,1
11921,11927885000,-46,1,1
11922,11928885000,-40,1,1
11923,11929885000,38,0,0
11924,11930885000,-38,1,1
11925,11931885000,38,0,0
11926,11932885000,-38,1,1
11927,11933885000,38,0,0
11928,11934885000,-40,1,1
11929,11935885000,-42,1,1
11930,11936885000,42,0,0
11931,11937885000,46,0,0
11932,11938885000,48,0,0
11933,11939885000,46,0,0
11934,11940885000,40,0,0
11935,11941885000,-40,1,1
11936,11942885000,40,0,0
11937,11943885000,42,0,0
11938,11944885000,-42,1,1
11939,11945885000,-42,1,1
11940,11946885000,42,0,0
11941,11947885000,46,0,0
11942,11948885000,42,0,0
11943,11949885000,-42,1,1
11944,11950885000,-46,1,1
11945,11951885000,-40,1,1
11946,11952885000,38,0,0
11947,11953885000,-38,1,1
11948,11954885000,40,0,0
11949,11955885000,46,0,0
11950,11956885000,46,0,0
11951,11957885000,40,0,0
11952,11958885000,-40,1,1
11953,11959885000,40,0,0
11954,11960885000,46,0,0
11955,11961885000,46,0,0
11956,11962885000,40,0,0
11957,11963885000,-38,1,1
11958,11964885000,38,0,0
11959,11965885000,-40,1,1
11960,11966885000,-46,1,1
11961,11967885000,-42,1,1
11962,11968885000,42,0,0
11963,11969885000,46,0,0
11964,11970885000,48,0,0
11965,11971885000,46,0,0
11966,11972885000,42,0,0
11967,11973885000,-42,1,1
11968,11974885000,-46,1,1
11969,11975885000,-46,1,1
11970,11976885000,-40,1,1
11971,11977885000,40,0,0
11972,11978885000,-40,1,1
11973,11979885000,-46,1,1
11974,11980885000,-46,1,1
11975,11981885000,-42,1,1
11976,11982885000,42,0,0
11977,11983885000,40,0,0
11978,11984885000,-38,1,1
11979,11985885000,38,0,0
11980,11986885000,-40,1,1
11981,11987885000,-40,1,1
11982,11988885000,40,0,0
11983,11989885000,-40,1,1
11984,11990885000,-46,1,1
11985,11991885000,-48,1,1
11986,11992885000,-46,1,1
11987,11993885000,-42,1,1
11988,11994885000,42,0,0
11989,11995885000,46,0,0
11990,11996885000,42,0,0
11991,11997885000,-42,1,1
11992,11998885000,-40,1,1
11993,11999885000,40,0,0
11994,12000885000,-40,1,1
11995,12001885000,-46,1,1
11996,12002885000,-42,1,1
11997,12003885000,42,0,0
11998,12004885000,46,0,0
11999,12005885000,42,0,0
12000,12006885000,-42,1,1
12001,12007885000,-46,1,1
12002,12008885000,-40,1,1
12003,12009885000,40,0,0
12004,12010885000,-40,1,1
12005,12011885000,-46,1,1
12006,12012885000,-46,1,1
12007,12013885000,-42,1,1
12008,12014885000,42,0,0
12009,12015885000,40,0,0
12010,12016885000,-38,1,1
12011,12017885000,38,0,0
12012,12018885000,-38,1,1
12013,12019885000,38,0,0
12014,12020885000,-38,1,1
12015,12021885000,38,0,0
12016,12022885000,-40,1,1
12017,12023885000,-42,1,1
12018,12024885000,42,0,0
12019,12025885000,40,0,0
12020,12026885000,-38,1,1
12021,12027885000,38,0,0
12022,12028885000,-40,1,1
12023,12029885000,-42,1,1
12024,12030885000,42,0,0
12025,12031885000,46,0,0
12026,12032885000,46,0,0
12027,12033885000,40,0,0
12028,12034885000,-40,1,1
12029,12035885000,40,0,0
12030,12036885000,46,0,0
12031,12037885000,40,0,0
12032,12038885000,-40,1,1
12033,12039885000,40,0,0
12034,12040885000,42,0,0
12035,12041885000,-42,1,1
12036,12042885000,-46,1,1
12037,12043885000,-40,1,1
12038,12044885000,38,0,0
12039,12045885000,-38,1,1
12040,12046885000,38,0,0
12041,12047885000,-40,1,1
12042,12048885000,-42,1,1
12043,12049885000,42,0,0
12044,12050885000,46,0,0
12045,12051885000,42,0,0
12046,12052885000,-42,1,1
12047,12053885000,-40,1,1
12048,12054885000,38,0,0
12049,12055885000,-38,1,1
12050,12056885000,40,0,0
12051,12057885000,42,0,0
12052,12058885000,-42,1,1
12053,12059885000,-46,1,1
12054,12060885000,-46,1,1
12055,12061885000,-42,1,1
12056,12062885000,42,0,0
12057,12063885000,46,0,0
12058,12064885000,46,0,0
12059,12065885000,40,0,0
12060,12066885000,-40,1,1
12061,12067885000,40,0,0
12062,12068885000,46,0,0
12063,12069885000,42,0,0
12064,12070885000,-42,1,1
12065,12071885000,-42,1,1
12066,12072885000,42,0,0
12067,12073885000,42,0,0
12068,12074885000,-42,1,1
12069,12075885000,-40,1,1
12070,12076885000,38,0,0
12071,12077885000,-38,1,1
12072,12078885000,40,0,0
12073,12079885000,46,0,0
12074,12080885000,40,0,0
12075,12081885000,-38,1,1
12076,12082885000,38,0,0
12077,12083885000,-38,1,1
12078,12084885000,40,0,0
12079,12085885000,40,0,0
12080,12086885000,-40,1,1
12081,12087885000,40,0,0
12082,12088885000,46,0,0
12083,12089885000,46,0,0
12084,12090885000,40,0,0
12085,12091885000,-38,1,1
12086,12092885000,38,0,0
12087,12093885000,-40,1,1
12088,12094885000,-40,1,1
12089,12095885000,40,0,0
12090,12096885000,-40,1,1
12091,12097885000,-46,1,1
12092,12098885000,-46,1,1
12093,12099885000,-40,1,1
12094,12100885000,40,0,0
12095,12101885000,-40,1,1
12096,12102885000,-46,1,1
12097,12103885000,-40,1,1
12098,12104885000,40,0,0
12099,12105885000,-40,1,1
12100,12106885000,-40,1,1
12101,12107885000,38,0,0
12102,12108885000,-38,1,1
12103,12109885000,40,0,0
12104,12110885000,46,0,0
12105,12111885000,42,0,0
12106,12112885000,-42,1,1
12107,12113885000,-46,1,1
12108,12114885000,-46,1,1
12109,12115885000,-40,1,1
12110,12116885000,38,0,0
12111,12117885000,-38,1,1
12112,12118885000,38,0,0
12113,12119885000,-40,1,1
12114,12120885000,-42,1,1
12115,12121885000,42,0,0
12116,12122885000,42,0,0
12117,12123885000,-42,1,1
12118,12124885000,-40,1,1
12119,12125885000,38,0,0
12120,12126885000,-38,1,1
12121,12127885000,38,0,0
12122,12128885000,-38,1,1
12123,12129885000,40,0,0
12124,12130885000,40,0,0
12125,12131885000,-38,1,1
12126,12132885000,38,0,0
12127,12133885000,-38,1,1
12128,12134885000,38,0,0
12129,12135885000,-38,1,1
12130,12136885000,38,0,0
12131,12137885000,-40,1,1
12132,12138885000,-46,1,1
12133,12139885000,-46,1,1
12134,12140885000,-40,1,1
12135,12141885000,40,0,0
12136,12142885000,-40,1,1
12137,12143885000,-46,1,1
12138,12144885000,-40,1,1
12139,12145885000,38,0,0
12140,12146885000,-38,1,1
12141,12147885000,40,0,0
12142,12148885000,40,0,0
12143,12149885000,-40,1,1
12144,12150885000,40,0,0
12145,12151885000,46,0,0
12146,12152885000,42,0,0
12147,12153885000,-42,1,1
12148,12154885000,-40,1,1
12149,12155885000,40,0,0
12150,12156885000,-40,1,1
12151,12157885000,-46,1,1
12152,12158885000,-48,1,1
12153,12159885000,-46,1,1
12154,12160885000,-42,1,1
12155,12161885000,42,0,0
12156,12162885000,46,0,0
12157,12163885000,46,0,0
12158,12164885000,42,0,0
12159,12165885000,-42,1,1
12160,12166885000,-42,1,1
12161,12167885000,42,0,0
12162,12168885000,40,0,0
12163,12169885000,-38,1,1
12164,12170885000,38,0,0
12165,12171885000,-38,1,1
12166,12172885000,40,0,0
12167,12173885000,46,0,0
12168,12174885000,42,0,0
12169,12175885000,-42,1,1
12170,12176885000,-40,1,1
12171,12177885000,40,0,0
12172,12178885000,-40,1,1
12173,12179885000,-42,1,1
12174,12180885000,42,0,0
12175,12181885000,46,0,0
12176,12182885000,40,0,0
12177,12183885000,-38,1,1
12178,12184885000,38,0,0
12179,12185885000,-38,1,1
12180,12186885000,40,0,0
12181,12187885000,40,0,0
12182,12188885000,-40,1,1
12183,12189885000,40,0,0
12184,12190885000,46,0,0
12185,12191885000,42,0,0
12186,12192885000,-42,1,1
12187,12193885000,-46,1,1
12188,12194885000,-40,1,1
12189,12195885000,38,0,0
12190,12196885000,-38,1,1
12191,12197885000,38,0,0
12192,12198885000,-38,1,1
12193,12199885000,40,0,0
12194,12200885000,42,0,0
12195,12201885000,-42,1,1
12196,12202885000,-40,1,1
12197,12203885000,38,0,0
12198,12204885000,-38,1,1
12199,12205885000,40,0,0
12200,12206885000,46,0,0
12201,12207885000,40,0,0
12202,12208885000,-40,1,1
12203,12209885000,40,0,0
12204,12210885000,46,0,0
12205,12211885000,48,0,0
12206,12212885000,48,0,0
12207,12213885000,48,0,0
12208,12214885000,48,0,0
12209,12215885000,46,0,0
12210,12216885000,40,0,0
12211,12217885000,-40,1,1
12212,12218885000,40,0,0
12213,12219885000,42,0,0
12214,12220885000,-42,1,1
12215,12221885000,-42,1,1
12216,12222885000,42,0,0
12217,12223885000,42,0,0
12218,12224885000,-42,1,1
12219,12225885000,-46,1,1
12220,12226885000,-42,1,1
12221,12227885000,42,0,0
12222,12228885000,46,0,0
12223,12229885000,40,0,0
12224,12230885000,-38,1,1
12225,12231885000,38,0,0
12226,12232885000,-40,1,1
12227,12233885000,-46,1,1
12228,12234885000,-46,1,1
12229,12235885000,-40,1,1
12230,12236885000,38,0,0
12231,12237885000,-38,1,1
12232,12238885000,38,0,0
12233,12239885000,-40,1,1
12234,12240885000,-40,1,1
12235,12241885000,40,0,0
12236,12242885000,-40,1,1
12237,12243885000,-46,1,1
12238,12244885000,-46,1,1
12239,12245885000,-40,1,1
12240,12246885000,38,0,0
12241,12247885000,-38,1,1
12242,12248885000,38,0,0
12243,12249885000,-40,1,1
12244,12250885000,-42,1,1
12245,12251885000,42,0,0
12246,12252885000,46,0,0
12247,12253885000,48,0,0
12248,12254885000,46,0,0
12249,12255885000,40,0,0
12250,12256885000,-38,1,1
12251,12257885000,38,0,0
12252,12258885000,-40,1,1
12253,12259885000,-46,1,1
12254,12260885000,-48,1,1
12255,12261885000,-48,1,1
12256,12262885000,-48,1,1
12257,12263885000,-48,1,1
12258,12264885000,-48,1,1
12259,12265885000,-46,1,1
12260,12266885000,-42,1,1
12261,12267885000,42,0,0
12262,12268885000,42,0,0
12263,12269885000,-42,1,1
12264,12270885000,-46,1,1
12265,12271885000,-46,1,1
12266,12272885000,-42,1,1
12267,12273885000,42,0,0
12268,12274885000,42,0,0
12269,12275885000,-42,1,1
12270,12276885000,-46,1,1
12271,12277885000,-46,1,1
12272,12278885000,-40,1,1
12273,12279885000,40,0,0
12274,12280885000,-40,1,1
12275,12281885000,-40,1,1
12276,12282885000,38,0,0
12277,12283885000,-38,1,1
12278,12284885000,38,0,0
12279,12285885000,-38,1,1
12280,12286885000,40,0,0
12281,12287885000,46,0,0
12282,12288885000,48,0,0
12283,12289885000,48,0,0
12284,12290885000,46,0,0
12285,12291885000,40,0,0
12286,12292885000,-40,1,1
12287,12293885000,40,0,0
12288,12294885000,46,0,0
12289,12295885000,48,0,0
12290,12296885000,48,0,0
12291,12297885000,46,0,0
12292,12298885000,40,0,0
12293,12299885000,-38,1,1
12294,12300885000,38,0,0
12295,12301885000,-40,1,1
12296,12302885000,-40,1,1
12297,12303885000,38,0,0
12298,12304885000,-38,1,1
12299,12305885000,40,0,0
12300,12306885000,46,0,0
12301,12307885000,46,0,0
12302,12308885000,42,0,0
12303,12309885000,-42,1,1
12304,12310885000,-40,1,1
12305,12311885000,38,0,0
12306,12312885000,-38,1,1
12307,12313885000,40,0,0
12308,12314885000,46,0,0
12309,12315885000,46,0,0
12310,12316885000,40,0,0
12311,12317885000,-40,1,1
12312,12318885000,40,0,0
12313,12319885000,42,0,0
12314,12320885000,-42,1,1
12315,12321885000,-42,1,1
12316,12322885000,42,0,0
12317,12323885000,42,0,0
12318,12324885000,-42,1,1
12319,12325885000,-46,1,1
12320,12326885000,-40,1,1
12321,12327885000,40,0,0
12322,12328885000,-40,1,1
12323,12329885000,-40,1,1
12324,12330885000,40,0,0
12325,12331885000,-40,1,1
12326,12332885000,-42,1,1
12327,12333885000,42,0,0
12328,12334885000,40,0,0
12329,12335885000,-38,1,1
12330,12336885000,38,0,0
12331,12337885000,-40,1,1
12332,12338885000,-42,1,1
12333,12339885000,42,0,0
12334,12340885000,46,0,0
12335,12341885000,42,0,0
12336,12342885000,-42,1,1
12337,12343885000,-46,1,1
12338,12344885000,-42,1,1
12339,12345885000,42,0,0
12340,12346885000,40,0,0
12341,12347885000,-38,1,1
12342,12348885000,38,0,0
12343,12349885000,-38,1,1
12344,12350885000,38,0,0
12345,12351885000,-40,1,1
12346,12352885000,-46,1,1
12347,12353885000,-40,1,1
12348,12354885000,40,0,0
12349,12355885000,-40,1,1
12350,12356885000,-46,1,1
12351,12357885000,-46,1,1
12352,12358885000,-42,1,1
12353,12359885000,42,0,0
12354,12360885000,46,0,0
12355,12361885000,48,0,0
12356,12362885000,48,0,0
12357,12363885000,46,0,0
12358,12364885000,42,0,0
12359,12365885000,-42,1,1
12360,12366885000,-42,1,1
12361,12367885000,42,0,0
12362,12368885000,46,0,0
12363,12369885000,46,0,0
12364,12370885000,40,0,0
12365,12371885000,-40,1,1
12366,12372885000,40,0,0
12367,12373885000,40,0,0
12368,12374885000,-38,1,1
12369,12375885000,38,0,0
12370,12376885000,-40,1,1
12371,12377885000,-40,1,1
12372,12378885000,38,0,0
12373,12379885000,-38,1,1
12374,12380885000,40,0,0
12375,12381885000,42,0,0
12376,12382885000,-42,1,1
12377,12383885000,-46,1,1
12378,12384885000,-48,1,1
12379,12385885000,-48,1,1
12380,12386885000,-46,1,1
12381,12387885000,-40,1,1
12382,12388885000,38,0,0
12383,12389885000,-38,1,1
12384,12390885000,40,0,0
12385,12391885000,42,0,0
12386,12392885000,-42,1,1
12387,12393885000,-46,1,1
12388,12394885000,-46,1,1
12389,12395885000,-40,1,1
12390,12396885000,38,0,0
12391,12397885000,-38,1,1
12392,12398885000,38,0,0
12393,12399885000,-40,1,1
12394,12400885000,-42,1,1
12395,12401885000,42,0,0
12396,12402885000,42,0,0
12397,12403885000,-42,1,1
12398,12404885000,-42,1,1
12399,12405885000,42,0,0
12400,12406885000,40,0,0
12401,12407885000,-38,1,1
12402,12408885000,38,0,0
12403,12409885000,-40,1,1
12404,12410885000,-46,1,1
12405,12411885000,-42,1,1
12406,12412885000,42,0,0
12407,12413885000,40,0,0
12408,12414885000,-40,1,1
12409,12415885000,40,0,0
12410,12416885000,46,0,0
12411,12417885000,42,0,0
12412,12418885000,-42,1,1
12413,12419885000,-40,1,1
12414,12420885000,38,0,0
12415,12421885000,-38,1,1
12416,12422885000,38,0,0
12417,12423885000,-38,1,1
12418,12424885000,38,0,0
12419,12425885000,-40,1,1
12420,12426885000,-46,1,1
12421,12427885000,-46,1,1
12422,12428885000,-42,1,1
12423,12429885000,42,0,0
12424,12430885000,46,0,0
12425,12431885000,40,0,0
12426,12432885000,-40,1,1
12427,12433885000,40,0,0
12428,12434885000,46,0,0
12429,12435885000,40,0,0
12430,12436885000,-40,1,1
12431,12437885000,40,0,0
12432,12438885000,46,0,0
12433,12439885000,48,0,0
12434,12440885000,46,0,0
12435,12441885000,40,0,0
12436,12442885000,-38,1,1
12437,12443885000,38,0,0
12438,12444885000,-38,1,1
12439,12445885000,40,0,0
12440,12446885000,42,0,0
12441,12447885000,-42,1,1
12442,12448885000,-42,1,1
12443,12449885000,42,0,0
12444,12450885000,46,0,0
12445,12451885000,40,0,0
12446,12452885000,-38,1,1
12447,12453885000,38,0,0
12448,12454885000,-40,1,1
12449,12455885000,-46,1,1
12450,12456885000,-48,1,1
12451,12457885000,-46,1,1
12452,12458885000,-40,1,1
12453,12459885000,40,0,0
12454,12460885000,-40,1,1
12455,12461885000,-46,1,1
12456,12462885000,-48,1,1
12457,12463885000,-48,1,1
12458,12464885000,-46,1,1
12459,12465885000,-40,1,1
12460,12466885000,38,0,0
12461,12467885000,-38,1,1
12462,12468885000,40,0,0
12463,12469885000,46,0,0
12464,12470885000,46,0,0
12465,12471885000,40,0,0
12466,12472885000,-38,1,1
12467,12473885000,38,0,0
12468,12474885000,-40,1,1
12469,12475885000,-40,1,1
12470,12476885000,38,0,0
12471,12477885000,-38,1,1
12472,12478885000,38,0,0
12473,12479885000,-40,1,1
12474,12480885000,-46,1,1
12475,12481885000,-46,1,1
12476,12482885000,-40,1,1
12477,12483885000,40,0,0
12478,12484885000,-40,1,1
12479,12485885000,-42,1,1
12480,12486885000,42,0,0
12481,12487885000,42,0,0
12482,12488885000,-42,1,1
12483,12489885000,-42,1,1
12484,12490885000,42,0,0
12485,12491885000,46,0,0
12486,12492885000,46,0,0
12487,12493885000,40,0,0
12488,12494885000,-40,1,1
12489,12495885000,40,0,0
12490,12496885000,42,0,0
12491,12497885000,-42,1,1
12492,12498885000,-46,1,1
12493,12499885000,-42,1,1
12494,12500885000,42,0,0
12495,12501885000,40,0,0
12496,12502885000,-40,1,1
12497,12503885000,40,0,0
12498,12504885000,46,0,0
12499,12505885000,46,0,0
12500,12506885000,42,0,0
12501,12507885000,-42,1,1
12502,12508885000,-46,1,1
12503,12509885000,-42,1,1
12504,12510885000,42,0,0
12505,12511885000,42,0,0
12506,12512885000,-42,1,1
12507,12513885000,-40,1,1
12508,12514885000,38,0,0
12509,12515885000,-38,1,1
12510,12516885000,38,0,0
12511,12517885000,-38,1,1
12512,12518885000,38,0,0
12513,12519885000,-40,1,1
12514,12520885000,-46,1,1
12515,12521885000,-40,1,1
12516,12522885000,38,0,0
12517,12523885000,-38,1,1
12518,12524885000,40,0,0
12519,12525885000,46,0,0
12520,12526885000,40,0,0
12521,12527885000,-40,1,1
12522,12528885000,40,0,0
12523,12529885000,42,0,0
12524,12530885000,-42,1,1
12525,12531885000,-46,1,1
12526,12532885000,-48,1,1
12527,12533885000,-48,1,1
12528,12534885000,-46,1,1
12529,12535885000,-40,1,1
12530,12536885000,38,0,0
12531,12537885000,-38,1,1
12532,12538885000,40,0,0
12533,12539885000,40,0,0
12534,12540885000,-38,1,1
12535,12541885000,38,0,0
12536,12542885000,-40,1,1
12537,12543885000,-42,1,1
12538,12544885000,42,0,0
12539,12545885000,46,0,0
12540,12546885000,46,0,0
12541,12547885000,40,0,0
12542,12548885000,-40,1,1
12543,12549885000,40,0,0
12544,12550885000,40,0,0
12545,12551885000,-38,1,1
12546,12552885000,38,0,0
12547,12553885000,-40,1,1
12548,12554885000,-40,1,1
12549,12555885000,38,0,0
12550,12556885000,-38,1,1
12551,12557885000,40,0,0
12552,12558885000,40,0,0
12553,12559885000,-40,1,1
12554,12560885000,40,0,0
12555,12561885000,46,0,0
12556,12562885000,48,0,0
12557,12563885000,48,0,0
12558,12564885000,48,0,0
12559,12565885000,48,0,0
12560,12566885000,48,0,0
12561,12567885000,46,0,0
12562,12568885000,42,0,0
12563,12569885000,-42,1,1
12564,12570885000,-46,1,1
12565,12571885000,-40,1,1
12566,12572885000,40,0,0
12567,12573885000,-40,1,1
12568,12574885000,-46,1,1
12569,12575885000,-42,1,1
12570,12576885000,42,0,0
12571,12577885000,46,0,0
12572,12578885000,42,0,0
12573,12579885000,-42,1,1
12574,12580885000,-46,1,1
12575,12581885000,-42,1,1
12576,12582885000,42,0,0
12577,12583885000,46,0,0
12578,12584885000,42,0,0
12579,12585885000,-42,1,1
12580,12586885000,-46,1,1
12581,12587885000,-46,1,1
12582,12588885000,-40,1,1
12583,12589885000,40,0,0
12584,12590885000,-40,1,1
12585,12591885000,-40,1,1
12586,12592885000,38,0,0
12587,12593885000,-38,1,1
12588,12594885000,40,0,0
12589,12595885000,46,0,0
12590,12596885000,46,0,0
12591,12597885000,40,0,0
12592,12598885000,-38,1,1
12593,12599885000,38,0,0
12594,12600885000,-38,1,1
12595,12601885000,40,0,0
12596,12602885000,40,0,0
12597,12603885000,-38,1,1
12598,12604885000,38,0,0
12599,12605885000,-38,1,1
12600,12606885000,40,0,0
12601,12607885000,40,0,0
12602,12608885000,-40,1,1
12603,12609885000,40,0,0
12604,12610885000,46,0,0
12605,12611885000,48,0,0
12606,12612885000,46,0,0
12607,12613885000,42,0,0
12608,12614885000,-42,1,1
12609,12615885000,-40,1,1
12610,12616885000,38,0,0
12611,12617885000,-38,1,1
12612,12618885000,38,0,0
12613,12619885000,-40,1,1
12614,12620885000,-42,1,1
12615,12621885000,42,0,0
12616,12622885000,40,0,0
12617,12623885000,-38,1,1
12618,12624885000,38,0,0
12619,12625885000,-38,1,1
12620,12626885000,38,0,0
12621,12627885000,-40,1,1
12622,12628885000,-46,1,1
12623,12629885000,-40,1,1
12624,12630885000,40,0,0
12625,12631885000,-40,1,1
12626,12632885000,-46,1,1
12627,12633885000,-46,1,1
12628,12634885000,-42,1,1
12629,12635885000,42,0,0
12630,12636885000,46,0,0
12631,12637885000,48,0,0
12632,12638885000,48,0,0
12633,12639885000,48,0,0
12634,12640885000,46,0,0
12635,12641885000,42,0,0
12636,12642885000,-42,1,1
12637,12643885000,-46,1,1
12638,12644885000,-40,1,1
12639,12645885000,40,0,0
12640,12646885000,-40,1,1
12641,12647885000,-46,1,1
12642,12648885000,-46,1,1
12643,12649885000,-42,1,1
12644,12650885000,42,0,0
12645,12651885000,42,0,0
12646,12652885000,-42,1,1
12647,12653885000,-46,1,1
12648,12654885000,-46,1,1
12649,12655885000,-42,1,1
12650,12656885000,42,0,0
12651,12657885000,42,0,0
12652,12658885000,-42,1,1
12653,12659885000,-40,1,1
12654,12660885000,40,0,0
12655,12661885000,-40,1,1
12656,12662885000,-40,1,1
12657,12663885000,40,0,0
12658,12664885000,-40,1,1
12659,12665885000,-42,1,1
12660,12666885000,42,0,0
12661,12667885000,40,0,0
12662,12668885000,-40,1,1
12663,12669885000,40,0,0
12664,12670885000,46,0,0
12665,12671885000,40,0,0
12666,12672885000,-40,1,1
12667,12673885000,40,0,0
12668,12674885000,40,0,0
12669,12675885000,-40,1,1
12670,12676885000,40,0,0
12671,12677885000,42,0,0
12672,12678885000,-42,1,1
12673,12679885000,-46,1,1
12674,12680885000,-48,1,1
12675,12681885000,-46,1,1
12676,12682885000,-42,1,1
12677,12683885000,42,0,0
12678,12684885000,46,0,0
12679,12685885000,46,0,0
12680,12686885000,40,0,0
12681,12687885000,-40,1,1
12682,12688885000,40,0,0
12683,12689885000,46,0,0
12684,12690885000,48,0,0
12685,12691885000,48,0,0
12686,12692885000,48,0,0
12687,12693885000,46,0,0
12688,12694885000,40,0,0
12689,12695885000,-38,1,1
12690,12696885000,38,0,0
12691,12697885000,-38,1,1
12692,12698885000,40,0,0
12693,12699885000,40,0,0
12694,12700885000,-40,1,1
12695,12701885000,40,0,0
12696,12702885000,42,0,0
12697,12703885000,-42,1,1
12698,12704885000,-46,1,1
12699,12705885000,-48,1,1
12700,12706885000,-48,1,1
12701,12707885000,-46,1,1
12702,12708885000,-42,1,1
12703,12709885000,42,0,0
12704,12710885000,40,0,0
12705,12711885000,-38,1,1
12706,12712885000,38,0,0
12707,12713885000,-38,1,1
12708,12714885000,38,0,0
12709,12715885000,-40,1,1
12710,12716885000,-46,1,1
12711,12717885000,-40,1,1
12712,12718885000,40,0,0
12713,12719885000,-40,1,1
12714,12720885000,-40,1,1
12715,12721885000,38,0,0
12716,12722885000,-38,1,1
12717,12723885000,40,0,0
12718,12724885000,42,0,0
12719,12725885000,-42,1,1
12720,12726885000,-46,1,1
12721,12727885000,-48,1,1
12722,12728885000,-46,1,1
12723,12729885000,-40,1,1
12724,12730885000,38,0,0
12725,12731885000,-38,1,1
12726,12732885000,38,0,0
12727,12733885000,-40,1,1
12728,12734885000,-42,1,1
12729,12735885000,42,0,0
12730,12736885000,46,0,0
12731,12737885000,40,0,0
12732,12738885000,-40,1,1
12733,12739885000,40,0,0
12734,12740885000,46,0,0
12735,12741885000,48,0,0
12736,12742885000,48,0,0
12737,12743885000,48,0,0
12738,12744885000,46,0,0
12739,12745885000,42,0,0
12740,12746885000,-42,1,1
12741,12747885000,-46,1,1
12742,12748885000,-40,1,1
12743,12749885000,40,0,0
12744,12750885000,-40,1,1
12745,12751885000,-42,1,1
12746,12752885000,42,0,0
12747,12753885000,40,0,0
12748,12754885000,-38,1,1
12749,12755885000,38,0,0
12750,12756885000,-38,1,1
12751,12757885000,38,0,0
12752,12758885000,-40,1,1
12753,12759885000,-40,1,1
12754,12760885000,40,0,0
12755,12761885000,-40,1,1
12756,12762885000,-46,1,1
12757,12763885000,-46,1,1
12758,12764885000,-40,1,1
12759,12765885000,40,0,0
12760,12766885000,-40,1,1
12761,12767885000,-46,1,1
12762,12768885000,-46,1,1
12763,12769885000,-40,1,1
12764,12770885000,38,0,0
12765,12771885000,-38,1,1
12766,12772885000,38,0,0
12767,12773885000,-38,1,1
12768,12774885000,40,0,0
12769,12775885000,46,0,0
12770,12776885000,42,0,0
12771,12777885000,-42,1,1
12772,12778885000,-46,1,1
12773,12779885000,-46,1,1
12774,12780885000,-40,1,1
12775,12781885000,38,0,0
12776,12782885000,-38,1,1
12777,12783885000,38,0,0
12778,12784885000,-38,1,1
12779,12785885000,40,0,0
12780,12786885000,42,0,0
12781,12787885000,-42,1,1
12782,12788885000,-40,1,1
12783,12789885000,38,0,0
12784,12790885000,-38,1,1
12785,12791885000,40,0,0
12786,12792885000,40,0,0
12787,12793885000,-38,1,1
12788,12794885000,38,0,0
12789,12795885000,-38,1,1
12790,12796885000,40,0,0
12791,12797885000,46,0,0
12792,12798885000,42,0,0
12793,12799885000,-42,1,1
12794,12800885000,-40,1,1
12795,12801885000,38,0,0
12796,12802885000,-38,1,1
12797,12803885000,40,0,0
12798,12804885000,46,0,0
12799,12805885000,42,0,0
12800,12806885000,-42,1,1
12801,12807885000,-42,1,1
12802,12808885000,42,0,0
12803,12809885000,46,0,0
12804,12810885000,40,0,0
12805,12811885000,-38,1,1
12806,12812885000,38,0,0
12807,12813885000,-40,1,1
12808,12814885000,-42,1,1
12809,12815885000,42,0,0
12810,12816885000,46,0,0
12811,12817885000,40,0,0
12812,12818885000,-38,1,1
12813,12819885000,38,0,0
12814,12820885000,-40,1,1
12815,12821885000,-46,1,1
12816,12822885000,-46,1,1
12817,12823885000,-42,1,1
12818,12824885000,42,0,0
12819,12825885000,46,0,0
12820,12826885000,48,0,0
12821,12827885000,46,0,0
12822,12828885000,42,0,0
12823,12829885000,-42,1,1
12824,12830885000,-46,1,1
12825,12831885000,-42,1,1
12826,12832885000,42,0,0
12827,12833885000,42,0,0
12828,12834885000,-42,1,1
12829,12835885000,-40,1,1
12830,12836885000,38,0,0
12831,12837885000,-38,1,1
12832,12838885000,38,0,0
12833,12839885000,-40,1,1
12834,12840885000,-46,1,1
12835,12841885000,-42,1,1
12836,12842885000,42,0,0
12837,12843885000,46,0,0
12838,12844885000,40,0,0
12839,12845885000,-38,1,1
12840,12846885000,38,0,0
12841,12847885000,-38,1,1
12842,12848885000,40,0,0
12843,12849885000,46,0,0
12844,12850885000,42,0,0
12845,12851885000,-42,1,1
12846,12852885000,-46,1,1
12847,12853885000,-42,1,1
12848,12854885000,42,0,0
12849,12855885000,46,0,0
12850,12856885000,48,0,0
12851,12857885000,46,0,0
12852,12858885000,42,0,0
12853,12859885000,-42,1,1
12854,12860885000,-42,1,1
12855,12861885000,42,0,0
12856,12862885000,42,0,0
12857,12863885000,-42,1,1
12858,12864885000,-46,1,1
12859,12865885000,-46,1,1
12860,12866885000,-40,1,1
12861,12867885000,38,0,0
12862,12868885000,-38,1,1
12863,12869885000,38,0,0
12864,12870885000,-40,1,1
12865,12871885000,-40,1,1
12866,12872885000,40,0,0
12867,12873885000,-40,1,1
12868,12874885000,-42,1,1
12869,12875885000,42,0,0
12870,12876885000,46,0,0
12871,12877885000,40,0,0
12872,12878885000,-40,1,1
12873,12879885000,40,0,0
12874,12880885000,40,0,0
12875,12881885000,-40,1,1
12876,12882885000,40,0,0
12877,12883885000,46,0,0
12878,12884885000,42,0,0
12879,12885885000,-42,1,1
12880,12886885000,-40,1,1
12881,12887885000,40,0,0
12882,12888885000,-40,1,1
12883,12889885000,-42,1,1
12884,12890885000,42,0,0
12885,12891885000,46,0,0
12886,12892885000,48,0,0
12887,12893885000,46,0,0
12888,12894885000,40,0,0
12889,12895885000,-38,1,1
12890,12896885000,38,0,0
12891,12897885000,-40,1,1
12892,12898885000,-42,1,1
12893,12899885000,42,0,0
12894,12900885000,42,0,0
12895,12901885000,-42,1,1
12896,12902885000,-42,1,1
12897,12903885000,42,0,0
12898,12904885000,42,0,0
12899,12905885000,-42,1,1
12900,12906885000,-46,1,1
12901,12907885000,-40,1,1
12902,12908885000,40,0,0
12903,12909885000,-40,1,1
12904,12910885000,-46,1,1
12905,12911885000,-46,1,1
12906,12912885000,-40,1,1
12907,12913885000,38,0,0
12908,12914885000,-38,1,1
12909,12915885000,40,0,0
12910,12916885000,46,0,0
12911,12917885000,42,0,0
12912,12918885000,-42,1,1
12913,12919885000,-46,1,1
12914,12920885000,-42,1,1
12915,12921885000,42,0,0
12916,12922885000,46,0,0
12917,12923885000,40,0,0
12918,12924885000,-40,1,1
12919,12925885000,40,0,0
12920,12926885000,42,0,0
12921,12927885000,-42,1,1
12922,12928885000,-46,1,1
12923,12929885000,-40,1,1
12924,12930885000,40,0,0
12925,12931885000,-40,1,1
12926,12932885000,-40,1,1
12927,12933885000,38,0,0
12928,12934885000,-38,1,1
12929,12935885000,40,0,0
12930,12936885000,46,0,0
12931,12937885000,46,0,0
12932,12938885000,40,0,0
12933,12939885000,-40,1,1
12934,12940885000,40,0,0
12935,12941885000,40,0,0
12936,12942885000,-38,1,1
12937,12943885000,38,0,0
12938,12944885000,-38,1,1
12939,12945885000,38,0,0
12940,12946885000,-38,1,1
12941,12947885000,40,0,0
12942,12948885000,46,0,0
12943,12949885000,40,0,0
12944,12950885000,-38,1,1
12945,12951885000,38,0,0
12946,12952885000,-38,1,1
12947,12953885000,40,0,0
12948,12954885000,46,0,0
12949,12955885000,42,0,0
12950,12956885000,-42,1,1
12951,12957885000,-40,1,1
12952,12958885000,38,0,0
12953,12959885000,-38,1,1
12954,12960885000,38,0,0
12955,12961885000,-40,1,1
12956,12962885000,-46,1,1
12957,12963885000,-46,1,1
12958,12964885000,-42,1,1
12959,12965885000,42,0,0
12960,12966885000,46,0,0
12961,12967885000,46,0,0
12962,12968885000,42,0,0
12963,12969885000,-42,1,1
12964,12970885000,-46,1,1
12965,12971885000,-40,1,1
12966,12972885000,40,0,0
12967,12973885000,-40,1,1
12968,12974885000,-42,1,1
12969,12975885000,42,0,0
12970,12976885000,40,0,0
12971,12977885000,-38,1,1
12972,12978885000,38,0,0
12973,12979885000,-40,1,1
12974,12980885000,-46,1,1
12975,12981885000,-40,1,1
12976,12982885000,38,0,0
12977,12983885000,-38,1,1
12978,12984885000,38,0,0
12979,12985885000,-40,1,1
12980,12986885000,-46,1,1
12981,12987885000,-46,1,1
12982,12988885000,-40,1,1
12983,12989885000,40,0,0
12984,12990885000,-40,1,1
12985,12991885000,-46,1,1
12986,12992885000,-42,1,1
12987,12993885000,42,0,0
12988,12994885000,46,0,0
12989,12995885000,40,0,0
12990,12996885000,-38,1,1
12991,12997885000,38,0,0
12992,12998885000,-40,1,1
12993,12999885000,-46,1,1
12994,13000885000,-48,1,1
12995,13001885000,-48,1,1
12996,13002885000,-46,1,1
12997,13003885000,-40,1,1
12998,13004885000,38,0,0
12999,13005885000,-38,1,1
13000,13006885000,40,0,0
13001,13007885000,46,0,0
13002,13008885000,48,0,0
13003,13009885000,46,0,0
13004,13010885000,40,0,0
13005,13011885000,-38,1,1
13006,13012885000,38,0,0
13007,13013885000,-38,1,1
13008,13014885000,40,0,0
13009,13015885000,40,0,0
13010,13016885000,-38,1,1
13011,13017885000,38,0,0
13012,13018885000,-40,1,1
13013,13019885000,-46,1,1
13014,13020885000,-46,1,1
13015,13021885000,-40,1,1
13016,13022885000,38,0,0
13017,13023885000,-38,1,1
13018,13024885000,40,0,0
13019,13025885000,46,0,0
13020,13026885000,40,0,0
13021,13027885000,-38,1,1
13022,13028885000,38,0,0
13023,13029885000,-40,1,1
13024,13030885000,-46,1,1
13025,13031885000,-40,1,1
13026,13032885000,40,0,0
13027,13033885000,-40,1,1
13028,13034885000,-46,1,1
13029,13035885000,-40,1,1
13030,13036885000,40,0,0
13031,13037885000,-40,1,1
13032,13038885000,-40,1,1
13033,13039885000,40,0,0
13034,13040885000,-40,1,1
13035,13041885000,-40,1,1
13036,13042885000,38,0,0
13037,13043885000,-38,1,1
13038,13044885000,38,0,0
13039,13045885000,-38,1,1
13040,13046885000,40,0,0
13041,13047885000,46,0,0
13042,13048885000,48,0,0
13043,13049885000,48,0,0
13044,13050885000,46,0,0
13045,13051885000,42,0,0
13046,13052885000,-42,1,1
13047,13053885000,-46,1,1
13048,13054885000,-42,1,1
13049,13055885000,42,0,0
13050,13056885000,42,0,0
13051,13057885000,-42,1,1
13052,13058885000,-46,1,1
13053,13059885000,-46,1,1
13054,13060885000,-40,1,1
13055,13061885000,40,0,0
13056,13062885000,-40,1,1
13057,13063885000,-42,1,1
13058,13064885000,42,0,0
13059,13065885000,46,0,0
13060,13066885000,40,0,0
13061,13067885000,-40,1,1
13062,13068885000,40,0,0
13063,13069885000,46,0,0
13064,13070885000,42,0,0
13065,13071885000,-42,1,1
13066,13072885000,-40,1,1
13067,13073885000,40,0,0
13068,13074885000,-40,1,1
13069,13075885000,-40,1,1
13070,13076885000,40,0,0
13071,13077885000,-40,1,1
13072,13078885000,-42,1,1
13073,13079885000,42,0,0
13074,13080885000,46,0,0
13075,13081885000,40,0,0
13076,13082885000,-40,1,1
13077,13083885000,40,0,0
13078,13084885000,46,0,0
13079,13085885000,48,0,0
13080,13086885000,46,0,0
13081,13087885000,40,0,0
13082,13088885000,-38,1,1
13083,13089885000,38,0,0
13084,13090885000,-38,1,1
13085,13091885000,38,0,0
13086,13092885000,-40,1,1
13087,13093885000,-40,1,1
13088,13094885000,38,0,0
13089,13095885000,-38,1,1
13090,13096885000,38,0,0
13091,13097885000,-40,1,1
13092,13098885000,-42,1,1
13093,13099885000,42,0,0
13094,13100885000,42,0,0
13095,13101885000,-42,1,1
13096,13102885000,-46,1,1
13097,13103885000,-48,1,1
13098,13104885000,-48,1,1
13099,13105885000,-46,1,1
13100,13106885000,-42,1,1
13101,13107885000,42,0,0
13102,13108885000,42,0,0
13103,13109885000,-42,1,1
13104,13110885000,-46,1,1
13105,13111885000,-40,1,1
13106,13112885000,40,0,0
13107,13113885000,-40,1,1
13108,13114885000,-46,1,1
13109,13115885000,-42,1,1
13110,13116885000,42,0,0
13111,13117885000,46,0,0
13112,13118885000,40,0,0
13113,13119885000,-38,1,1
13114,13120885000,38,0,0
13115,13121885000,-40,1,1
13116,13122885000,-46,1,1
13117,13123885000,-46,1,1
13118,13124885000,-40,1,1
13119,13125885000,40,0,0
13120,13126885000,-40,1,1
13121,13127885000,-46,1,1
13122,13128885000,-48,1,1
13123,13129885000,-48,1,1
13124,13130885000,-46,1,1
13125,13131885000,-42,1,1
13126,13132885000,42,0,0
13127,13133885000,42,0,0
13128,13134885000,-42,1,1
13129,13135885000,-42,1,1
13130,13136885000,42,0,0
13131,13137885000,46,0,0
13132,13138885000,42,0,0
13133,13139885000,-42,1,1
13134,13140885000,-46,1,1
13135,13141885000,-40,1,1
13136,13142885000,40,0,0
13137,13143885000,-40,1,1
13138,13144885000,-40,1,1
13139,13145885000,38,0,0
13140,13146885000,-38,1,1
13141,13147885000,40,0,0
13142,13148885000,40,0,0
13143,13149885000,-38,1,1
13144,13150885000,38,0,0
13145,13151885000,-38,1,1
13146,13152885000,38,0,0
13147,13153885000,-38,1,1
13148,13154885000,38,0,0
13149,13155885000,-40,1,1
13150,13156885000,-42,1,1
13151,13157885000,42,0,0
13152,13158885000,42,0,0
13153,13159885000,-42,1,1
13154,13160885000,-46,1,1
13155,13161885000,-42,1,1
13156,13162885000,42,0,0
13157,13163885000,46,0,0
13158,13164885000,42,0,0
13159,13165885000,-42,1,1
13160,13166885000,-46,1,1
13161,13167885000,-48,1,1
13162,13168885000,-48,1,1
13163,13169885000,-46,1,1
13164,13170885000,-42,1,1
13165,13171885000,42,0,0
13166,13172885000,40,0,0
13167,13173885000,-40,1,1
13168,13174885000,40,0,0
13169,13175885000,40,0,0
13170,13176885000,-40,1,1
13171,13177885000,40,0,0
13172,13178885000,46,0,0
13173,13179885000,46,0,0
13174,13180885000,42,0,0
13175,13181885000,-42,1,1
13176,13182885000,-40,1,1
13177,13183885000,38,0,0
13178,13184885000,-38,1,1
13179,13185885000,38,0,0
13180,13186885000,-38,1,1
13181,13187885000,40,0,0
13182,13188885000,46,0,0
13183,13189885000,46,0,0
13184,13190885000,42,0,0
13185,13191885000,-42,1,1
13186,13192885000,-42,1,1
13187,13193885000,42,0,0
13188,13194885000,40,0,0
13189,13195885000,-40,1,1
13190,13196885000,40,0,0
13191,13197885000,42,0,0
13192,13198885000,-42,1,1
13193,13199885000,-40,1,1
13194,13200885000,40,0,0
13195,13201885000,-40,1,1
13196,13202885000,-42,1,1
13197,13203885000,42,0,0
13198,13204885000,46,0,0
13199,13205885000,40,0,0
13200,13206885000,-38,1,1
13201,13207885000,38,0,0
13202,13208885000,-40,1,1
13203,13209885000,-46,1,1
13204,13210885000,-42,1,1
13205,13211885000,42,0,0
13206,13212885000,40,0,0
13207,13213885000,-40,1,1
13208,13214885000,40,0,0
13209,13215885000,46,0,0
13210,13216885000,46,0,0
13211,13217885000,40,0,0
13212,13218885000,-40,1,1
13213,13219885000,40,0,0
13214,13220885000,46,0,0
13215,13221885000,46,0,0
13216,13222885000,42,0,0
13217,13223885000,-42,1,1
13218,13224885000,-46,1,1
13219,13225885000,-48,1,1
13220,13226885000,-48,1,1
13221,13227885000,-46,1,1
13222,13228885000,-40,1,1
13223,13229885000,40,0,0
13224,13230885000,-40,1,1
13225,13231885000,-42,1,1
13226,13232885000,42,0,0
13227,13233885000,46,0,0
13228,13234885000,40,0,0
13229,13235885000,-38,1,1
13230,13236885000,38,0,0
13231,13237885000,-38,1,1
13232,13238885000,40,0,0
13233,13239885000,46,0,0
13234,13240885000,42,0,0
13235,13241885000,-42,1,1
13236,13242885000,-46,1,1
13237,13243885000,-40,1,1
13238,13244885000,40,0,0
13239,13245885000,-40,1,1
13240,13246885000,-46,1,1
13241,13247885000,-42,1,1
13242,13248885000,42,0,0
13243,13249885000,40,0,0
13244,13250885000,-40,1,1
13245,13251885000,40,0,0
13246,13252885000,42,0,0
13247,13253885000,-42,1,1
13248,13254885000,-42,1,1
13249,13255885000,42,0,0
13250,13256885000,40,0,0
13251,13257885000,-40,1,1
13252,13258885000,40,0,0
13253,13259885000,46,0,0
13254,13260885000,48,0,0
13255,13261885000,48,0,0
13256,13262885000,46,0,0
13257,13263885000,40,0,0
13258,13264885000,-38,1,1
13259,13265885000,38,0,0
13260,13266885000,-40,1,1
13261,13267885000,-46,1,1
13262,13268885000,-46,1,1
13263,13269885000,-40,1,1
13264,13270885000,38,0,0
13265,13271885000,-38,1,1
13266,13272885000,40,0,0
13267,13273885000,40,0,0
13268,13274885000,-38,1,1
13269,13275885000,38,0,0
13270,13276885000,-40,1,1
13271,13277885000,-46,1,1
13272,13278885000,-40,1,1
13273,13279885000,40,0,0
13274,13280885000,-40,1,1
13275,13281885000,-40,1,1
13276,13282885000,40,0,0
13277,13283885000,-40,1,1
13278,13284885000,-46,1,1
13279,13285885000,-40,1,1
13280,13286885000,40,0,0
13281,13287885000,-40,1,1
13282,13288885000,-42,1,1
13283,13289885000,42,0,0
13284,13290885000,46,0,0
13285,13291885000,46,0,0
13286,13292885000,40,0,0
13287,13293885000,-40,1,1
13288,13294885000,40,0,0
13289,13295885000,46,0,0
13290,13296885000,48,0,0
13291,13297885000,46,0,0
13292,13298885000,42,0,0
13293,13299885000,-42,1,1
13294,13300885000,-42,1,1
13295,13301885000,42,0,0
13296,13302885000,46,0,0
13297,13303885000,48,0,0
13298,13304885000,48,0,0
13299,13305885000,48,0,0
13300,13306885000,46,0,0
13301,13307885000,40,0,0
13302,13308885000,-40,1,1
13303,13309885000,40,0,0
13304,13310885000,40,0,0
13305,13311885000,-40,1,1
13306,13312885000,40,0,0
13307,13313885000,46,0,0
13308,13314885000,42,0,0
13309,13315885000,-42,1,1
13310,13316885000,-46,1,1
13311,13317885000,-42,1,1
13312,13318885000,42,0,0
13313,13319885000,46,0,0
13314,13320885000,48,0,0
13315,13321885000,46,0,0
13316,13322885000,42,0,0
13317,13323885000,-42,1,1
13318,13324885000,-46,1,1
13319,13325885000,-42,1,1
13320,13326885000,42,0,0
13321,13327885000,46,0,0
13322,13328885000,40,0,0
13323,13329885000,-40,1,1
13324,13330885000,40,0,0
13325,13331885000,46,0,0
13326,13332885000,40,0,0
13327,13333885000,-38,1,1
13328,13334885000,38,0,0
13329,13335885000,-40,1,1
13330,13336885000,-46,1,1
13331,13337885000,-48,1,1
13332,13338885000,-46,1,1
13333,13339885000,-40,1,1
13334,13340885000,38,0,0
13335,13341885000,-38,1,1
13336,13342885000,40,0,0
13337,13343885000,40,0,0
13338,13344885000,-38,1,1
13339,13345885000,38,0,0
13340,13346885000,-40,1,1
13341,13347885000,-42,1,1
13342,13348885000,42,0,0
13343,13349885000,46,0,0
13344,13350885000,46,0,0
13345,13351885000,40,0,0
13346,13352885000,-40,1,1
13347,13353885000,40,0,0
13348,13354885000,42,0,0
13349,13355885000,-42,1,1
13350,13356885000,-40,1,1
13351,13357885000,38,0,0
13352,13358885000,-38,1,1
13353,13359885000,38,0,0
13354,13360885000,-40,1,1
13355,13361885000,-40,1,1
13356,13362885000,38,0,0
13357,13363885000,-38,1,1
13358,13364885000,38,0,0
13359,13365885000,-38,1,1
13360,13366885000,40,0,0
13361,13367885000,42,0,0
13362,13368885000,-42,1,1
13363,13369885000,-40,1,1
13364,13370885000,38,0,0
13365,13371885000,-38,1,1
13366,13372885000,38,0,0
13367,13373885000,-40,1,1
13368,13374885000,-46,1,1
13369,13375885000,-48,1,1
13370,13376885000,-48,1,1
13371,13377885000,-46,1,1
13372,13378885000,-40,1,1
13373,13379885000,38,0,0
13374,13380885000,-38,1,1
13375,13381885000,40,0,0
13376,13382885000,42,0,0
13377,13383885000,-42,1,1
13378,13384885000,-46,1,1
13379,13385885000,-46,1,1
13380,13386885000,-40,1,1
13381,13387885000,40,0,0
13382,13388885000,-40,1,1
13383,13389885000,-46,1,1
13384,13390885000,-40,1,1
13385,13391885000,38,0,0
13386,13392885000,-38,1,1
13387,13393885000,40,0,0
13388,13394885000,42,0,0
13389,13395885000,-42,1,1
13390,13396885000,-42,1,1
13391,13397885000,42,0,0
13392,13398885000,46,0,0
13393,13399885000,40,0,0
13394,13400885000,-40,1,1
13395,13401885000,40,0,0
13396,13402885000,42,0,0
13397,13403885000,-42,1,1
13398,13404885000,-42,1,1
13399,13405885000,42,0,0
13400,13406885000,46,0,0
13401,13407885000,46,0,0
13402,13408885000,42,0,0
13403,13409885000,-42,1,1
13404,13410885000,-40,1,1
13405,13411885000,40,0,0
13406,13412885000,-40,1,1
13407,13413885000,-42,1,1
13408,13414885000,42,0,0
13409,13415885000,40,0,0
13410,13416885000,-40,1,1
13411,13417885000,40,0,0
13412,13418885000,46,0,0
13413,13419885000,48,0,0
13414,13420885000,46,0,0
13415,13421885000,40,0,0
13416,13422885000,-38,1,1
13417,13423885000,38,0,0
13418,13424885000,-38,1,1
13419,13425885000,40,0,0
13420,13426885000,42,0,0
13421,13427885000,-42,1,1
13422,13428885000,-42,1,1
13423,13429885000,42,0,0
13424,13430885000,42,0,0
13425,13431885000,-42,1,1
13426,13432885000,-46,1,1
13427,13433885000,-42,1,1
13428,13434885000,42,0,0
13429,13435885000,46,0,0
13430,13436885000,42,0,0
13431,13437885000,-42,1,1
13432,13438885000,-42,1,1
13433,13439885000,42,0,0
13434,13440885000,46,0,0
13435,13441885000,40,0,0
13436,13442885000,-38,1,1
13437,13443885000,38,0,0
13438,13444885000,-40,1,1
13439,13445885000,-46,1,1
13440,13446885000,-42,1,1
13441,13447885000,42,0,0
13442,13448885000,42,0,0
13443,13449885000,-42,1,1
13444,13450885000,-40,1,1
13445,13451885000,40,0,0
13446,13452885000,-40,1,1
13447,13453885000,-40,1,1
13448,13454885000,40,0,0
13449,13455885000,-40,1,1
13450,13456885000,-46,1,1
13451,13457885000,-48,1,1
13452,13458885000,-46,1,1
13453,13459885000,-40,1,1
13454,13460885000,40,0,0
13455,13461885000,-40,1,1
13456,13462885000,-42,1,1
13457,13463885000,42,0,0
13458,13464885000,46,0,0
13459,13465885000,46,0,0
13460,13466885000,40,0,0
13461,13467885000,-38,1,1
13462,13468885000,38,0,0
13463,13469885000,-38,1,1
13464,13470885000,40,0,0
13465,13471885000,46,0,0
13466,13472885000,48,0,0
13467,13473885000,46,0,0
13468,13474885000,40,0,0
13469,13475885000,-38,1,1
13470,13476885000,38,0,0
13471,13477885000,-40,1,1
13472,13478885000,-46,1,1
13473,13479885000,-48,1,1
13474,13480885000,-46,1,1
13475,13481885000,-40,1,1
13476,13482885000,38,0,0
13477,13483885000,-38,1,1
13478,13484885000,38,0,0
13479,13485885000,-40,1,1
13480,13486885000,-40,1,1
13481,13487885000,38,0,0
13482,13488885000,-38,1,1
13483,13489885000,38,0,0
13484,13490885000,-40,1,1
13485,13491885000,-46,1,1
13486,13492885000,-42,1,1
13487,13493885000,42,0,0
13488,13494885000,46,0,0
13489,13495885000,48,0,0
13490,13496885000,46,0,0
13491,13497885000,40,0,0
13492,13498885000,-40,1,1
13493,13499885000,40,0,0
13494,13500885000,42,0,0
13495,13501885000,-42,1,1
13496,13502885000,-40,1,1
13497,13503885000,40,0,0
13498,13504885000,-40,1,1
13499,13505885000,-40,1,1
13500,13506885000,38,0,0
13501,13507885000,-38,1,1
13502,13508885000,40,0,0
13503,13509885000,42,0,0
13504,13510885000,-42,1,1
13505,13511885000,-46,1,1
13506,13512885000,-46,1,1
13507,13513885000,-42,1,1
13508,13514885000,42,0,0
13509,13515885000,42,0,0
13510,13516885000,-42,1,1
13511,13517885000,-40,1,1
13512,13518885000,40,0,0
13513,13519885000,-40,1,1
13514,13520885000,-42,1,1
13515,13521885000,42,0,0
13516,13522885000,40,0,0
13517,13523885000,-40,1,1
13518,13524885000,40,0,0
13519,13525885000,46,0,0
13520,13526885000,48,0,0
13521,13527885000,46,0,0
13522,13528885000,40,0,0
13523,13529885000,-38,1,1
13524,13530885000,38,0,0
13525,13531885000,-38,1,1
13526,13532885000,38,0,0
13527,13533885000,-40,1,1
13528,13534885000,-46,1,1
13529,13535885000,-48,1,1
13530,13536885000,-46,1,1
13531,13537885000,-40,1,1
13532,13538885000,40,0,0
13533,13539885000,-40,1,1
13534,13540885000,-46,1,1
13535,13541885000,-46,1,1
13536,13542885000,-40,1,1
13537,13543885000,40,0,0
13538,13544885000,-40,1,1
13539,13545885000,-46,1,1
13540,13546885000,-48,1,1
13541,13547885000,-48,1,1
13542,13548885000,-48,1,1
13543,13549885000,-48,1,1
13544,13550885000,-46,1,1
13545,13551885000,-42,1,1
13546,13552885000,42,0,0
13547,13553885000,46,0,0
13548,13554885000,40,0,0
13549,13555885000,-40,1,1
13550,13556885000,40,0,0
13551,13557885000,46,0,0
13552,13558885000,48,0,0
13553,13559885000,46,0,0
13554,13560885000,42,0,0
13555,13561885000,-42,1,1
13556,13562885000,-40,1,1
13557,13563885000,38,0,0
13558,13564885000,-38,1,1
13559,13565885000,38,0,0
13560,13566885000,-38,1,1
13561,13567885000,40,0,0
13562,13568885000,46,0,0
13563,13569885000,42,0,0
13564,13570885000,-42,1,1
13565,13571885000,-46,1,1
13566,13572885000,-48,1,1
13567,13573885000,-46,1,1
13568,13574885000,-40,1,1
13569,13575885000,40,0,0
13570,13576885000,-40,1,1
13571,13577885000,-42,1,1
13572,13578885000,42,0,0
13573,13579885000,42,0,0
13574,13580885000,-42,1,1
13575,13581885000,-40,1,1
13576,13582885000,38,0,0
13577,13583885000,-38,1,1
13578,13584885000,38,0,0
13579,13585885000,-38,1,1
13580,13586885000,38,0,0
13581,13587885000,-38,1,1
13582,13588885000,38,0,0
13583,13589885000,-40,1,1
13584,13590885000,-46,1,1
13585,13591885000,-42,1,1
13586,13592885000,42,0,0
13587,13593885000,46,0,0
13588,13594885000,42,0,0
13589,13595885000,-42,1,1
13590,13596885000,-40,1,1
13591,13597885000,40,0,0
13592,13598885000,-40,1,1
13593,13599885000,-46,1,1
13594,13600885000,-46,1,1
13595,13601885000,-40,1,1
13596,13602885000,40,0,0
13597,13603885000,-40,1,1
13598,13604885000,-46,1,1
13599,13605885000,-42,1,1
13600,13606885000,42,0,0
13601,13607885000,46,0,0
13602,13608885000,48,0,0
13603,13609885000,46,0,0
13604,13610885000,42,0,0
13605,13611885000,-42,1,1
13606,13612885000,-42,1,1
13607,13613885000,42,0,0
13608,13614885000,42,0,0
13609,13615885000,-42,1,1
13610,13616885000,-42,1,1
13611,13617885000,42,0,0
13612,13618885000,42,0,0
13613,13619885000,-42,1,1
13614,13620885000,-46,1,1
13615,13621885000,-48,1,1
13616,13622885000,-48,1,1
13617,13623885000,-48,1,1
13618,13624885000,-46,1,1
13619,13625885000,-42,1,1
13620,13626885000,42,0,0
13621,13627885000,46,0,0
13622,13628885000,40,0,0
13623,13629885000,-40,1,1
13624,13630885000,40,0,0
13625,13631885000,46,0,0
13626,13632885000,40,0,0
13627,13633885000,-40,1,1
13628,13634885000,40,0,0
13629,13635885000,46,0,0
13630,13636885000,46,0,0
13631,13637885000,42,0,0
13632,13638885000,-42,1,1
13633,13639885000,-46,1,1
13634,13640885000,-48,1,1
13635,13641885000,-46,1,1
13636,13642885000,-42,1,1
13637,13643885000,42,0,0
13638,13644885000,42,0,0
13639,13645885000,-42,1,1
13640,13646885000,-42,1,1
13641,13647885000,42,0,0
13642,13648885000,42,0,0
13643,13649885000,-42,1,1
13644,13650885000,-42,1,1
13645,13651885000,42,0,0
13646,13652885000,42,0,0
13647,13653885000,-42,1,1
13648,13654885000,-46,1,1
13649,13655885000,-48,1,1
13650,13656885000,-46,1,1
13651,13657885000,-42,1,1
13652,13658885000,42,0,0
13653,13659885000,46,0,0
13654,13660885000,42,0,0
13655,13661885000,-42,1,1
13656,13662885000,-40,1,1
13657,13663885000,40,0,0
13658,13664885000,-40,1,1
13659,13665885000,-46,1,1
13660,13666885000,-40,1,1
13661,13667885000,38,0,0
13662,13668885000,-38,1,1
13663,13669885000,40,0,0
13664,13670885000,42,0,0
13665,13671885000,-42,1,1
13666,13672885000,-42,1,1
13667,13673885000,42,0,0
13668,13674885000,40,0,0
13669,13675885000,-38,1,1
13670,13676885000,38,0,0
13671,13677885000,-38,1,1
13672,13678885000,38,0,0
13673,13679885000,-40,1,1
13674,13680885000,-42,1,1
13675,13681885000,42,0,0
13676,13682885000,40,0,0
13677,13683885000,-40,1,1
13678,13684885000,40,0,0
13679,13685885000,46,0,0
13680,13686885000,46,0,0
13681,13687885000,40,0,0
13682,13688885000,-40,1,1
13683,13689885000,40,0,0
13684,13690885000,46,0,0
13685,13691885000,48,0,0
13686,13692885000,48,0,0
13687,13693885000,46,0,0
13688,13694885000,42,0,0
13689,13695885000,-42,1,1
13690,13696885000,-40,1,1
13691,13697885000,40,0,0
13692,13698885000,-40,1,1
13693,13699885000,-40,1,1
13694,13700885000,38,0,0
13695,13701885000,-38,1,1
13696,13702885000,38,0,0
13697,13703885000,-38,1,1
13698,13704885000,40,0,0
13699,13705885000,42,0,0
13700,13706885000,-42,1,1
13701,13707885000,-46,1,1
13702,13708885000,-40,1,1
13703,13709885000,40,0,0
13704,13710885000,-40,1,1
13705,13711885000,-46,1,1
13706,13712885000,-42,1,1
13707,13713885000,42,0,0
13708,13714885000,42,0,0
13709,13715885000,-42,1,1
13710,13716885000,-42,1,1
13711,13717885000,42,0,0
13712,13718885000,40,0,0
13713,13719885000,-40,1,1
13714,13720885000,40,0,0
13715,13721885000,42,0,0
13716,13722885000,-42,1,1
13717,13723885000,-46,1,1
13718,13724885000,-42,1,1
13719,13725885000,42,0,0
13720,13726885000,46,0,0
13721,13727885000,40,0,0
13722,13728885000,-38,1,1
13723,13729885000,38,0,0
13724,13730885000,-40,1,1
13725,13731885000,-42,1,1
13726,13732885000,42,0,0
13727,13733885000,46,0,0
13728,13734885000,48,0,0
13729,13735885000,48,0,0
13730,13736885000,48,0,0
13731,13737885000,46,0,0
13732,13738885000,40,0,0
13733,13739885000,-38,1,1
13734,13740885000,38,0,0
13735,13741885000,-40,1,1
13736,13742885000,-40,1,1
13737,13743885000,38,0,0
13738,13744885000,-38,1,1
13739,13745885000,40,0,0
13740,13746885000,42,0,0
13741,13747885000,-42,1,1
13742,13748885000,-46,1,1
13743,13749885000,-40,1,1
13744,13750885000,38,0,0
13745,13751885000,-38,1,1
13746,13752885000,38,0,0
13747,13753885000,-38,1,1
13748,13754885000,40,0,0
13749,13755885000,42,0,0
13750,13756885000,-42,1,1
13751,13757885000,-46,1,1
13752,13758885000,-40,1,1
13753,13759885000,38,0,0
13754,13760885000,-38,1,1
13755,13761885000,38,0,0
13756,13762885000,-38,1,1
13757,13763885000,38,0,0
13758,13764885000,-40,1,1
13759,13765885000,-46,1,1
13760,13766885000,-48,1,1
13761,13767885000,-46,1,1
13762,13768885000,-40,1,1
13763,13769885000,38,0,0
13764,13770885000,-38,1,1
13765,13771885000,38,0,0
13766,13772885000,-40,1,1
13767,13773885000,-40,1,1
13768,13774885000,38,0,0
13769,13775885000,-38,1,1
13770,13776885000,40,0,0
13771,13777885000,40,0,0
13772,13778885000,-38,1,1
13773,13779885000,38,0,0
13774,13780885000,-40,1,1
13775,13781885000,-42,1,1
13776,13782885000,42,0,0
13777,13783885000,46,0,0
13778,13784885000,42,0,0
13779,13785885000,-42,1,1
13780,13786885000,-40,1,1
13781,13787885000,38,0,0
13782,13788885000,-38,1,1
13783,13789885000,40,0,0
13784,13790885000,46,0,0
13785,13791885000,46,0,0
13786,13792885000,42,0,0
13787,13793885000,-42,1,1
13788,13794885000,-46,1,1
13789,13795885000,-48,1,1
13790,13796885000,-48,1,1
13791,13797885000,-48,1,1
13792,13798885000,-48,1,1
13793,13799885000,-48,1,1
13794,13800885000,-48,1,1
13795,13801885000,-48,1,1
13796,13802885000,-48,1,1
13797,13803885000,-48,1,1
13798,13804885000,-48,1,1
13799,13805885000,-48,1,1
13800,13806885000,-46,1,1
13801,13807885000,-40,1,1
13802,13808885000,40,0,0
13803,13809885000,-40,1,1
13804,13810885000,-46,1,1
13805,13811885000,-48,1,1
13806,13812885000,-48,1,1
13807,13813885000,-46,1,1
13808,13814885000,-40,1,1
13809,13815885000,38,0,0
13810,13816885000,-38,1,1
13811,13817885000,40,0,0
13812,13818885000,40,0,0
13813,13819885000,-40,1,1
13814,13820885000,40,0,0
13815,13821885000,42,0,0
13816,13822885000,-42,1,1
13817,13823885000,-42,1,1
13818,13824885000,42,0,0
13819,13825885000,42,0,0
13820,13826885000,-42,1,1
13821,13827885000,-46,1,1
13822,13828885000,-40,1,1
13823,13829885000,40,0,0
13824,13830885000,-40,1,1
13825,13831885000,-42,1,1
13826,13832885000,42,0,0
13827,13833885000,40,0,0
13828,13834885000,-38,1,1
13829,13835885000,38,0,0
13830,13836885000,-40,1,1
13831,13837885000,-46,1,1
13832,13838885000,-46,1,1
13833,13839885000,-42,1,1
13834,13840885000,42,0,0
13835,13841885000,40,0,0
13836,13842885000,-38,1,1
13837,13843885000,38,0,0
13838,13844885000,-38,1,1
13839,13845885000,38,0,0
13840,13846885000,-40,1,1
13841,13847885000,-40,1,1
13842,13848885000,40,0,0
13843,13849885000,-40,1,1
13844,13850885000,-46,1,1
13845,13851885000,-46,1,1
13846,13852885000,-42,1,1
13847,13853885000,42,0,0
13848,13854885000,46,0,0
13849,13855885000,48,0,0
13850,13856885000,48,0,0
13851,13857885000,48,0,0
13852,13858885000,46,0,0
13853,13859885000,42,0,0
13854,13860885000,-42,1,1
13855,13861885000,-46,1,1
13856,13862885000,-40,1,1
13857,13863885000,40,0,0
13858,13864885000,-40,1,1
13859,13865885000,-40,1,1
13860,13866885000,40,0,0
13861,13867885000,-40,1,1
13862,13868885000,-46,1,1
13863,13869885000,-42,1,1
13864,13870885000,42,0,0
13865,13871885000,40,0,0
13866,13872885000,-38,1,1
13867,13873885000,38,0,0
13868,13874885000,-38,1,1
13869,13875885000,38,0,0
13870,13876885000,-38,1,1
13871,13877885000,38,0,0
13872,13878885000,-40,1,1
13873,13879885000,-46,1,1
13874,13880885000,-40,1,1
13875,13881885000,40,0,0
13876,13882885000,-40,1,1
13877,13883885000,-46,1,1
13878,13884885000,-42,1,1
13879,13885885000,42,0,0
13880,13886885000,46,0,0
13881,13887885000,40,0,0
13882,13888885000,-40,1,1
13883,13889885000,40,0,0
13884,13890885000,40,0,0
13885,13891885000,-40,1,1
13886,13892885000,40,0,0
13887,13893885000,40,0,0
13888,13894885000,-40,1,1
13889,13895885000,40,0,0
13890,13896885000,42,0,0
13891,13897885000,-42,1,1
13892,13898885000,-42,1,1
13893,13899885000,42,0,0
13894,13900885000,42,0,0
13895,13901885000,-42,1,1
13896,13902885000,-46,1,1
13897,13903885000,-40,1,1
13898,13904885000,40,0,0
13899,13905885000,-40,1,1
13900,13906885000,-40,1,1
13901,13907885000,38,0,0
13902,13908885000,-38,1,1
13903,13909885000,38,0,0
13904,13910885000,-40,1,1
13905,13911885000,-42,1,1
13906,13912885000,42,0,0
13907,13913885000,42,0,0
13908,13914885000,-42,1,1
13909,13915885000,-40,1,1
13910,13916885000,40,0,0
13911,13917885000,-40,1,1
13912,13918885000,-42,1,1
13913,13919885000,42,0,0
13914,13920885000,40,0,0
13915,13921885000,-38,1,1
13916,13922885000,38,0,0
13917,13923885000,-40,1,1
13918,13924885000,-40,1,1
13919,13925885000,38,0,0
13920,13926885000,-38,1,1
13921,13927885000,38,0,0
13922,13928885000,-38,1,1
13923,13929885000,40,0,0
13924,13930885000,42,0,0
13925,13931885000,-42,1,1
13926,13932885000,-46,1,1
13927,13933885000,-46,1,1
13928,13934885000,-42,1,1
13929,13935885000,42,0,0
13930,13936885000,42,0,0
13931,13937885000,-42,1,1
13932,13938885000,-46,1,1
13933,13939885000,-46,1,1
13934,13940885000,-40,1,1
13935,13941885000,38,0,0
13936,13942885000,-38,1,1
13937,13943885000,40,0,0
13938,13944885000,46,0,0
13939,13945885000,46,0,0
13940,13946885000,42,0,0
13941,13947885000,-42,1,1
13942,13948885000,-40,1,1
13943,13949885000,38,0,0
13944,13950885000,-38,1,1
13945,13951885000,40,0,0
13946,13952885000,42,0,0
13947,13953885000,-42,1,1
13948,13954885000,-40,1,1
13949,13955885000,38,0,0
13950,13956885000,-38,1,1
13951,13957885000,40,0,0
13952,13958885000,42,0,0
13953,13959885000,-42,1,1
13954,13960885000,-40,1,1
13955,13961885000,38,0,0
13956,13962885000,-38,1,1
13957,13963885000,38,0,0
13958,13964885000,-38,1,1
13959,13965885000,40,0,0
13960,13966885000,42,0,0
13961,13967885000,-42,1,1
13962,13968885000,-46,1,1
13963,13969885000,-40,1,1
13964,13970885000,38,0,0
13965,13971885000,-38,1,1
13966,13972885000,38,0,0
13967,13973885000,-40,1,1
13968,13974885000,-42,1,1
13969,13975885000,42,0,0
13970,13976885000,40,0,0
13971,13977885000,-40,1,1
13972,13978885000,40,0,0
13973,13979885000,46,0,0
13974,13980885000,42,0,0
13975,13981885000,-42,1,1
13976,13982885000,-40,1,1
13977,13983885000,38,0,0
13978,13984885000,-38,1,1
13979,13985885000,40,0,0
13980,13986885000,46,0,0
13981,13987885000,46,0,0
13982,13988885000,40,0,0
13983,13989885000,-38,1,1
13984,13990885000,38,0,0
13985,13991885000,-40,1,1
13986,13992885000,-46,1,1
13987,13993885000,-46,1,1
13988,13994885000,-40,1,1
13989,13995885000,38,0,0
13990,13996885000,-38,1,1
13991,13997885000,40,0,0
13992,13998885000,46,0,0
13993,13999885000,46,0,0
13994,14000885000,40,0,0
13995,14001885000,-40,1,1
13996,14002885000,40,0,0
13997,14003885000,40,0,0
13998,14004885000,-38,1,1
13999,14005885000,38,0,0
14000,14006885000,-40,1,1
14001,14007885000,-46,1,1
14002,14008885000,-48,1,1
14003,14009885000,-46,1,1
14004,14010885000,-42,1,1
14005,14011885000,42,0,0
14006,14012885000,42,0,0
14007,14013885000,-42,1,1
14008,14014885000,-40,1,1
14009,14015885000,38,0,0
14010,14016885000,-38,1,1
14011,14017885000,40,0,0
14012,14018885000,42,0,0
14013,14019885000,-42,1,1
14014,14020885000,-40,1,1
14015,14021885000,38,0,0
14016,14022885000,-38,1,1
14017,14023885000,40,0,0
14018,14024885000,42,0,0
14019,14025885000,-42,1,1
14020,14026885000,-46,1,1
14021,14027885000,-46,1,1
14022,14028885000,-42,1,1
14023,14029885000,42,0,0
14024,14030885000,40,0,0
14025,14031885000,-38,1,1
14026,14032885000,38,0,0
14027,14033885000,-38,1,1
14028,14034885000,40,0,0
14029,14035885000,42,0,0
14030,14036885000,-42,1,1
14031,14037885000,-42,1,1
14032,14038885000,42,0,0
14033,14039885000,42,0,0
14034,14040885000,-42,1,1
14035,14041885000,-42,1,1
14036,14042885000,42,0,0
14037,14043885000,40,0,0
14038,14044885000,-38,1,1
14039,14045885000,38,0,0
14040,14046885000,-40,1,1
14041,14047885000,-46,1,1
14042,14048885000,-48,1,1
14043,14049885000,-46,1,1
14044,14050885000,-40,1,1
14045,14051885000,40,0,0
14046,14052885000,-40,1,1
14047,14053885000,-40,1,1
14048,14054885000,38,0,0
14049,14055885000,-38,1,1
14050,14056885000,40,0,0
14051,14057885000,40,0,0
14052,14058885000,-40,1,1
14053,14059885000,40,0,0
14054,14060885000,42,0,0
14055,14061885000,-42,1,1
14056,14062885000,-46,1,1
14057,14063885000,-40,1,1
14058,14064885000,40,0,0
14059,14065885000,-40,1,1
14060,14066885000,-40,1,1
14061,14067885000,40,0,0
14062,14068885000,-40,1,1
14063,14069885000,-46,1,1
14064,14070885000,-48,1,1
14065,14071885000,-46,1,1
14066,14072885000,-42,1,1
14067,14073885000,42,0,0
14068,14074885000,40,0,0
14069,14075885000,-40,1,1
14070,14076885000,40,0,0
14071,14077885000,46,0,0
14072,14078885000,46,0,0
14073,14079885000,42,0,0
14074,14080885000,-42,1,1
14075,14081885000,-42,1,1
14076,14082885000,42,0,0
14077,14083885000,42,0,0
14078,14084885000,-42,1,1
14079,14085885000,-46,1,1
14080,14086885000,-46,1,1
14081,14087885000,-42,1,1
14082,14088885000,42,0,0
14083,14089885000,42,0,0
14084,14090885000,-42,1,1
14085,14091885000,-42,1,1
14086,14092885000,42,0,0
14087,14093885000,40,0,0
14088,14094885000,-40,1,1
14089,14095885000,40,0,0
14090,14096885000,42,0,0
14091,14097885000,-42,1,1
14092,14098885000,-46,1,1
14093,14099885000,-48,1,1
14094,14100885000,-46,1,1
14095,14101885000,-40,1,1
14096,14102885000,40,0,0
14097,14103885000,-40,1,1
14098,14104885000,-46,1,1
14099,14105885000,-40,1,1
14100,14106885000,40,0,0
14101,14107885000,-40,1,1
14102,14108885000,-46,1,1
14103,14109885000,-46,1,1
14104,14110885000,-40,1,1
14105,14111885000,40,0,0
14106,14112885000,-40,1,1
14107,14113885000,-42,1,1
14108,14114885000,42,0,0
14109,14115885000,46,0,0
14110,14116885000,46,0,0
14111,14117885000,42,0,0
14112,14118885000,-42,1,1
14113,14119885000,-42,1,1
14114,14120885000,42,0,0
14115,14121885000,40,0,0
14116,14122885000,-38,1,1
14117,14123885000,38,0,0
14118,14124885000,-38,1,1
14119,14125885000,38,0,0
14120,14126885000,-40,1,1
14121,14127885000,-42,1,1
14122,14128885000,42,0,0
14123,14129885000,40,0,0
14124,14130885000,-40,1,1
14125,14131885000,40,0,0
14126,14132885000,40,0,0
14127,14133885000,-40,1,1
14128,14134885000,40,0,0
14129,14135885000,42,0,0
14130,14136885000,-42,1,1
14131,14137885000,-40,1,1
14132,14138885000,38,0,0
14133,14139885000,-38,1,1
14134,14140885000,38,0,0
14135,14141885000,-38,1,1
14136,14142885000,38,0,0
14137,14143885000,-38,1,1
14138,14144885000,38,0,0
14139,14145885000,-38,1,1
14140,14146885000,40,0,0
14141,14147885000,40,0,0
14142,14148885000,-38,1,1
14143,14149885000,38,0,0
14144,14150885000,-40,1,1
14145,14151885000,-46,1,1
14146,14152885000,-40,1,1
14147,14153885000,38,0,0
14148,14154885000,-38,1,1
14149,14155885000,38,0,0
14150,14156885000,-40,1,1
14151,14157885000,-40,1,1
14152,14158885000,38,0,0
14153,14159885000,-38,1,1
14154,14160885000,38,0,0
14155,14161885000,-40,1,1
14156,14162885000,-40,1,1
14157,14163885000,38,0,0
14158,14164885000,-38,1,1
14159,14165885000,38,0,0
14160,14166885000,-40,1,1
14161,14167885000,-40,1,1
14162,14168885000,40,0,0
14163,14169885000,-40,1,1
14164,14170885000,-46,1,1
14165,14171885000,-42,1,1
14166,14172885000,42,0,0
14167,14173885000,46,0,0
14168,14174885000,48,0,0
14169,14175885000,46,0,0
14170,14176885000,42,0,0
14171,14177885000,-42,1,1
14172,14178885000,-46,1,1
14173,14179885000,-42,1,1
14174,14180885000,42,0,0
14175,14181885000,42,0,0
14176,14182885000,-42,1,1
14177,14183885000,-42,1,1
14178,14184885000,42,0,0
14179,14185885000,42,0,0
14180,14186885000,-42,1,1
14181,14187885000,-42,1,1
14182,14188885000,42,0,0
14183,14189885000,46,0,0
14184,14190885000,42,0,0
14185,14191885000,-42,1,1
14186,14192885000,-46,1,1
14187,14193885000,-40,1,1
14188,14194885000,38,0,0
14189,14195885000,-38,1,1
14190,14196885000,38,0,0
14191,14197885000,-38,1,1
14192,14198885000,40,0,0
14193,14199885000,46,0,0
14194,14200885000,48,0,0
14195,14201885000,46,0,0
14196,14202885000,42,0,0
14197,14203885000,-42,1,1
14198,14204885000,-42,1,1
14199,14205885000,42,0,0
14200,14206885000,40,0,0
14201,14207885000,-38,1,1
14202,14208885000,38,0,0
14203,14209885000,-38,1,1
14204,14210885000,40,0,0
14205,14211885000,46,0,0
14206,14212885000,46,0,0
14207,14213885000,42,0,0
14208,14214885000,-42,1,1
14209,14215885000,-46,1,1
14210,14216885000,-42,1,1
14211,14217885000,42,0,0
14212,14218885000,46,0,0
14213,14219885000,42,0,0
14214,14220885000,-42,1,1
14215,14221885000,-46,1,1
14216,14222885000,-42,1,1
14217,14223885000,42,0,0
14218,14224885000,40,0,0
14219,14225885000,-38,1,1
14220,14226885000,38,0,0
14221,14227885000,-40,1,1
14222,14228885000,-40,1,1
14223,14229885000,38,0,0
14224,14230885000,-38,1,1
14225,14231885000,40,0,0
14226,14232885000,42,0,0
14227,14233885000,-42,1,1
14228,14234885000,-46,1,1
14229,14235885000,-40,1,1
14230,14236885000,40,0,0
14231,14237885000,-40,1,1
14232,14238885000,-40,1,1
14233,14239885000,38,0,0
14234,14240885000,-38,1,1
14235,14241885000,38,0,0
14236,14242885000,-40,1,1
14237,14243885000,-46,1,1
14238,14244885000,-40,1,1
14239,14245885000,38,0,0
14240,14246885000,-38,1,1
14241,14247885000,38,0,0
14242,14248885000,-38,1,1
14243,14249885000,40,0,0
14244,14250885000,46,0,0
14245,14251885000,40,0,0
14246,14252885000,-40,1,1
14247,14253885000,40,0,0
14248,14254885000,42,0,0
14249,14255885000,-42,1,1
14250,14256885000,-46,1,1
14251,14257885000,-48,1,1
14252,14258885000,-48,1,1
14253,14259885000,-48,1,1
14254,14260885000,-48,1,1
14255,14261885000,-46,1,1
14256,14262885000,-40,1,1
14257,14263885000,38,0,0
14258,14264885000,-38,1,1
14259,14265885000,38,0,0
14260,14266885000,-38,1,1
14261,14267885000,40,0,0
14262,14268885000,42,0,0
14263,14269885000,-42,1,1
14264,14270885000,-46,1,1
14265,14271885000,-40,1,1
14266,14272885000,38,0,0
14267,14273885000,-38,1,1
14268,14274885000,38,0,0
14269,14275885000,-38,1,1
14270,14276885000,40,0,0
14271,14277885000,46,0,0
14272,14278885000,48,0,0
14273,14279885000,46,0,0
14274,14280885000,42,0,0
14275,14281885000,-42,1,1
14276,14282885000,-42,1,1
14277,14283885000,42,0,0
14278,14284885000,42,0,0
14279,14285885000,-42,1,1
14280,14286885000,-42,1,1
14281,14287885000,42,0,0
14282,14288885000,46,0,0
14283,14289885000,48,0,0
14284,14290885000,48,0,0
14285,14291885000,48,0,0
14286,14292885000,46,0,0
14287,14293885000,40,0,0
14288,14294885000,-38,1,1
14289,14295885000,38,0,0
14290,14296885000,-38,1,1
14291,14297885000,38,0,0
14292,14298885000,-40,1,1
14293,14299885000,-46,1,1
14294,14300885000,-40,1,1
14295,14301885000,38,0,0
14296,14302885000,-38,1,1
14297,14303885000,38,0,0
14298,14304885000,-38,1,1
14299,14305885000,38,0,0
14300,14306885000,-40,1,1
14301,14307885000,-46,1,1
14302,14308885000,-46,1,1
14303,14309885000,-42,1,1
14304,14310885000,42,0,0
14305,14311885000,46,0,0
14306,14312885000,46,0,0
14307,14313885000,42,0,0
14308,14314885000,-42,1,1
14309,14315885000,-42,1,1
14310,14316885000,42,0,0
14311,14317885000,42,0,0
14312,14318885000,-42,1,1
14313,14319885000,-40,1,1
14314,14320885000,40,0,0
14315,14321885000,-40,1,1
14316,14322885000,-42,1,1
14317,14323885000,42,0,0
14318,14324885000,46,0,0
14319,14325885000,48,0,0
14320,14326885000,48,0,0
14321,14327885000,48,0,0
14322,14328885000,48,0,0
14323,14329885000,46,0,0
14324,14330885000,40,0,0
14325,14331885000,-38,1,1
14326,14332885000,38,0,0
14327,14333885000,-40,1,1
14328,14334885000,-46,1,1
14329,14335885000,-48,1,1
14330,14336885000,-48,1,1
14331,14337885000,-48,1,1
14332,14338885000,-48,1,1
14333,14339885000,-46,1,1
14334,14340885000,-42,1,1
14335,14341885000,42,0,0
14336,14342885000,42,0,0
14337,14343885000,-42,1,1
14338,14344885000,-40,1,1
14339,14345885000,38,0,0
14340,14346885000,-38,1,1
14341,14347885000,40,0,0
14342,14348885000,40,0,0
14343,14349885000,-40,1,1
14344,14350885000,40,0,0
14345,14351885000,40,0,0
14346,14352885000,-40,1,1
14347,14353885000,40,0,0
14348,14354885000,46,0,0
14349,14355885000,46,0,0
14350,14356885000,42,0,0
14351,14357885000,-42,1,1
14352,14358885000,-46,1,1
14353,14359885000,-40,1,1
14354,14360885000,38,0,0
14355,14361885000,-38,1,1
14356,14362885000,38,0,0
14357,14363885000,-40,1,1
14358,14364885000,-46,1,1
14359,14365885000,-42,1,1
14360,14366885000,42,0,0
14361,14367885000,40,0,0
14362,14368885000,-38,1,1
14363,14369885000,38,0,0
14364,14370885000,-38,1,1
14365,14371885000,38,0,0
14366,14372885000,-38,1,1
14367,14373885000,38,0,0
14368,14374885000,-38,1,1
14369,14375885000,40,0,0
14370,14376885000,46,0,0
14371,14377885000,40,0,0
14372,14378885000,-40,1,1
14373,14379885000,40,0,0
14374,14380885000,46,0,0
14375,14381885000,42,0,0
14376,14382885000,-42,1,1
14377,14383885000,-40,1,1
14378,14384885000,38,0,0
14379,14385885000,-38,1,1
14380,14386885000,40,0,0
14381,14387885000,42,0,0
14382,14388885000,-42,1,1
14383,14389885000,-42,1,1
14384,14390885000,42,0,0
14385,14391885000,42,0,0
14386,14392885000,-42,1,1
14387,14393885000,-46,1,1
14388,14394885000,-40,1,1
14389,14395885000,40,0,0
14390,14396885000,-40,1,1
14391,14397885000,-46,1,1
14392,14398885000,-46,1,1
14393,14399885000,-42,1,1
14394,14400885000,42,0,0
14395,14401885000,46,0,0
14396,14402885000,42,0,0
14397,14403885000,-42,1,1
14398,14404885000,-46,1,1
14399,14405885000,-46,1,1
14400,14406885000,-42,1,1
14401,14407885000,42,0,0
14402,14408885000,46,0,0
14403,14409885000,40,0,0
14404,14410885000,-38,1,1
14405,14411885000,38,0,0
14406,14412885000,-40,1,1
14407,14413885000,-40,1,1
14408,14414885000,40,0,0
14409,14415885000,-40,1,1
14410,14416885000,-46,1,1
14411,14417885000,-46,1,1
14412,14418885000,-40,1,1
14413,14419885000,40,0,0
14414,14420885000,-40,1,1
14415,14421885000,-46,1,1
14416,14422885000,-42,1,1
14417,14423885000,42,0,0
14418,14424885000,46,0,0
14419,14425885000,42,0,0
14420,14426885000,-42,1,1
14421,14427885000,-46,1,1
14422,14428885000,-46,1,1
14423,14429885000,-42,1,1
14424,14430885000,42,0,0
14425,14431885000,46,0,0
14426,14432885000,40,0,0
14427,14433885000,-38,1,1
14428,14434885000,38,0,0
14429,14435885000,-40,1,1
14430,14436885000,-42,1,1
14431,14437885000,42,0,0
14432,14438885000,46,0,0
14433,14439885000,46,0,0
14434,14440885000,42,0,0
14435,14441885000,-42,1,1
14436,14442885000,-40,1,1
14437,14443885000,40,0,0
14438,14444885000,-40,1,1
14439,14445885000,-46,1,1
14440,14446885000,-42,1,1
14441,14447885000,42,0,0
14442,14448885000,40,0,0
14443,14449885000,-40,1,1
14444,14450885000,40,0,0
14445,14451885000,46,0,0
14446,14452885000,40,0,0
14447,14453885000,-40,1,1
14448,14454885000,40,0,0
14449,14455885000,40,0,0
14450,14456885000,-38,1,1
14451,14457885000,38,0,0
14452,14458885000,-38,1,1
14453,14459885000,38,0,0
14454,14460885000,-40,1,1
14455,14461885000,-46,1,1
14456,14462885000,-48,1,1
14457,14463885000,-48,1,1
14458,14464885000,-48,1,1
14459,14465885000,-48,1,1
14460,14466885000,-46,1,1
14461,14467885000,-40,1,1
14462,14468885000,40,0,0
14463,14469885000,-40,1,1
14464,14470885000,-46,1,1
14465,14471885000,-42,1,1
14466,14472885000,42,0,0
14467,14473885000,42,0,0
14468,14474885000,-42,1,1
14469,14475885000,-42,1,1
14470,14476885000,42,0,0
14471,14477885000,40,0,0
14472,14478885000,-38,1,1
14473,14479885000,38,0,0
14474,14480885000,-40,1,1
14475,14481885000,-40,1,1
14476,14482885000,38,0,0
14477,14483885000,-38,1,1
14478,14484885000,40,0,0
14479,14485885000,46,0,0
14480,14486885000,42,0,0
14481,14487885000,-42,1,1
14482,14488885000,-42,1,1
14483,14489885000,42,0,0
14484,14490885000,40,0,0
14485,14491885000,-38,1,1
14486,14492885000,38,0,0
14487,14493885000,-38,1,1
14488,14494885000,38,0,0
14489,14495885000,-40,1,1
14490,14496885000,-40,1,1
14491,14497885000,38,0,0
14492,14498885000,-38,1,1
14493,14499885000,40,0,0
14494,14500885000,42,0,0
14495,14501885000,-42,1,1
14496,14502885000,-46,1,1
14497,14503885000,-46,1,1
14498,14504885000,-40,1,1
14499,14505885000,40,0,0
14500,14506885000,-40,1,1
14501,14507885000,-46,1,1
14502,14508885000,-40,1,1
14503,14509885000,38,0,0
14504,14510885000,-38,1,1
14505,14511885000,38,0,0
14506,14512885000,-40,1,1
14507,14513885000,-42,1,1
14508,14514885000,42,0,0
14509,14515885000,46,0,0
14510,14516885000,40,0,0
14511,14517885000,-38,1,1
14512,14518885000,38,0,0
14513,14519885000,-38,1,1
14514,14520885000,40,0,0
14515,14521885000,40,0,0
14516,14522885000,-38,1,1
14517,14523885000,38,0,0
14518,14524885000,-38,1,1
14519,14525885000,40,0,0
14520,14526885000,46,0,0
14521,14527885000,40,0,0
14522,14528885000,-40,1,1
14523,14529885000,40,0,0
14524,14530885000,46,0,0
14525,14531885000,42,0,0
14526,14532885000,-42,1,1
14527,14533885000,-46,1,1
14528,14534885000,-48,1,1
14529,14535885000,-48,1,1
14530,14536885000,-46,1,1
14531,14537885000,-42,1,1
14532,14538885000,42,0,0
14533,14539885000,46,0,0
14534,14540885000,46,0,0
14535,14541885000,42,0,0
14536,14542885000,-42,1,1
14537,14543885000,-40,1,1
14538,14544885000,38,0,0
14539,14545885000,-38,1,1
14540,14546885000,38,0,0
14541,14547885000,-40,1,1
14542,14548885000,-42,1,1
14543,14549885000,42,0,0
14544,14550885000,42,0,0
14545,14551885000,-42,1,1
14546,14552885000,-40,1,1
14547,14553885000,38,0,0
14548,14554885000,-38,1,1
14549,14555885000,38,0,0
14550,14556885000,-40,1,1
14551,14557885000,-40,1,1
14552,14558885000,38,0,0
14553,14559885000,-38,1,1
14554,14560885000,40,0,0
14555,14561885000,42,0,0
14556,14562885000,-42,1,1
14557,14563885000,-42,1,1
14558,14564885000,42,0,0
14559,14565885000,40,0,0
14560,14566885000,-38,1,1
14561,14567885000,38,0,0
14562,14568885000,-38,1,1
14563,14569885000,38,0,0
14564,14570885000,-38,1,1
14565,14571885000,38,0,0
14566,14572885000,-38,1,1
14567,14573885000,40,0,0
14568,14574885000,46,0,0
14569,14575885000,48,0,0
14570,14576885000,46,0,0
14571,14577885000,42,0,0
14572,14578885000,-42,1,1
14573,14579885000,-46,1,1
14574,14580885000,-48,1,1
14575,14581885000,-48,1,1
14576,14582885000,-48,1,1
14577,14583885000,-46,1,1
14578,14584885000,-42,1,1
14579,14585885000,42,0,0
14580,14586885000,42,0,0
14581,14587885000,-42,1,1
14582,14588885000,-46,1,1
14583,14589885000,-42,1,1
14584,14590885000,42,0,0
14585,14591885000,40,0,0
14586,14592885000,-38,1,1
14587,14593885000,38,0,0
14588,14594885000,-40,1,1
14589,14595885000,-46,1,1
14590,14596885000,-40,1,1
14591,14597885000,40,0,0
14592,14598885000,-40,1,1
14593,14599885000,-42,1,1
14594,14600885000,42,0,0
14595,14601885000,46,0,0
14596,14602885000,46,0,0
14597,14603885000,40,0,0
14598,14604885000,-38,1,1
14599,14605885000,38,0,0
14600,14606885000,-40,1,1
14601,14607885000,-46,1,1
14602,14608885000,-40,1,1
14603,14609885000,40,0,0
14604,14610885000,-40,1,1
14605,14611885000,-46,1,1
14606,14612885000,-40,1,1
14607,14613885000,38,0,0
14608,14614885000,-38,1,1
14609,14615885000,40,0,0
14610,14616885000,46,0,0
14611,14617885000,40,0,0
14612,14618885000,-40,1,1
14613,14619885000,40,0,0
14614,14620885000,40,0,0
14615,14621885000,-38,1,1
14616,14622885000,38,0,0
14617,14623885000,-38,1,1
14618,14624885000,40,0,0
14619,14625885000,42,0,0
14620,14626885000,-42,1,1
14621,14627885000,-42,1,1
14622,14628885000,42,0,0
14623,14629885000,40,0,0
14624,14630885000,-38,1,1
14625,14631885000,38,0,0
14626,14632885000,-40,1,1
14627,14633885000,-40,1,1
14628,14634885000,40,0,0
14629,14635885000,-40,1,1
14630,14636885000,-46,1,1
14631,14637885000,-40,1,1
14632,14638885000,38,0,0
14633,14639885000,-38,1,1
14634,14640885000,38,0,0
14635,14641885000,-40,1,1
14636,14642885000,-46,1,1
14637,14643885000,-46,1,1
14638,14644885000,-42,1,1
14639,14645885000,42,0,0
14640,14646885000,46,0,0
14641,14647885000,42,0,0
14642,14648885000,-42,1,1
14643,14649885000,-46,1,1
14644,14650885000,-46,1,1
14645,14651885000,-40,1,1
14646,14652885000,40,0,0
14647,14653885000,-40,1,1
14648,14654885000,-42,1,1
14649,14655885000,42,0,0
14650,14656885000,46,0,0
14651,14657885000,40,0,0
14652,14658885000,-38,1,1
14653,14659885000,38,0,0
14654,14660885000,-38,1,1
14655,14661885000,40,0,0
14656,14662885000,46,0,0
14657,14663885000,42,0,0
14658,14664885000,-42,1,1
14659,14665885000,-40,1,1
14660,14666885000,38,0,0
14661,14667885000,-38,1,1
14662,14668885000,40,0,0
14663,14669885000,42,0,0
14664,14670885000,-42,1,1
14665,14671885000,-46,1,1
14666,14672885000,-48,1,1
14667,14673885000,-46,1,1
14668,14674885000,-42,1,1
14669,14675885000,42,0,0
14670,14676885000,40,0,0
14671,14677885000,-38,1,1
14672,14678885000,38,0,0
14673,14679885000,-40,1,1
14674,14680885000,-42,1,1
14675,14681885000,42,0,0
14676,14682885000,42,0,0
14677,14683885000,-42,1,1
14678,14684885000,-46,1,1
14679,14685885000,-40,1,1
14680,14686885000,38,0,0
14681,14687885000,-38,1,1
14682,14688885000,38,0,0
14683,14689885000,-38,1,1
14684,14690885000,38,0,0
14685,14691885000,-40,1,1
14686,14692885000,-46,1,1
14687,14693885000,-40,1,1
14688,14694885000,38,0,0
14689,14695885000,-38,1,1
14690,14696885000,40,0,0
14691,14697885000,40,0,0
14692,14698885000,-40,1,1
14693,14699885000,40,0,0
14694,14700885000,40,0,0
14695,14701885000,-40,1,1
14696,14702885000,40,0,0
14697,14703885000,46,0,0
14698,14704885000,42,0,0
14699,14705885000,-42,1,1
14700,14706885000,-40,1,1
14701,14707885000,40,0,0
14702,14708885000,-40,1,1
14703,14709885000,-40,1,1
14704,14710885000,40,0,0
14705,14711885000,-40,1,1
14706,14712885000,-46,1,1
14707,14713885000,-42,1,1
14708,14714885000,42,0,0
14709,14715885000,46,0,0
14710,14716885000,42,0,0
14711,14717885000,-42,1,1
14712,14718885000,-46,1,1
14713,14719885000,-42,1,1
14714,14720885000,42,0,0
14715,14721885000,40,0,0
14716,14722885000,-38,1,1
14717,14723885000,38,0,0
14718,14724885000,-40,1,1
14719,14725885000,-46,1,1
14720,14726885000,-48,1,1
14721,14727885000,-46,1,1
14722,14728885000,-40,1,1
14723,14729885000,40,0,0
14724,14730885000,-40,1,1
14725,14731885000,-46,1,1
14726,14732885000,-48,1,1
14727,14733885000,-46,1,1
14728,14734885000,-40,1,1
14729,14735885000,40,0,0
14730,14736885000,-40,1,1
14731,14737885000,-42,1,1
14732,14738885000,42,0,0
14733,14739885000,46,0,0
14734,14740885000,40,0,0
14735,14741885000,-38,1,1
14736,14742885000,38,0,0
14737,14743885000,-40,1,1
14738,14744885000,-46,1,1
14739,14745885000,-46,1,1
14740,14746885000,-40,1,1
14741,14747885000,40,0,0
14742,14748885000,-40,1,1
14743,14749885000,-42,1,1
14744,14750885000,42,0,0
14745,14751885000,42,0,0
14746,14752885000,-42,1,1
14747,14753885000,-46,1,1
14748,14754885000,-40,1,1
14749,14755885000,38,0,0
14750,14756885000,-38,1,1
14751,14757885000,40,0,0
14752,14758885000,46,0,0
14753,14759885000,42,0,0
14754,14760885000,-42,1,1
14755,14761885000,-46,1,1
14756,14762885000,-48,1,1
14757,14763885000,-48,1,1
14758,14764885000,-48,1,1
14759,14765885000,-46,1,1
14760,14766885000,-42,1,1
14761,14767885000,42,0,0
14762,14768885000,46,0,0
14763,14769885000,40,0,0
14764,14770885000,-40,1,1
14765,14771885000,40,0,0
14766,14772885000,42,0,0
14767,14773885000,-42,1,1
14768,14774885000,-46,1,1
14769,14775885000,-46,1,1
14770,14776885000,-42,1,1
14771,14777885000,42,0,0
14772,14778885000,46,0,0
14773,14779885000,46,0,0
14774,14780885000,40,0,0
14775,14781885000,-38,1,1
14776,14782885000,38,0,0
14777,14783885000,-40,1,1
14778,14784885000,-46,1,1
14779,14785885000,-46,1,1
14780,14786885000,-42,1,1
14781,14787885000,42,0,0
14782,14788885000,46,0,0
14783,14789885000,48,0,0
14784,14790885000,48,0,0
14785,14791885000,48,0,0
14786,14792885000,48,0,0
14787,14793885000,48,0,0
14788,14794885000,48,0,0
14789,14795885000,46,0,0
14790,14796885000,42,0,0
14791,14797885000,-42,1,1
14792,14798885000,-46,1,1
14793,14799885000,-40,1,1
14794,14800885000,40,0,0
14795,14801885000,-40,1,1
14796,14802885000,-42,1,1
14797,14803885000,42,0,0
14798,14804885000,46,0,0
14799,14805885000,40,0,0
14800,14806885000,-38,1,1
14801,14807885000,38,0,0
14802,14808885000,-38,1,1
14803,14809885000,38,0,0
14804,14810885000,-40,1,1
14805,14811885000,-46,1,1
14806,14812885000,-40,1,1
14807,14813885000,38,0,0
14808,14814885000,-38,1,1
14809,14815885000,38,0,0
14810,14816885000,-40,1,1
14811,14817885000,-46,1,1
14812,14818885000,-48,1,1
14813,14819885000,-46,1,1
14814,14820885000,-40,1,1
14815,14821885000,38,0,0
14816,14822885000,-38,1,1
14817,14823885000,38,0,0
14818,14824885000,-38,1,1
14819,14825885000,38,0,0
14820,14826885000,-38,1,1
14821,14827885000,40,0,0
14822,14828885000,46,0,0
14823,14829885000,40,0,0
14824,14830885000,-40,1,1
14825,14831885000,40,0,0
14826,14832885000,40,0,0
14827,14833885000,-38,1,1
14828,14834885000,38,0,0
14829,14835885000,-40,1,1
14830,14836885000,-46,1,1
14831,14837885000,-40,1,1
14832,14838885000,40,0,0
14833,14839885000,-40,1,1
14834,14840885000,-42,1,1
14835,14841885000,42,0,0
14836,14842885000,46,0,0
14837,14843885000,42,0,0
14838,14844885000,-42,1,1
14839,14845885000,-46,1,1
14840,14846885000,-40,1,1
14841,14847885000,40,0,0
14842,14848885000,-40,1,1
14843,14849885000,-46,1,1
14844,14850885000,-40,1,1
14845,14851885000,40,0,0
14846,14852885000,-40,1,1
14847,14853885000,-40,1,1
14848,14854885000,40,0,0
14849,14855885000,-40,1,1
14850,14856885000,-46,1,1
14851,14857885000,-42,1,1
14852,14858885000,42,0,0
14853,14859885000,46,0,0
14854,14860885000,42,0,0
14855,14861885000,-42,1,1
14856,14862885000,-42,1,1
14857,14863885000,42,0,0
14858,14864885000,46,0,0
14859,14865885000,48,0,0
14860,14866885000,48,0,0
14861,14867885000,48,0,0
14862,14868885000,48,0,0
14863,14869885000,46,0,0
14864,14870885000,40,0,0
14865,14871885000,-40,1,1
14866,14872885000,40,0,0
14867,14873885000,46,0,0
14868,14874885000,48,0,0
14869,14875885000,46,0,0
14870,14876885000,40,0,0
14871,14877885000,-40,1,1
14872,14878885000,40,0,0
14873,14879885000,46,0,0
14874,14880885000,42,0,0
14875,14881885000,-42,1,1
14876,14882885000,-46,1,1
14877,14883885000,-48,1,1
14878,14884885000,-46,1,1
14879,14885885000,-42,1,1
14880,14886885000,42,0,0
14881,14887885000,46,0,0
14882,14888885000,42,0,0
14883,14889885000,-42,1,1
14884,14890885000,-46,1,1
14885,14891885000,-42,1,1
14886,14892885000,42,0,0
14887,14893885000,42,0,0
14888,14894885000,-42,1,1
14889,14895885000,-46,1,1
14890,14896885000,-48,1,1
14891,14897885000,-46,1,1
14892,14898885000,-42,1,1
14893,14899885000,42,0,0
14894,14900885000,46,0,0
14895,14901885000,40,0,0
14896,14902885000,-38,1,1
14897,14903885000,38,0,0
14898,14904885000,-40,1,1
14899,14905885000,-46,1,1
14900,14906885000,-40,1,1
14901,14907885000,40,0,0
14902,14908885000,-40,1,1
14903,14909885000,-42,1,1
14904,14910885000,42,0,0
14905,14911885000,46,0,0
14906,14912885000,46,0,0
14907,14913885000,40,0,0
14908,14914885000,-40,1,1
14909,14915885000,40,0,0
14910,14916885000,46,0,0
14911,14917885000,42,0,0
14912,14918885000,-42,1,1
14913,14919885000,-42,1,1
14914,14920885000,42,0,0
14915,14921885000,42,0,0
14916,14922885000,-42,1,1
14917,14923885000,-46,1,1
14918,14924885000,-42,1,1
14919,14925885000,42,0,0
14920,14926885000,46,0,0
14921,14927885000,40,0,0
14922,14928885000,-38,1,1
14923,14929885000,38,0,0
14924,14930885000,-38,1,1
14925,14931885000,40,0,0
14926,14932885000,46,0,0
14927,14933885000,48,0,0
14928,14934885000,46,0,0
14929,14935885000,40,0,0
14930,14936885000,-40,1,1
14931,14937885000,40,0,0
14932,14938885000,46,0,0
14933,14939885000,42,0,0
14934,14940885000,-42,1,1
14935,14941885000,-46,1,1
14936,14942885000,-46,1,1
14937,14943885000,-40,1,1
14938,14944885000,40,0,0
14939,14945885000,-40,1,1
14940,14946885000,-40,1,1
14941,14947885000,38,0,0
14942,14948885000,-38,1,1
14943,14949885000,38,0,0
14944,14950885000,-38,1,1
14945,14951885000,40,0,0
14946,14952885000,40,0,0
14947,14953885000,-40,1,1
14948,14954885000,40,0,0
14949,14955885000,40,0,0
14950,14956885000,-38,1,1
14951,14957885000,38,0,0
14952,14958885000,-38,1,1
14953,14959885000,40,0,0
14954,14960885000,42,0,0
14955,14961885000,-42,1,1
14956,14962885000,-42,1,1
14957,14963885000,42,0,0
14958,14964885000,46,0,0
14959,14965885000,48,0,0
14960,14966885000,48,0,0
14961,14967885000,46,0,0
14962,14968885000,40,0,0
14963,14969885000,-38,1,1
14964,14970885000,38,0,0
14965,14971885000,-38,1,1
14966,14972885000,38,0,0
14967,14973885000,-40,1,1
14968,14974885000,-40,1,1
14969,14975885000,38,0,0
14970,14976885000,-38,1,1
14971,14977885000,38,0,0
14972,14978885000,-40,1,1
14973,14979885000,-46,1,1
14974,14980885000,-42,1,1
14975,14981885000,42,0,0
14976,14982885000,46,0,0
14977,14983885000,40,0,0
14978,14984885000,-40,1,1
14979,14985885000,40,0,0
14980,14986885000,46,0,0
14981,14987885000,46,0,0
14982,14988885000,40,0,0
14983,14989885000,-40,1,1
14984,14990885000,40,0,0
14985,14991885000,42,0,0
14986,14992885000,-42,1,1
14987,14993885000,-46,1,1
14988,14994885000,-42,1,1
14989,14995885000,42,0,0
14990,14996885000,46,0,0
14991,14997885000,42,0,0
14992,14998885000,-42,1,1
14993,14999885000,-46,1,1
14994,15000885000,-40,1,1
14995,15001885000,38,0,0
14996,15002885000,-38,1,1
14997,15003885000,38,0,0
14998,15004885000,-40,1,1
14999,15005885000,-40,1,1
15000,15006885000,38,0,0
15001,15007885000,-38,1,1
15002,15008885000,38,0,0
15003,15009885000,-38,1,1
15004,15010885000,40,0,0
15005,15011885000,42,0,0
15006,15012885000,-42,1,1
15007,15013885000,-42,1,1
15008,15014885000,42,0,0
15009,15015885000,46,0,0
15010,15016885000,48,0,0
15011,15017885000,46,0,0
15012,15018885000,40,0,0
15013,15019885000,-38,1,1
15014,15020885000,38,0,0
15015,15021885000,-40,1,1
15016,15022885000,-42,1,1
15017,15023885000,42,0,0
15018,15024885000,40,0,0
15019,15025885000,-40,1,1
15020,15026885000,40,0,0
15021,15027885000,46,0,0
15022,15028885000,40,0,0
15023,15029885000,-40,1,1
15024,15030885000,40,0,0
15025,15031885000,42,0,0
15026,15032885000,-42,1,1
15027,15033885000,-40,1,1
15028,15034885000,38,0,0
15029,15035885000,-38,1,1
15030,15036885000,38,0,0
15031,15037885000,-38,1,1
15032,15038885000,40,0,0
15033,15039885000,40,0,0
15034,15040885000,-40,1,1
15035,15041885000,40,0,0
15036,15042885000,46,0,0
15037,15043885000,42,0,0
15038,15044885000,-42,1,1
15039,15045885000,-46,1,1
15040,15046885000,-48,1,1
15041,15047885000,-46,1,1
15042,15048885000,-40,1,1
15043,15049885000,40,0,0
15044,15050885000,-40,1,1
15045,15051885000,-40,1,1
15046,15052885000,40,0,0
15047,15053885000,-40,1,1
15048,15054885000,-46,1,1
15049,15055885000,-40,1,1
15050,15056885000,38,0,0
15051,15057885000,-38,1,1
15052,15058885000,40,0,0
15053,15059885000,46,0,0
15054,15060885000,46,0,0
15055,15061885000,40,0,0
15056,15062885000,-38,1,1
15057,15063885000,38,0,0
15058,15064885000,-38,1,1
15059,15065885000,38,0,0
15060,15066885000,-40,1,1
15061,15067885000,-46,1,1
15062,15068885000,-46,1,1
15063,15069885000,-40,1,1
15064,15070885000,38,0,0
15065,15071885000,-38,1,1
15066,15072885000,38,0,0
15067,15073885000,-38,1,1
15068,15074885000,38,0,0
15069,15075885000,-40,1,1
15070,15076885000,-46,1,1
15071,15077885000,-46,1,1
15072,15078885000,-42,1,1
15073,15079885000,42,0,0
15074,15080885000,46,0,0
15075,15081885000,42,0,0
15076,15082885000,-42,1,1
15077,15083885000,-46,1,1
15078,15084885000,-42,1,1
15079,15085885000,42,0,0
15080,15086885000,46,0,0
15081,15087885000,48,0,0
15082,15088885000,48,0,0
15083,15089885000,48,0,0
15084,15090885000,46,0,0
15085,15091885000,40,0,0
15086,15092885000,-40,1,1
15087,15093885000,40,0,0
15088,15094885000,42,0,0
15089,15095885000,-42,1,1
15090,15096885000,-46,1,1
15091,15097885000,-46,1,1
15092,15098885000,-42,1,1
15093,15099885000,42,0,0
15094,15100885000,40,0,0
15095,15101885000,-38,1,1
15096,15102885000,38,0,0
15097,15103885000,-40,1,1
15098,15104885000,-40,1,1
15099,15105885000,38,0,0
15100,15106885000,-38,1,1
15101,15107885000,38,0,0
15102,15108885000,-40,1,1
15103,15109885000,-46,1,1
15104,15110885000,-48,1,1
15105,15111885000,-48,1,1
15106,15112885000,-48,1,1
15107,15113885000,-48,1,1
15108,15114885000,-46,1,1
15109,15115885000,-40,1,1
15110,15116885000,40,0,0
15111,15117885000,-40,1,1
15112,15118885000,-40,1,1
15113,15119885000,40,0,0
15114,15120885000,-40,1,1
15115,15121885000,-46,1,1
15116,15122885000,-42,1,1
15117,15123885000,42,0,0
15118,15124885000,40,0,0
15119,15125885000,-38,1,1
15120,15126885000,38,0,0
15121,15127885000,-40,1,1
15122,15128885000,-42,1,1
15123,15129885000,42,0,0
15124,15130885000,46,0,0
15125,15131885000,40,0,0
15126,15132885000,-38,1,1
15127,15133885000,38,0,0
15128,15134885000,-38,1,1
15129,15135885000,40,0,0
15130,15136885000,42,0,0
15131,15137885000,-42,1,1
15132,15138885000,-40,1,1
15133,15139885000,40,0,0
15134,15140885000,-40,1,1
15135,15141885000,-46,1,1
15136,15142885000,-46,1,1
15137,15143885000,-40,1,1
15138,15144885000,38,0,0
15139,15145885000,-38,1,1
15140,15146885000,38,0,0
15141,15147885000,-38,1,1
15142,15148885000,40,0,0
15143,15149885000,46,0,0
15144,15150885000,42,0,0
15145,15151885000,-42,1,1
15146,15152885000,-46,1,1
15147,15153885000,-48,1,1
15148,15154885000,-46,1,1
15149,15155885000,-40,1,1
15150,15156885000,38,0,0
15151,15157885000,-38,1,1
15152,15158885000,40,0,0
15153,15159885000,46,0,0
15154,15160885000,40,0,0
15155,15161885000,-40,1,1
15156,15162885000,40,0,0
15157,15163885000,42,0,0
15158,15164885000,-42,1,1
15159,15165885000,-40,1,1
15160,15166885000,40,0,0
15161,15167885000,-40,1,1
15162,15168885000,-46,1,1
15163,15169885000,-40,1,1
15164,15170885000,40,0,0
15165,15171885000,-40,1,1
15166,15172885000,-42,1,1
15167,15173885000,42,0,0
15168,15174885000,40,0,0
15169,15175885000,-38,1,1
15170,15176885000,38,0,0
15171,15177885000,-38,1,1
15172,15178885000,38,0,0
15173,15179885000,-38,1,1
15174,15180885000,40,0,0
15175,15181885000,46,0,0
15176,15182885000,46,0,0
15177,15183885000,40,0,0
15178,15184885000,-40,1,1
15179,15185885000,40,0,0
15180,15186885000,42,0,0
15181,15187885000,-42,1,1
15182,15188885000,-42,1,1
15183,15189885000,42,0,0
15184,15190885000,40,0,0
15185,15191885000,-38,1,1
15186,15192885000,38,0,0
15187,15193885000,-38,1,1
15188,15194885000,38,0,0
15189,15195885000,-38,1,1
15190,15196885000,40,0,0
15191,15197885000,46,0,0
15192,15198885000,40,0,0
15193,15199885000,-38,1,1
15194,15200885000,38,0,0
15195,15201885000,-40,1,1
15196,15202885000,-46,1,1
15197,15203885000,-40,1,1
15198,15204885000,40,0,0
15199,15205885000,-40,1,1
15200,15206885000,-42,1,1
15201,15207885000,42,0,0
15202,15208885000,40,0,0
15203,15209885000,-40,1,1
15204,15210885000,40,0,0
15205,15211885000,42,0,0
15206,15212885000,-42,1,1
15207,15213885000,-40,1,1
15208,15214885000,38,0,0
15209,15215885000,-38,1,1
15210,15216885000,40,0,0
15211,15217885000,46,0,0
15212,15218885000,48,0,0
15213,15219885000,48,0,0
15214,15220885000,48,0,0
15215,15221885000,46,0,0
15216,15222885000,42,0,0
15217,15223885000,-42,1,1
15218,15224885000,-46,1,1
15219,15225885000,-42,1,1
15220,15226885000,42,0,0
15221,15227885000,46,0,0
15222,15228885000,40,0,0
15223,15229885000,-38,1,1
15224,15230885000,38,0,0
15225,15231885000,-40,1,1
15226,15232885000,-42,1,1
15227,15233885000,42,0,0
15228,15234885000,46,0,0
15229,15235885000,42,0,0
15230,15236885000,-42,1,1
15231,15237885000,-42,1,1
15232,15238885000,42,0,0
15233,15239885000,46,0,0
15234,15240885000,42,0,0
15235,15241885000,-42,1,1
15236,15242885000,-40,1,1
15237,15243885000,40,0,0
15238,15244885000,-40,1,1
15239,15245885000,-40,1,1
15240,15246885000,40,0,0
15241,15247885000,-40,1,1
15242,15248885000,-46,1,1
15243,15249885000,-42,1,1
15244,15250885000,42,0,0
15245,15251885000,42,0,0
15246,15252885000,-42,1,1
15247,15253885000,-42,1,1
15248,15254885000,42,0,0
15249,15255885000,40,0,0
15250,15256885000,-40,1,1
15251,15257885000,40,0,0
15252,15258885000,46,0,0
15253,15259885000,46,0,0
15254,15260885000,40,0,0
15255,15261885000,-38,1,1
15256,15262885000,38,0,0
15257,15263885000,-38,1,1
15258,15264885000,38,0,0
15259,15265885000,-38,1,1
15260,15266885000,40,0,0
15261,15267885000,46,0,0
15262,15268885000,42,0,0
15263,15269885000,-42,1,1
15264,15270885000,-46,1,1
15265,15271885000,-46,1,1
15266,15272885000,-42,1,1
15267,15273885000,42,0,0
15268,15274885000,40,0,0
15269,15275885000,-38,1,1
15270,15276885000,38,0,0
15271,15277885000,-40,1,1
15272,15278885000,-46,1,1
15273,15279885000,-40,1,1
15274,15280885000,40,0,0
15275,15281885000,-40,1,1
15276,15282885000,-42,1,1
15277,15283885000,42,0,0
15278,15284885000,46,0,0
15279,15285885000,46,0,0
15280,15286885000,40,0,0
15281,15287885000,-40,1,1
15282,15288885000,40,0,0
15283,15289885000,42,0,0
15284,15290885000,-42,1,1
15285,15291885000,-46,1,1
15286,15292885000,-48,1,1
15287,15293885000,-48,1,1
15288,15294885000,-46,1,1
15289,15295885000,-40,1,1
15290,15296885000,38,0,0
15291,15297885000,-38,1,1
15292,15298885000,40,0,0
15293,15299885000,46,0,0
15294,15300885000,40,0,0
15295,15301885000,-38,1,1
15296,15302885000,38,0,0
15297,15303885000,-40,1,1
15298,15304885000,-46,1,1
15299,15305885000,-46,1,1
15300,15306885000,-40,1,1
15301,15307885000,40,0,0
15302,15308885000,-40,1,1
15303,15309885000,-46,1,1
15304,15310885000,-46,1,1
15305,15311885000,-42,1,1
15306,15312885000,42,0,0
15307,15313885000,46,0,0
15308,15314885000,42,0,0
15309,15315885000,-42,1,1
15310,15316885000,-40,1,1
15311,15317885000,38,0,0
15312,15318885000,-38,1,1
15313,15319885000,38,0,0
15314,15320885000,-38,1,1
15315,15321885000,40,0,0
15316,15322885000,46,0,0
15317,15323885000,40,0,0
15318,15324885000,-38,1,1
15319,15325885000,38,0,0
15320,15326885000,-40,1,1
15321,15327885000,-46,1,1
15322,15328885000,-46,1,1
15323,15329885000,-40,1,1
15324,15330885000,40,0,0
15325,15331885000,-40,1,1
15326,15332885000,-42,1,1
15327,15333885000,42,0,0
15328,15334885000,40,0,0
15329,15335885000,-38,1,1
15330,15336885000,38,0,0
15331,15337885000,-40,1,1
15332,15338885000,-42,1,1
15333,15339885000,42,0,0
15334,15340885000,40,0,0
15335,15341885000,-40,1,1
15336,15342885000,40,0,0
15337,15343885000,46,0,0
15338,15344885000,48,0,0
15339,15345885000,48,0,0
15340,15346885000,46,0,0
15341,15347885000,42,0,0
15342,15348885000,-42,1,1
15343,15349885000,-46,1,1
15344,15350885000,-42,1,1
15345,15351885000,42,0,0
15346,15352885000,42,0,0
15347,15353885000,-42,1,1
15348,15354885000,-46,1,1
15349,15355885000,-46,1,1
15350,15356885000,-42,1,1
15351,15357885000,42,0,0
15352,15358885000,46,0,0
15353,15359885000,46,0,0
15354,15360885000,40,0,0
15355,15361885000,-40,1,1
15356,15362885000,40,0,0
15357,15363885000,40,0,0
15358,15364885000,-38,1,1
15359,15365885000,38,0,0
15360,15366885000,-38,1,1
15361,15367885000,40,0,0
15362,15368885000,42,0,0
15363,15369885000,-42,1,1
15364,15370885000,-46,1,1
15365,15371885000,-42,1,1
15366,15372885000,42,0,0
15367,15373885000,42,0,0
15368,15374885000,-42,1,1
15369,15375885000,-40,1,1
15370,15376885000,38,0,0
15371,15377885000,-38,1,1
15372,15378885000,38,0,0
15373,15379885000,-40,1,1
15374,15380885000,-42,1,1
15375,15381885000,42,0,0
15376,15382885000,46,0,0
15377,15383885000,42,0,0
15378,15384885000,-42,1,1
15379,15385885000,-46,1,1
15380,15386885000,-48,1,1
15381,15387885000,-46,1,1
15382,15388885000,-40,1,1
15383,15389885000,40,0,0
15384,15390885000,-40,1,1
15385,15391885000,-46,1,1
15386,15392885000,-42,1,1
15387,15393885000,42,0,0
15388,15394885000,40,0,0
15389,15395885000,-40,1,1
15390,15396885000,40,0,0
15391,15397885000,42,0,0
15392,15398885000,-42,1,1
15393,15399885000,-42,1,1
15394,15400885000,42,0,0
15395,15401885000,46,0,0
15396,15402885000,48,0,0
15397,15403885000,48,0,0
15398,15404885000,48,0,0
15399,15405885000,46,0,0
15400,15406885000,40,0,0
15401,15407885000,-38,1,1
15402,15408885000,38,0,0
15403,15409885000,-40,1,1
15404,15410885000,-42,1,1
15405,15411885000,42,0,0
15406,15412885000,42,0,0
15407,15413885000,-42,1,1
15408,15414885000,-46,1,1
15409,15415885000,-46,1,1
15410,15416885000,-42,1,1
15411,15417885000,42,0,0
15412,15418885000,46,0,0
15413,15419885000,42,0,0
15414,15420885000,-42,1,1
15415,15421885000,-40,1,1
15416,15422885000,40,0,0
15417,15423885000,-40,1,1
15418,15424885000,-46,1,1
15419,15425885000,-42,1,1
15420,15426885000,42,0,0
15421,15427885000,42,0,0
15422,15428885000,-42,1,1
15423,15429885000,-46,1,1
15424,15430885000,-48,1,1
15425,15431885000,-46,1,1
15426,15432885000,-42,1,1
15427,15433885000,42,0,0
15428,15434885000,42,0,0
15429,15435885000,-42,1,1
15430,15436885000,-46,1,1
15431,15437885000,-40,1,1
15432,15438885000,40,0,0
15433,15439885000,-40,1,1
15434,15440885000,-46,1,1
15435,15441885000,-48,1,1
15436,15442885000,-48,1,1
15437,15443885000,-48,1,1
15438,15444885000,-48,1,1
15439,15445885000,-48,1,1
15440,15446885000,-48,1,1
15441,15447885000,-48,1,1
15442,15448885000,-46,1,1
15443,15449885000,-42,1,1
15444,15450885000,42,0,0
15445,15451885000,42,0,0
15446,15452885000,-42,1,1
15447,15453885000,-42,1,1
15448,15454885000,42,0,0
15449,15455885000,42,0,0
15450,15456885000,-42,1,1
15451,15457885000,-42,1,1
15452,15458885000,42,0,0
15453,15459885000,40,0,0
15454,15460885000,-38,1,1
15455,15461885000,38,0,0
15456,15462885000,-38,1,1
15457,15463885000,40,0,0
15458,15464885000,40,0,0
15459,15465885000,-40,1,1
15460,15466885000,40,0,0
15461,15467885000,46,0,0
15462,15468885000,42,0,0
15463,15469885000,-42,1,1
15464,15470885000,-46,1,1
15465,15471885000,-48,1,1
15466,15472885000,-46,1,1
15467,15473885000,-42,1,1
15468,15474885000,42,0,0
15469,15475885000,46,0,0
15470,15476885000,40,0,0
15471,15477885000,-40,1,1
15472,15478885000,40,0,0
15473,15479885000,46,0,0
15474,15480885000,48,0,0
15475,15481885000,48,0,0
15476,15482885000,46,0,0
15477,15483885000,42,0,0
15478,15484885000,-42,1,1
15479,15485885000,-42,1,1
15480,15486885000,42,0,0
15481,15487885000,46,0,0
15482,15488885000,40,0,0
15483,15489885000,-40,1,1
15484,15490885000,40,0,0
15485,15491885000,40,0,0
15486,15492885000,-38,1,1
15487,15493885000,38,0,0
15488,15494885000,-40,1,1
15489,15495885000,-46,1,1
15490,15496885000,-40,1,1
15491,15497885000,40,0,0
15492,15498885000,-40,1,1
15493,15499885000,-46,1,1
15494,15500885000,-40,1,1
15495,15501885000,40,0,0
15496,15502885000,-40,1,1
15497,15503885000,-46,1,1
15498,15504885000,-42,1,1
15499,15505885000,42,0,0
15500,15506885000,40,0,0
15501,15507885000,-40,1,1
15502,15508885000,40,0,0
15503,15509885000,46,0,0
15504,15510885000,40,0,0
15505,15511885000,-40,1,1
15506,15512885000,40,0,0
15507,15513885000,40,0,0
15508,15514885000,-38,1,1
15509,15515885000,38,0,0
15510,15516885000,-40,1,1
15511,15517885000,-42,1,1
15512,15518885000,42,0,0
15513,15519885000,42,0,0
15514,15520885000,-42,1,1
15515,15521885000,-42,1,1
15516,15522885000,42,0,0
15517,15523885000,42,0,0
15518,15524885000,-42,1,1
15519,15525885000,-40,1,1
15520,15526885000,40,0,0
15521,15527885000,-40,1,1
15522,15528885000,-46,1,1
15523,15529885000,-40,1,1
15524,15530885000,40,0,0
15525,15531885000,-40,1,1
15526,15532885000,-40,1,1
15527,15533885000,40,0,0
15528,15534885000,-40,1,1
15529,15535885000,-46,1,1
15530,15536885000,-42,1,1
15531,15537885000,42,0,0
15532,15538885000,40,0,0
15533,15539885000,-40,1,1
15534,15540885000,40,0,0
15535,15541885000,42,0,0
15536,15542885000,-42,1,1
15537,15543885000,-46,1,1
15538,15544885000,-40,1,1
15539,15545885000,38,0,0
15540,15546885000,-38,1,1
15541,15547885000,40,0,0
15542,15548885000,46,0,0
15543,15549885000,40,0,0
15544,15550885000,-38,1,1
15545,15551885000,38,0,0
15546,15552885000,-38,1,1
15547,15553885000,40,0,0
15548,15554885000,40,0,0
15549,15555885000,-40,1,1
15550,15556885000,40,0,0
15551,15557885000,46,0,0
15552,15558885000,48,0,0
15553,15559885000,48,0,0
15554,15560885000,48,0,0
15555,15561885000,48,0,0
15556,15562885000,46,0,0
15557,15563885000,40,0,0
15558,15564885000,-40,1,1
15559,15565885000,40,0,0
15560,15566885000,46,0,0
15561,15567885000,40,0,0
15562,15568885000,-38,1,1
15563,15569885000,38,0,0
15564,15570885000,-38,1,1
15565,15571885000,40,0,0
15566,15572885000,40,0,0
15567,15573885000,-40,1,1
15568,15574885000,40,0,0
15569,15575885000,40,0,0
15570,15576885000,-38,1,1
15571,15577885000,38,0,0
15572,15578885000,-40,1,1
15573,15579885000,-46,1,1
15574,15580885000,-48,1,1
15575,15581885000,-46,1,1
15576,15582885000,-42,1,1
15577,15583885000,42,0,0
15578,15584885000,46,0,0
15579,15585885000,46,0,0
15580,15586885000,40,0,0
15581,15587885000,-38,1,1
15582,15588885000,38,0,0
15583,15589885000,-40,1,1
15584,15590885000,-42,1,1
15585,15591885000,42,0,0
15586,15592885000,46,0,0
15587,15593885000,48,0,0
15588,15594885000,48,0,0
15589,15595885000,46,0,0
15590,15596885000,40,0,0
15591,15597885000,-40,1,1
15592,15598885000,40,0,0
15593,15599885000,46,0,0
15594,15600885000,42,0,0
15595,15601885000,-42,1,1
15596,15602885000,-40,1,1
15597,15603885000,40,0,0
15598,15604885000,-40,1,1
15599,15605885000,-46,1,1
15600,15606885000,-46,1,1
15601,15607885000,-40,1,1
15602,15608885000,38,0,0
15603,15609885000,-38,1,1
15604,15610885000,40,0,0
15605,15611885000,42,0,0
15606,15612885000,-42,1,1
15607,15613885000,-46,1,1
15608,15614885000,-48,1,1
15609,15615885000,-48,1,1
15610,15616885000,-46,1,1
15611,15617885000,-40,1,1
15612,15618885000,38,0,0
15613,15619885000,-38,1,1
15614,15620885000,40,0,0
15615,15621885000,46,0,0
15616,15622885000,42,0,0
15617,15623885000,-42,1,1
15618,15624885000,-46,1,1
15619,15625885000,-42,1,1
15620,15626885000,42,0,0
15621,15627885000,46,0,0
15622,15628885000,40,0,0
15623,15629885000,-40,1,1
15624,15630885000,40,0,0
15625,15631885000,46,0,0
15626,15632885000,46,0,0
15627,15633885000,42,0,0
15628,15634885000,-42,1,1
15629,15635885000,-46,1,1
15630,15636885000,-48,1,1
15631,15637885000,-46,1,1
15632,15638885000,-40,1,1
15633,15639885000,38,0,0
15634,15640885000,-38,1,1
15635,15641885000,38,0,0
15636,15642885000,-38,1,1
15637,15643885000,38,0,0
15638,15644885000,-38,1,1
15639,15645885000,40,0,0
15640,15646885000,42,0,0
15641,15647885000,-42,1,1
15642,15648885000,-46,1,1
15643,15649885000,-42,1,1
15644,15650885000,42,0,0
15645,15651885000,46,0,0
15646,15652885000,48,0,0
15647,15653885000,46,0,0
15648,15654885000,42,0,0
15649,15655885000,-42,1,1
15650,15656885000,-40,1,1
15651,15657885000,40,0,0
15652,15658885000,-40,1,1
15653,15659885000,-46,1,1
15654,15660885000,-46,1,1
15655,15661885000,-42,1,1
15656,15662885000,42,0,0
15657,15663885000,42,0,0
15658,15664885000,-42,1,1
15659,15665885000,-46,1,1
15660,15666885000,-40,1,1
15661,15667885000,40,0,0
15662,15668885000,-40,1,1
15663,15669885000,-46,1,1
15664,15670885000,-40,1,1
15665,15671885000,40,0,0
15666,15672885000,-40,1,1
15667,15673885000,-42,1,1
15668,15674885000,42,0,0
15669,15675885000,40,0,0
15670,15676885000,-40,1,1
15671,15677885000,40,0,0
15672,15678885000,46,0,0
15673,15679885000,40,0,0
15674,15680885000,-38,1,1
15675,15681885000,38,0,0
15676,15682885000,-40,1,1
15677,15683885000,-46,1,1
15678,15684885000,-42,1,1
15679,15685885000,42,0,0
15680,15686885000,40,0,0
15681,15687885000,-38,1,1
15682,15688885000,38,0,0
15683,15689885000,-38,1,1
15684,15690885000,38,0,0
15685,15691885000,-40,1,1
15686,15692885000,-40,1,1
15687,15693885000,40,0,0
15688,15694885000,-40,1,1
15689,15695885000,-46,1,1
15690,15696885000,-42,1,1
15691,15697885000,42,0,0
15692,15698885000,46,0,0
15693,15699885000,42,0,0
15694,15700885000,-42,1,1
15695,15701885000,-46,1,1
15696,15702885000,-48,1,1
15697,15703885000,-46,1,1
15698,15704885000,-42,1,1
15699,15705885000,42,0,0
15700,15706885000,46,0,0
15701,15707885000,46,0,0
15702,15708885000,40,0,0
15703,15709885000,-38,1,1
15704,15710885000,38,0,0
15705,15711885000,-38,1,1
15706,15712885000,38,0,0
15707,15713885000,-38,1,1
15708,15714885000,40,0,0
15709,15715885000,46,0,0
15710,15716885000,42,0,0
15711,15717885000,-42,1,1
15712,15718885000,-46,1,1
15713,15719885000,-46,1,1
15714,15720885000,-40,1,1
15715,15721885000,38,0,0
15716,15722885000,-38,1,1
15717,15723885000,40,0,0
15718,15724885000,46,0,0
15719,15725885000,46,0,0
15720,15726885000,42,0,0
15721,15727885000,-42,1,1
15722,15728885000,-42,1,1
15723,15729885000,42,0,0
15724,15730885000,46,0,0
15725,15731885000,40,0,0
15726,15732885000,-38,1,1
15727,15733885000,38,0,0
15728,15734885000,-40,1,1
15729,15735885000,-40,1,1
15730,15736885000,40,0,0
15731,15737885000,-40,1,1
15732,15738885000,-40,1,1
15733,15739885000,40,0,0
15734,15740885000,-40,1,1
15735,15741885000,-42,1,1
15736,15742885000,42,0,0
15737,15743885000,42,0,0
15738,15744885000,-42,1,1
15739,15745885000,-42,1,1
15740,15746885000,42,0,0
15741,15747885000,46,0,0
15742,15748885000,42,0,0
15743,15749885000,-42,1,1
15744,15750885000,-46,1,1
15745,15751885000,-48,1,1
15746,15752885000,-46,1,1
15747,15753885000,-42,1,1
15748,15754885000,42,0,0
15749,15755885000,46,0,0
15750,15756885000,40,0,0
15751,15757885000,-38,1,1
15752,15758885000,38,0,0
15753,15759885000,-40,1,1
15754,15760885000,-46,1,1
15755,15761885000,-42,1,1
15756,15762885000,42,0,0
15757,15763885000,46,0,0
15758,15764885000,42,0,0
15759,15765885000,-42,1,1
15760,15766885000,-42,1,1
15761,15767885000,42,0,0
15762,15768885000,42,0,0
15763,15769885000,-42,1,1
15764,15770885000,-40,1,1
15765,15771885000,38,0,0
15766,15772885000,-38,1,1
15767,15773885000,38,0,0
15768,15774885000,-38,1,1
15769,15775885000,38,0,0
15770,15776885000,-38,1,1
15771,15777885000,40,0,0
15772,15778885000,42,0,0
15773,15779885000,-42,1,1
15774,15780885000,-40,1,1
15775,15781885000,38,0,0
15776,15782885000,-38,1,1
15777,15783885000,38,0,0
15778,15784885000,-40,1,1
15779,15785885000,-40,1,1
15780,15786885000,40,0,0
15781,15787885000,-40,1,1
15782,15788885000,-40,1,1
15783,15789885000,40,0,0
15784,15790885000,-40,1,1
15785,15791885000,-42,1,1
15786,15792885000,42,0,0
15787,15793885000,40,0,0
15788,15794885000,-40,1,1
15789,15795885000,40,0,0
15790,15796885000,46,0,0
15791,15797885000,46,0,0
15792,15798885000,42,0,0
15793,15799885000,-42,1,1
15794,15800885000,-42,1,1
15795,15801885000,42,0,0
15796,15802885000,46,0,0
15797,15803885000,40,0,0
15798,15804885000,-38,1,1
15799,15805885000,38,0,0
15800,15806885000,-40,1,1
15801,15807885000,-46,1,1
15802,15808885000,-40,1,1
15803,15809885000,40,0,0
15804,15810885000,-40,1,1
15805,15811885000,-40,1,1
15806,15812885000,40,0,0
15807,15813885000,-40,1,1
15808,15814885000,-46,1,1
15809,15815885000,-46,1,1
15810,15816885000,-40,1,1
15811,15817885000,40,0,0
15812,15818885000,-40,1,1
15813,15819885000,-42,1,1
15814,15820885000,42,0,0
15815,15821885000,46,0,0
15816,15822885000,48,0,0
15817,15823885000,48,0,0
15818,15824885000,46,0,0
15819,15825885000,42,0,0
15820,15826885000,-42,1,1
15821,15827885000,-40,1,1
15822,15828885000,40,0,0
15823,15829885000,-40,1,1
15824,15830885000,-42,1,1
15825,15831885000,42,0,0
15826,15832885000,42,0,0
15827,15833885000,-42,1,1
15828,15834885000,-46,1,1
15829,15835885000,-46,1,1
15830,15836885000,-42,1,1
15831,15837885000,42,0,0
15832,15838885000,46,0,0
15833,15839885000,42,0,0
15834,15840885000,-42,1,1
15835,15841885000,-42,1,1
15836,15842885000,42,0,0
15837,15843885000,46,0,0
15838,15844885000,48,0,0
15839,15845885000,46,0,0
15840,15846885000,40,0,0
15841,15847885000,-38,1,1
15842,15848885000,38,0,0
15843,15849885000,-38,1,1
15844,15850885000,40,0,0
15845,15851885000,40,0,0
15846,15852885000,-40,1,1
15847,15853885000,40,0,0
15848,15854885000,42,0,0
15849,15855885000,-42,1,1
15850,15856885000,-42,1,1
15851,15857885000,42,0,0
15852,15858885000,40,0,0
15853,15859885000,-40,1,1
15854,15860885000,40,0,0
15855,15861885000,46,0,0
15856,15862885000,40,0,0
15857,15863885000,-38,1,1
15858,15864885000,38,0,0
15859,15865885000,-38,1,1
15860,15866885000,40,0,0
15861,15867885000,40,0,0
15862,15868885000,-40,1,1
15863,15869885000,40,0,0
15864,15870885000,42,0,0
15865,15871885000,-42,1,1
15866,15872885000,-42,1,1
15867,15873885000,42,0,0
15868,15874885000,42,0,0
15869,15875885000,-42,1,1
15870,15876885000,-46,1,1
15871,15877885000,-46,1,1
15872,15878885000,-40,1,1
15873,15879885000,40,0,0
15874,15880885000,-40,1,1
15875,15881885000,-40,1,1
15876,15882885000,40,0,0
15877,15883885000,-40,1,1
15878,15884885000,-46,1,1
15879,15885885000,-42,1,1
15880,15886885000,42,0,0
15881,15887885000,40,0,0
15882,15888885000,-38,1,1
15883,15889885000,38,0,0
15884,15890885000,-38,1,1
15885,15891885000,38,0,0
15886,15892885000,-40,1,1
15887,15893885000,-46,1,1
15888,15894885000,-48,1,1
15889,15895885000,-46,1,1
15890,15896885000,-40,1,1
15891,15897885000,38,0,0
15892,15898885000,-38,1,1
15893,15899885000,38,0,0
15894,15900885000,-40,1,1
15895,15901885000,-42,1,1
15896,15902885000,42,0,0
15897,15903885000,40,0,0
15898,15904885000,-40,1,1
15899,15905885000,40,0,0
15900,15906885000,40,0,0
15901,15907885000,-40,1,1
15902,15908885000,40,0,0
15903,15909885000,42,0,0
15904,15910885000,-42,1,1
15905,15911885000,-42,1,1
15906,15912885000,42,0,0
15907,15913885000,42,0,0
15908,15914885000,-42,1,1
15909,15915885000,-46,1,1
15910,15916885000,-46,1,1
15911,15917885000,-40,1,1
15912,15918885000,38,0,0
15913,15919885000,-38,1,1
15914,15920885000,38,0,0
15915,15921885000,-40,1,1
15916,15922885000,-46,1,1
15917,15923885000,-48,1,1
15918,15924885000,-48,1,1
15919,15925885000,-46,1,1
15920,15926885000,-40,1,1
15921,15927885000,40,0,0
15922,15928885000,-40,1,1
15923,15929885000,-40,1,1
15924,15930885000,38,0,0
15925,15931885000,-38,1,1
15926,15932885000,40,0,0
15927,15933885000,46,0,0
15928,15934885000,42,0,0
15929,15935885000,-42,1,1
15930,15936885000,-46,1,1
15931,15937885000,-46,1,1
15932,15938885000,-40,1,1
15933,15939885000,40,0,0
15934,15940885000,-40,1,1
15935,15941885000,-42,1,1
15936,15942885000,42,0,0
15937,15943885000,46,0,0
15938,15944885000,40,0,0
15939,15945885000,-38,1,1
15940,15946885000,38,0,0
15941,15947885000,-40,1,1
15942,15948885000,-40,1,1
15943,15949885000,38,0,0
15944,15950885000,-38,1,1
15945,15951885000,38,0,0
15946,15952885000,-38,1,1
15947,15953885000,40,0,0
15948,15954885000,46,0,0
15949,15955885000,46,0,0
15950,15956885000,42,0,0
15951,15957885000,-42,1,1
15952,15958885000,-40,1,1
15953,15959885000,38,0,0
15954,15960885000,-38,1,1
15955,15961885000,38,0,0
15956,15962885000,-40,1,1
15957,15963885000,-42,1,1
15958,15964885000,42,0,0
15959,15965885000,42,0,0
15960,15966885000,-42,1,1
15961,15967885000,-42,1,1
15962,15968885000,42,0,0
15963,15969885000,42,0,0
15964,15970885000,-42,1,1
15965,15971885000,-46,1,1
15966,15972885000,-46,1,1
15967,15973885000,-40,1,1
15968,15974885000,40,0,0
15969,15975885000,-40,1,1
15970,15976885000,-46,1,1
15971,15977885000,-40,1,1
15972,15978885000,38,0,0
15973,15979885000,-38,1,1
15974,15980885000,40,0,0
15975,15981885000,46,0,0
15976,15982885000,46,0,0
15977,15983885000,42,0,0
15978,15984885000,-42,1,1
15979,15985885000,-46,1,1
15980,15986885000,-46,1,1
15981,15987885000,-42,1,1
15982,15988885000,42,0,0
15983,15989885000,40,0,0
15984,15990885000,-40,1,1
15985,15991885000,40,0,0
15986,15992885000,46,0,0
15987,15993885000,42,0,0
15988,15994885000,-42,1,1
15989,15995885000,-46,1,1
15990,15996885000,-40,1,1
15991,15997885000,38,0,0
15992,15998885000,-38,1,1
15993,15999885000,38,0,0
15994,16000885000,-38,1,1
15995,16001885000,40,0,0
15996,16002885000,40,0,0
15997,16003885000,-38,1,1
15998,16004885000,38,0,0
15999,16005885000,-38,1,1
16000,16006885000,40,0,0
16001,16007885000,46,0,0
16002,16008885000,40,0,0
16003,16009885000,-38,1,1
16004,16010885000,38,0,0
16005,16011885000,-38,1,1
16006,16012885000,38,0,0
16007,16013885000,-40,1,1
16008,16014885000,-40,1,1
16009,16015885000,38,0,0
16010,16016885000,-38,1,1
16011,16017885000,38,0,0
16012,16018885000,-40,1,1
16013,16019885000,-42,1,1
16014,16020885000,42,0,0
16015,16021885000,40,0,0
16016,16022885000,-38,1,1
16017,16023885000,38,0,0
16018,16024885000,-40,1,1
16019,16025885000,-46,1,1
16020,16026885000,-42,1,1
16021,16027885000,42,0,0
16022,16028885000,42,0,0
16023,16029885000,-42,1,1
16024,16030885000,-40,1,1
16025,16031885000,38,0,0
16026,16032885000,-38,1,1
16027,16033885000,38,0,0
16028,16034885000,-38,1,1
16029,16035885000,40,0,0
16030,16036885000,40,0,0
16031,16037885000,-38,1,1
16032,16038885000,38,0,0
16033,16039885000,-40,1,1
16034,16040885000,-46,1,1
16035,16041885000,-48,1,1
16036,16042885000,-48,1,1
16037,16043885000,-48,1,1
16038,16044885000,-48,1,1
16039,16045885000,-46,1,1
16040,16046885000,-40,1,1
16041,16047885000,40,0,0
16042,16048885000,-40,1,1
16043,16049885000,-46,1,1
16044,16050885000,-48,1,1
16045,16051885000,-46,1,1
16046,16052885000,-40,1,1
16047,16053885000,40,0,0
16048,16054885000,-40,1,1
16049,16055885000,-46,1,1
16050,16056885000,-42,1,1
16051,16057885000,42,0,0
16052,16058885000,40,0,0
16053,16059885000,-38,1,1
16054,16060885000,38,0,0
16055,16061885000,-40,1,1
16056,16062885000,-46,1,1
16057,16063885000,-40,1,1
16058,16064885000,40,0,0
16059,16065885000,-40,1,1
16060,16066885000,-46,1,1
16061,16067885000,-48,1,1
16062,16068885000,-46,1,1
16063,16069885000,-42,1,1
16064,16070885000,42,0,0
16065,16071885000,46,0,0
16066,16072885000,46,0,0
16067,16073885000,40,0,0
16068,16074885000,-38,1,1
16069,16075885000,38,0,0
16070,16076885000,-40,1,1
16071,16077885000,-40,1,1
16072,16078885000,40,0,0
16073,16079885000,-40,1,1
16074,16080885000,-40,1,1
16075,16081885000,40,0,0
16076,16082885000,-40,1,1
16077,16083885000,-46,1,1
16078,16084885000,-40,1,1
16079,16085885000,40,0,0
16080,16086885000,-40,1,1
16081,16087885000,-42,1,1
16082,16088885000,42,0,0
16083,16089885000,42,0,0
16084,16090885000,-42,1,1
16085,16091885000,-46,1,1
16086,16092885000,-46,1,1
16087,16093885000,-40,1,1
16088,16094885000,38,0,0
16089,16095885000,-38,1,1
16090,16096885000,40,0,0
16091,16097885000,40,0,0
16092,16098885000,-40,1,1
16093,16099885000,40,0,0
16094,16100885000,46,0,0
16095,16101885000,48,0,0
16096,16102885000,46,0,0
16097,16103885000,42,0,0
16098,16104885000,-42,1,1
16099,16105885000,-42,1,1
16100,16106885000,42,0,0
16101,16107885000,46,0,0
16102,16108885000,40,0,0
16103,16109885000,-38,1,1
16104,16110885000,38,0,0
16105,16111885000,-38,1,1
16106,16112885000,40,0,0
16107,16113885000,42,0,0
16108,16114885000,-42,1,1
16109,16115885000,-42,1,1
16110,16116885000,42,0,0
16111,16117885000,40,0,0
16112,16118885000,-38,1,1
16113,16119885000,38,0,0
16114,16120885000,-40,1,1
16115,16121885000,-40,1,1
16116,16122885000,40,0,0
16117,16123885000,-40,1,1
16118,16124885000,-42,1,1
16119,16125885000,42,0,0
16120,16126885000,42,0,0
16121,16127885000,-42,1,1
16122,16128885000,-42,1,1
16123,16129885000,42,0,0
16124,16130885000,40,0,0
16125,16131885000,-40,1,1
16126,16132885000,40,0,0
16127,16133885000,42,0,0
16128,16134885000,-42,1,1
16129,16135885000,-42,1,1
16130,16136885000,42,0,0
16131,16137885000,46,0,0
16132,16138885000,46,0,0
16133,16139885000,40,0,0
16134,16140885000,-38,1,1
16135,16141885000,38,0,0
16136,16142885000,-40,1,1
16137,16143885000,-40,1,1
16138,16144885000,40,0,0
16139,16145885000,-40,1,1
16140,16146885000,-42,1,1
16141,16147885000,42,0,0
16142,16148885000,46,0,0
16143,16149885000,42,0,0
16144,16150885000,-42,1,1
16145,16151885000,-40,1,1
16146,16152885000,38,0,0
16147,16153885000,-38,1,1
16148,16154885000,40,0,0
16149,16155885000,42,0,0
16150,16156885000,-42,1,1
16151,16157885000,-42,1,1
16152,16158885000,42,0,0
16153,16159885000,46,0,0
16154,16160885000,42,0,0
16155,16161885000,-42,1,1
16156,16162885000,-42,1,1
16157,16163885000,42,0,0
16158,16164885000,42,0,0
16159,16165885000,-42,1,1
16160,16166885000,-40,1,1
16161,16167885000,40,0,0
16162,16168885000,-40,1,1
16163,16169885000,-46,1,1
16164,16170885000,-46,1,1
16165,16171885000,-40,1,1
16166,16172885000,38,0,0
16167,16173885000,-38,1,1
16168,16174885000,40,0,0
16169,16175885000,46,0,0
16170,16176885000,40,0,0
16171,16177885000,-40,1,1
16172,16178885000,40,0,0
16173,16179885000,40,0,0
16174,16180885000,-38,1,1
16175,16181885000,38,0,0
16176,16182885000,-38,1,1
16177,16183885000,38,0,0
16178,16184885000,-38,1,1
16179,16185885000,40,0,0
16180,16186885000,42,0,0
16181,16187885000,-42,1,1
16182,16188885000,-42,1,1
16183,16189885000,42,0,0
16184,16190885000,40,0,0
16185,16191885000,-38,1,1
16186,16192885000,38,0,0
16187,16193885000,-40,1,1
16188,16194885000,-40,1,1
16189,16195885000,38,0,0
16190,16196885000,-38,1,1
16191,16197885000,38,0,0
16192,16198885000,-40,1,1
16193,16199885000,-40,1,1
16194,16200885000,40,0,0
16195,16201885000,-40,1,1
16196,16202885000,-40,1,1
16197,16203885000,40,0,0
16198,16204885000,-40,1,1
16199,16205885000,-46,1,1
16200,16206885000,-46,1,1
16201,16207885000,-40,1,1
16202,16208885000,38,0,0
16203,16209885000,-38,1,1
16204,16210885000,38,0,0
16205,16211885000,-38,1,1
16206,16212885000,40,0,0
16207,16213885000,40,0,0
16208,16214885000,-40,1,1
16209,16215885000,40,0,0
16210,16216885000,46,0,0
16211,16217885000,42,0,0
16212,16218885000,-42,1,1
16213,16219885000,-42,1,1
16214,16220885000,42,0,0
16215,16221885000,46,0,0
16216,16222885000,40,0,0
16217,16223885000,-40,1,1
16218,16224885000,40,0,0
16219,16225885000,40,0,0
16220,16226885000,-38,1,1
16221,16227885000,38,0,0
16222,16228885000,-38,1,1
16223,16229885000,38,0,0
16224,16230885000,-40,1,1
16225,16231885000,-40,1,1
16226,16232885000,40,0,0
16227,16233885000,-40,1,1
16228,16234885000,-46,1,1
16229,16235885000,-46,1,1
16230,16236885000,-40,1,1
16231,16237885000,40,0,0
16232,16238885000,-40,1,1
16233,16239885000,-46,1,1
16234,16240885000,-42,1,1
16235,16241885000,42,0,0
16236,16242885000,46,0,0
16237,16243885000,48,0,0
16238,16244885000,48,0,0
16239,16245885000,48,0,0
16240,16246885000,48,0,0
16241,16247885000,46,0,0
16242,16248885000,42,0,0
16243,16249885000,-42,1,1
16244,16250885000,-40,1,1
16245,16251885000,40,0,0
16246,16252885000,-40,1,1
16247,16253885000,-42,1,1
16248,16254885000,42,0,0
16249,16255885000,42,0,0
16250,16256885000,-42,1,1
16251,16257885000,-46,1,1
16252,16258885000,-42,1,1
16253,16259885000,42,0,0
16254,16260885000,46,0,0
16255,16261885000,48,0,0
16256,16262885000,46,0,0
16257,16263885000,40,0,0
16258,16264885000,-38,1,1
16259,16265885000,38,0,0
16260,16266885000,-40,1,1
16261,16267885000,-40,1,1
16262,16268885000,38,0,0
16263,16269885000,-38,1,1
16264,16270885000,38,0,0
16265,16271885000,-40,1,1
16266,16272885000,-46,1,1
16267,16273885000,-48,1,1
16268,16274885000,-48,1,1
16269,16275885000,-48,1,1
16270,16276885000,-48,1,1
16271,16277885000,-48,1,1
16272,16278885000,-46,1,1
16273,16279885000,-42,1,1
16274,16280885000,42,0,0
16275,16281885000,46,0,0
16276,16282885000,40,0,0
16277,16283885000,-40,1,1
16278,16284885000,40,0,0
16279,16285885000,46,0,0
16280,16286885000,48,0,0
16281,16287885000,46,0,0
16282,16288885000,40,0,0
16283,16289885000,-38,1,1
16284,16290885000,38,0,0
16285,16291885000,-38,1,1
16286,16292885000,40,0,0
16287,16293885000,42,0,0
16288,16294885000,-42,1,1
16289,16295885000,-42,1,1
16290,16296885000,42,0,0
16291,16297885000,46,0,0
16292,16298885000,46,0,0
16293,16299885000,42,0,0
16294,16300885000,-42,1,1
16295,16301885000,-46,1,1
16296,16302885000,-48,1,1
16297,16303885000,-46,1,1
16298,16304885000,-42,1,1
16299,16305885000,42,0,0
16300,16306885000,46,0,0
16301,16307885000,42,0,0
16302,16308885000,-42,1,1
16303,16309885000,-40,1,1
16304,16310885000,38,0,0
16305,16311885000,-38,1,1
16306,16312885000,40,0,0
16307,16313885000,46,0,0
16308,16314885000,42,0,0
16309,16315885000,-42,1,1
16310,16316885000,-46,1,1
16311,16317885000,-46,1,1
16312,16318885000,-42,1,1
16313,16319885000,42,0,0
16314,16320885000,42,0,0
16315,16321885000,-42,1,1
16316,16322885000,-46,1,1
16317,16323885000,-40,1,1
16318,16324885000,40,0,0
16319,16325885000,-40,1,1
16320,16326885000,-46,1,1
16321,16327885000,-42,1,1
16322,16328885000,42,0,0
16323,16329885000,40,0,0
16324,16330885000,-40,1,1
16325,16331885000,40,0,0
16326,16332885000,46,0,0
16327,16333885000,48,0,0
16328,16334885000,46,0,0
16329,16335885000,42,0,0
16330,16336885000,-42,1,1
16331,16337885000,-46,1,1
16332,16338885000,-42,1,1
16333,16339885000,42,0,0
16334,16340885000,40,0,0
16335,16341885000,-38,1,1
16336,16342885000,38,0,0
16337,16343885000,-38,1,1
16338,16344885000,38,0,0
16339,16345885000,-38,1,1
16340,16346885000,40,0,0
16341,16347885000,46,0,0
16342,16348885000,42,0,0
16343,16349885000,-42,1,1
16344,16350885000,-40,1,1
16345,16351885000,40,0,0
16346,16352885000,-40,1,1
16347,16353885000,-46,1,1
16348,16354885000,-40,1,1
16349,16355885000,38,0,0
16350,16356885000,-38,1,1
16351,16357885000,40,0,0
16352,16358885000,46,0,0
16353,16359885000,42,0,0
16354,16360885000,-42,1,1
16355,16361885000,-40,1,1
16356,16362885000,40,0,0
16357,16363885000,-40,1,1
16358,16364885000,-46,1,1
16359,16365885000,-40,1,1
16360,16366885000,40,0,0
16361,16367885000,-40,1,1
16362,16368885000,-46,1,1
16363,16369885000,-42,1,1
16364,16370885000,42,0,0
16365,16371885000,40,0,0
16366,16372885000,-40,1,1
16367,16373885000,40,0,0
16368,16374885000,46,0,0
16369,16375885000,48,0,0
16370,16376885000,48,0,0
16371,16377885000,46,0,0
16372,16378885000,40,0,0
16373,16379885000,-40,1,1
16374,16380885000,40,0,0
16375,16381885000,40,0,0
16376,16382885000,-40,1,1
16377,16383885000,40,0,0
16378,16384885000,46,0,0
16379,16385885000,42,0,0
16380,16386885000,-42,1,1
16381,16387885000,-42,1,1
16382,16388885000,42,0,0
16383,16389885000,40,0,0
16384,16390885000,-40,1,1
16385,16391885000,40,0,0
16386,16392885000,42,0,0
16387,16393885000,-42,1,1
16388,16394885000,-40,1,1
16389,16395885000,40,0,0
16390,16396885000,-40,1,1
16391,16397885000,-46,1,1
16392,16398885000,-42,1,1
16393,16399885000,42,0,0
16394,16400885000,42,0,0
16395,16401885000,-42,1,1
16396,16402885000,-40,1,1
16397,16403885000,38,0,0
16398,16404885000,-38,1,1
16399,16405885000,38,0,0
16400,16406885000,-38,1,1
16401,16407885000,40,0,0
16402,16408885000,42,0,0
16403,16409885000,-42,1,1
16404,16410885000,-46,1,1
16405,16411885000,-40,1,1
16406,16412885000,40,0,0
16407,16413885000,-40,1,1
16408,16414885000,-42,1,1
16409,16415885000,42,0,0
16410,16416885000,46,0,0
16411,16417885000,48,0,0
16412,16418885000,48,0,0
16413,16419885000,46,0,0
16414,16420885000,40,0,0
16415,16421885000,-40,1,1
16416,16422885000,40,0,0
16417,16423885000,46,0,0
16418,16424885000,48,0,0
16419,16425885000,46,0,0
16420,16426885000,42,0,0
16421,16427885000,-42,1,1
16422,16428885000,-42,1,1
16423,16429885000,42,0,0
16424,16430885000,46,0,0
16425,16431885000,46,0,0
16426,16432885000,40,0,0
16427,16433885000,-38,1,1
16428,16434885000,38,0,0
16429,16435885000,-40,1,1
16430,16436885000,-42,1,1
16431,16437885000,42,0,0
16432,16438885000,46,0,0
16433,16439885000,40,0,0
16434,16440885000,-40,1,1
16435,16441885000,40,0,0
16436,16442885000,40,0,0
16437,16443885000,-38,1,1
16438,16444885000,38,0,0
16439,16445885000,-40,1,1
16440,16446885000,-42,1,1
16441,16447885000,42,0,0
16442,16448885000,46,0,0
16443,16449885000,46,0,0
16444,16450885000,42,0,0
16445,16451885000,-42,1,1
16446,16452885000,-42,1,1
16447,16453885000,42,0,0
16448,16454885000,40,0,0
16449,16455885000,-40,1,1
16450,16456885000,40,0,0
16451,16457885000,46,0,0
16452,16458885000,40,0,0
16453,16459885000,-40,1,1
16454,16460885000,40,0,0
16455,16461885000,40,0,0
16456,16462885000,-40,1,1
16457,16463885000,40,0,0
16458,16464885000,40,0,0
16459,16465885000,-40,1,1
16460,16466885000,40,0,0
16461,16467885000,40,0,0
16462,16468885000,-38,1,1
16463,16469885000,38,0,0
16464,16470885000,-40,1,1
16465,16471885000,-46,1,1
16466,16472885000,-40,1,1
16467,16473885000,40,0,0
16468,16474885000,-40,1,1
16469,16475885000,-40,1,1
16470,16476885000,38,0,0
16471,16477885000,-38,1,1
16472,16478885000,40,0,0
16473,16479885000,46,0,0
16474,16480885000,42,0,0
16475,16481885000,-42,1,1
16476,16482885000,-40,1,1
16477,16483885000,40,0,0
16478,16484885000,-40,1,1
16479,16485885000,-46,1,1
16480,16486885000,-40,1,1
16481,16487885000,38,0,0
16482,16488885000,-38,1,1
16483,16489885000,40,0,0
16484,16490885000,46,0,0
16485,16491885000,46,0,0
16486,16492885000,42,0,0
16487,16493885000,-42,1,1
16488,16494885000,-46,1,1
16489,16495885000,-48,1,1
16490,16496885000,-46,1,1
16491,16497885000,-40,1,1
16492,16498885000,38,0,0
16493,16499885000,-38,1,1
16494,16500885000,38,0,0
16495,16501885000,-40,1,1
16496,16502885000,-46,1,1
16497,16503885000,-46,1,1
16498,16504885000,-40,1,1
16499,16505885000,40,0,0
16500,16506885000,-40,1,1
16501,16507885000,-42,1,1
16502,16508885000,42,0,0
16503,16509885000,46,0,0
16504,16510885000,48,0,0
16505,16511885000,46,0,0
16506,16512885000,42,0,0
16507,16513885000,-42,1,1
16508,16514885000,-46,1,1
16509,16515885000,-40,1,1
16510,16516885000,40,0,0
16511,16517885000,-40,1,1
16512,16518885000,-46,1,1
16513,16519885000,-46,1,1
16514,16520885000,-40,1,1
16515,16521885000,40,0,0
16516,16522885000,-40,1,1
16517,16523885000,-46,1,1
16518,16524885000,-40,1,1
16519,16525885000,38,0,0
16520,16526885000,-38,1,1
16521,16527885000,40,0,0
16522,16528885000,46,0,0
16523,16529885000,46,0,0
16524,16530885000,42,0,0
16525,16531885000,-42,1,1
16526,16532885000,-40,1,1
16527,16533885000,38,0,0
16528,16534885000,-38,1,1
16529,16535885000,40,0,0
16530,16536885000,42,0,0
16531,16537885000,-42,1,1
16532,16538885000,-46,1,1
16533,16539885000,-46,1,1
16534,16540885000,-40,1,1
16535,16541885000,38,0,0
16536,16542885000,-38,1,1
16537,16543885000,38,0,0
16538,16544885000,-38,1,1
16539,16545885000,40,0,0
16540,16546885000,42,0,0
16541,16547885000,-42,1,1
16542,16548885000,-42,1,1
16543,16549885000,42,0,0
16544,16550885000,40,0,0
16545,16551885000,-40,1,1
16546,16552885000,40,0,0
16547,16553885000,40,0,0
16548,16554885000,-40,1,1
16549,16555885000,40,0,0
16550,16556885000,46,0,0
16551,16557885000,48,0,0
16552,16558885000,46,0,0
16553,16559885000,42,0,0
16554,16560885000,-42,1,1
16555,16561885000,-42,1,1
16556,16562885000,42,0,0
16557,16563885000,46,0,0
16558,16564885000,42,0,0
16559,16565885000,-42,1,1
16560,16566885000,-46,1,1
16561,16567885000,-46,1,1
16562,16568885000,-42,1,1
16563,16569885000,42,0,0
16564,16570885000,40,0,0
16565,16571885000,-40,1,1
16566,16572885000,40,0,0
16567,16573885000,42,0,0
16568,16574885000,-42,1,1
16569,16575885000,-46,1,1
16570,16576885000,-40,1,1
16571,16577885000,40,0,0
16572,16578885000,-40,1,1
16573,16579885000,-46,1,1
16574,16580885000,-48,1,1
16575,16581885000,-48,1,1
16576,16582885000,-46,1,1
16577,16583885000,-42,1,1
16578,16584885000,42,0,0
16579,16585885000,40,0,0
16580,16586885000,-38,1,1
16581,16587885000,38,0,0
16582,16588885000,-40,1,1
16583,16589885000,-42,1,1
16584,16590885000,42,0,0
16585,16591885000,40,0,0
16586,16592885000,-38,1,1
16587,16593885000,38,0,0
16588,16594885000,-38,1,1
16589,16595885000,38,0,0
16590,16596885000,-38,1,1
16591,16597885000,38,0,0
16592,16598885000,-38,1,1
16593,16599885000,40,0,0
16594,16600885000,42,0,0
16595,16601885000,-42,1,1
16596,16602885000,-40,1,1
16597,16603885000,38,0,0
16598,16604885000,-38,1,1
16599,16605885000,38,0,0
16600,16606885000,-38,1,1
16601,16607885000,38,0,0
16602,16608885000,-40,1,1
16603,16609885000,-46,1,1
16604,16610885000,-48,1,1
16605,16611885000,-46,1,1
16606,16612885000,-42,1,1
16607,16613885000,42,0,0
16608,16614885000,42,0,0
16609,16615885000,-42,1,1
16610,16616885000,-42,1,1
16611,16617885000,42,0,0
16612,16618885000,46,0,0
16613,16619885000,42,0,0
16614,16620885000,-42,1,1
16615,16621885000,-46,1,1
16616,16622885000,-42,1,1
16617,16623885000,42,0,0
16618,16624885000,46,0,0
16619,16625885000,42,0,0
16620,16626885000,-42,1,1
16621,16627885000,-40,1,1
16622,16628885000,38,0,0
16623,16629885000,-38,1,1
16624,16630885000,40,0,0
16625,16631885000,46,0,0
16626,16632885000,46,0,0
16627,16633885000,40,0,0
16628,16634885000,-40,1,1
16629,16635885000,40,0,0
16630,16636885000,46,0,0
16631,16637885000,46,0,0
16632,16638885000,40,0,0
16633,16639885000,-38,1,1
16634,16640885000,38,0,0
16635,16641885000,-40,1,1
16636,16642885000,-46,1,1
16637,16643885000,-40,1,1
16638,16644885000,38,0,0
16639,16645885000,-38,1,1
16640,16646885000,38,0,0
16641,16647885000,-40,1,1
16642,16648885000,-46,1,1
16643,16649885000,-42,1,1
16644,16650885000,42,0,0
16645,16651885000,46,0,0
16646,16652885000,42,0,0
16647,16653885000,-42,1,1
16648,16654885000,-40,1,1
16649,16655885000,38,0,0
16650,16656885000,-38,1,1
16651,16657885000,40,0,0
16652,16658885000,46,0,0
16653,16659885000,42,0,0
16654,16660885000,-42,1,1
16655,16661885000,-46,1,1
16656,16662885000,-48,1,1
16657,16663885000,-46,1,1
16658,16664885000,-42,1,1
16659,16665885000,42,0,0
16660,16666885000,46,0,0
16661,16667885000,40,0,0
16662,16668885000,-38,1,1
16663,16669885000,38,0,0
16664,16670885000,-40,1,1
16665,16671885000,-42,1,1
16666,16672885000,42,0,0
16667,16673885000,40,0,0
16668,16674885000,-40,1,1
16669,16675885000,40,0,0
16670,16676885000,40,0,0
16671,16677885000,-38,1,1
16672,16678885000,38,0,0
16673,16679885000,-38,1,1
16674,16680885000,40,0,0
16675,16681885000,46,0,0
16676,16682885000,48,0,0
16677,16683885000,46,0,0
16678,16684885000,42,0,0
16679,16685885000,-42,1,1
16680,16686885000,-46,1,1
16681,16687885000,-42,1,1
16682,16688885000,42,0,0
16683,16689885000,46,0,0
16684,16690885000,42,0,0
16685,16691885000,-42,1,1
16686,16692885000,-46,1,1
16687,16693885000,-40,1,1
16688,16694885000,40,0,0
16689,16695885000,-40,1,1
16690,16696885000,-46,1,1
16691,16697885000,-40,1,1
16692,16698885000,38,0,0
16693,16699885000,-38,1,1
16694,16700885000,40,0,0
16695,16701885000,40,0,0
16696,16702885000,-40,1,1
16697,16703885000,40,0,0
16698,16704885000,40,0,0
16699,16705885000,-40,1,1
16700,16706885000,40,0,0
16701,16707885000,46,0,0
16702,16708885000,40,0,0
16703,16709885000,-40,1,1
16704,16710885000,40,0,0
16705,16711885000,46,0,0
16706,16712885000,40,0,0
16707,16713885000,-40,1,1
16708,16714885000,40,0,0
16709,16715885000,46,0,0
16710,16716885000,46,0,0
16711,16717885000,42,0,0
16712,16718885000,-42,1,1
16713,16719885000,-40,1,1
16714,16720885000,40,0,0
16715,16721885000,-40,1,1
16716,16722885000,-42,1,1
16717,16723885000,42,0,0
16718,16724885000,40,0,0
16719,16725885000,-40,1,1
16720,16726885000,40,0,0
16721,16727885000,46,0,0
16722,16728885000,40,0,0
16723,16729885000,-38,1,1
16724,16730885000,38,0,0
16725,16731885000,-40,1,1
16726,16732885000,-42,1,1
16727,16733885000,42,0,0
16728,16734885000,46,0,0
16729,16735885000,48,0,0
16730,16736885000,48,0,0
16731,16737885000,46,0,0
16732,16738885000,42,0,0
16733,16739885000,-42,1,1
16734,16740885000,-46,1,1
16735,16741885000,-40,1,1
16736,16742885000,40,0,0
16737,16743885000,-40,1,1
16738,16744885000,-46,1,1
16739,16745885000,-46,1,1
16740,16746885000,-40,1,1
16741,16747885000,40,0,0
16742,16748885000,-40,1,1
16743,16749885000,-40,1,1
16744,16750885000,40,0,0
16745,16751885000,-40,1,1
16746,16752885000,-40,1,1
16747,16753885000,38,0,0
16748,16754885000,-38,1,1
16749,16755885000,40,0,0
16750,16756885000,42,0,0
16751,16757885000,-42,1,1
16752,16758885000,-42,1,1
16753,16759885000,42,0,0
16754,16760885000,42,0,0
16755,16761885000,-42,1,1
16756,16762885000,-42,1,1
16757,16763885000,42,0,0
16758,16764885000,40,0,0
16759,16765885000,-38,1,1
16760,16766885000,38,0,0
16761,16767885000,-38,1,1
16762,16768885000,40,0,0
16763,16769885000,46,0,0
16764,16770885000,48,0,0
16765,16771885000,48,0,0
16766,16772885000,48,0,0
16767,16773885000,46,0,0
16768,16774885000,40,0,0
16769,16775885000,-40,1,1
16770,16776885000,40,0,0
16771,16777885000,46,0,0
16772,16778885000,40,0,0
16773,16779885000,-38,1,1
16774,16780885000,38,0,0
16775,16781885000,-40,1,1
16776,16782885000,-46,1,1
16777,16783885000,-48,1,1
16778,16784885000,-48,1,1
16779,16785885000,-46,1,1
16780,16786885000,-40,1,1
16781,16787885000,38,0,0
16782,16788885000,-38,1,1
16783,16789885000,38,0,0
16784,16790885000,-40,1,1
16785,16791885000,-40,1,1
16786,16792885000,38,0,0
16787,16793885000,-38,1,1
16788,16794885000,38,0,0
16789,16795885000,-40,1,1
16790,16796885000,-40,1,1
16791,16797885000,38,0,0
16792,16798885000,-38,1,1
16793,16799885000,40,0,0
16794,16800885000,42,0,0
16795,16801885000,-42,1,1
16796,16802885000,-40,1,1
16797,16803885000,40,0,0
16798,16804885000,-40,1,1
16799,16805885000,-40,1,1
16800,16806885000,40,0,0
16801,16807885000,-40,1,1
16802,16808885000,-46,1,1
16803,16809885000,-42,1,1
16804,16810885000,42,0,0
16805,16811885000,46,0,0
16806,16812885000,48,0,0
16807,16813885000,46,0,0
16808,16814885000,42,0,0
16809,16815885000,-42,1,1
16810,16816885000,-40,1,1
16811,16817885000,40,0,0
16812,16818885000,-40,1,1
16813,16819885000,-42,1,1
16814,16820885000,42,0,0
16815,16821885000,46,0,0
16816,16822885000,48,0,0
16817,16823885000,48,0,0
16818,16824885000,48,0,0
16819,16825885000,46,0,0
16820,16826885000,42,0,0
16821,16827885000,-42,1,1
16822,16828885000,-40,1,1
16823,16829885000,38,0,0
16824,16830885000,-38,1,1
16825,16831885000,40,0,0
16826,16832885000,46,0,0
16827,16833885000,46,0,0
16828,16834885000,40,0,0
16829,16835885000,-38,1,1
16830,16836885000,38,0,0
16831,16837885000,-40,1,1
16832,16838885000,-46,1,1
16833,16839885000,-40,1,1
16834,16840885000,38,0,0
16835,16841885000,-38,1,1
16836,16842885000,38,0,0
16837,16843885000,-40,1,1
16838,16844885000,-46,1,1
16839,16845885000,-42,1,1
16840,16846885000,42,0,0
16841,16847885000,42,0,0
16842,16848885000,-42,1,1
16843,16849885000,-40,1,1
16844,16850885000,40,0,0
16845,16851885000,-40,1,1
16846,16852885000,-46,1,1
16847,16853885000,-42,1,1
16848,16854885000,42,0,0
16849,16855885000,46,0,0
16850,16856885000,42,0,0
16851,16857885000,-42,1,1
16852,16858885000,-40,1,1
16853,16859885000,40,0,0
16854,16860885000,-40,1,1
16855,16861885000,-46,1,1
16856,16862885000,-42,1,1
16857,16863885000,42,0,0
16858,16864885000,42,0,0
16859,16865885000,-42,1,1
16860,16866885000,-46,1,1
16861,16867885000,-42,1,1
16862,16868885000,42,0,0
16863,16869885000,40,0,0
16864,16870885000,-40,1,1
16865,16871885000,40,0,0
16866,16872885000,42,0,0
16867,16873885000,-42,1,1
16868,16874885000,-40,1,1
16869,16875885000,38,0,0
16870,16876885000,-38,1,1
16871,16877885000,40,0,0
16872,16878885000,46,0,0
16873,16879885000,42,0,0
16874,16880885000,-42,1,1
16875,16881885000,-42,1,1
16876,16882885000,42,0,0
16877,16883885000,46,0,0
16878,16884885000,42,0,0
16879,16885885000,-42,1,1
16880,16886885000,-46,1,1
16881,16887885000,-40,1,1
16882,16888885000,38,0,0
16883,16889885000,-38,1,1
16884,16890885000,40,0,0
16885,16891885000,42,0,0
16886,16892885000,-42,1,1
16887,16893885000,-42,1,1
16888,16894885000,42,0,0
16889,16895885000,42,0,0
16890,16896885000,-42,1,1
16891,16897885000,-42,1,1
16892,16898885000,42,0,0
16893,16899885000,46,0,0
16894,16900885000,48,0,0
16895,16901885000,48,0,0
16896,16902885000,48,0,0
16897,16903885000,46,0,0
16898,16904885000,40,0,0
16899,16905885000,-40,1,1
16900,16906885000,40,0,0
16901,16907885000,42,0,0
16902,16908885000,-42,1,1
16903,16909885000,-46,1,1
16904,16910885000,-42,1,1
16905,16911885000,42,0,0
16906,16912885000,40,0,0
16907,16913885000,-38,1,1
16908,16914885000,38,0,0
16909,16915885000,-40,1,1
16910,16916885000,-46,1,1
16911,16917885000,-42,1,1
16912,16918885000,42,0,0
16913,16919885000,46,0,0
16914,16920885000,42,0,0
16915,16921885000,-42,1,1
16916,16922885000,-40,1,1
16917,16923885000,38,0,0
16918,16924885000,-38,1,1
16919,16925885000,38,0,0
16920,16926885000,-40,1,1
16921,16927885000,-42,1,1
16922,16928885000,42,0,0
16923,16929885000,46,0,0
16924,16930885000,42,0,0
16925,16931885000,-42,1,1
16926,16932885000,-40,1,1
16927,16933885000,38,0,0
16928,16934885000,-38,1,1
16929,16935885000,38,0,0
16930,16936885000,-40,1,1
16931,16937885000,-46,1,1
16932,16938885000,-40,1,1
16933,16939885000,40,0,0
16934,16940885000,-40,1,1
16935,16941885000,-46,1,1
16936,16942885000,-42,1,1
16937,16943885000,42,0,0
16938,16944885000,46,0,0
16939,16945885000,42,0,0
16940,16946885000,-42,1,1
16941,16947885000,-42,1,1
16942,16948885000,42,0,0
16943,16949885000,40,0,0
16944,16950885000,-38,1,1
16945,16951885000,38,0,0
16946,16952885000,-38,1,1
16947,16953885000,40,0,0
16948,16954885000,42,0,0
16949,16955885000,-42,1,1
16950,16956885000,-46,1,1
16951,16957885000,-40,1,1
16952,16958885000,38,0,0
16953,16959885000,-38,1,1
16954,16960885000,40,0,0
16955,16961885000,40,0,0
16956,16962885000,-40,1,1
16957,16963885000,40,0,0
16958,16964885000,40,0,0
16959,16965885000,-40,1,1
16960,16966885000,40,0,0
16961,16967885000,42,0,0
16962,16968885000,-42,1,1
16963,16969885000,-46,1,1
16964,16970885000,-48,1,1
16965,16971885000,-48,1,1
16966,16972885000,-48,1,1
16967,16973885000,-46,1,1
16968,16974885000,-42,1,1
16969,16975885000,42,0,0
16970,16976885000,46,0,0
16971,16977885000,42,0,0
16972,16978885000,-42,1,1
16973,16979885000,-40,1,1
16974,16980885000,40,0,0
16975,16981885000,-40,1,1
16976,16982885000,-46,1,1
16977,16983885000,-46,1,1
16978,16984885000,-40,1,1
16979,16985885000,40,0,0
16980,16986885000,-40,1,1
16981,16987885000,-42,1,1
16982,16988885000,42,0,0
16983,16989885000,40,0,0
16984,16990885000,-38,1,1
16985,16991885000,38,0,0
16986,16992885000,-38,1,1
16987,16993885000,40,0,0
16988,16994885000,42,0,0
16989,16995885000,-42,1,1
16990,16996885000,-42,1,1
16991,16997885000,42,0,0
16992,16998885000,40,0,0
16993,16999885000,-38,1,1
16994,17000885000,38,0,0
16995,17001885000,-38,1,1
16996,17002885000,38,0,0
16997,17003885000,-40,1,1
16998,17004885000,-46,1,1
16999,17005885000,-42,1,1
17000,17006885000,42,0,0
17001,17007885000,42,0,0
17002,17008885000,-42,1,1
17003,17009885000,-46,1,1
17004,17010885000,-40,1,1
17005,17011885000,40,0,0
17006,17012885000,-40,1,1
17007,17013885000,-46,1,1
17008,17014885000,-48,1,1
17009,17015885000,-48,1,1
17010,17016885000,-46,1,1
17011,17017885000,-42,1,1
17012,17018885000,42,0,0
17013,17019885000,40,0,0
17014,17020885000,-40,1,1
17015,17021885000,40,0,0
17016,17022885000,46,0,0
17017,17023885000,46,0,0
17018,17024885000,40,0,0
17019,17025885000,-38,1,1
17020,17026885000,38,0,0
17021,17027885000,-40,1,1
17022,17028885000,-46,1,1
17023,17029885000,-48,1,1
17024,17030885000,-46,1,1
17025,17031885000,-42,1,1
17026,17032885000,42,0,0
17027,17033885000,46,0,0
17028,17034885000,40,0,0
17029,17035885000,-38,1,1
17030,17036885000,38,0,0
17031,17037885000,-38,1,1
17032,17038885000,40,0,0
17033,17039885000,42,0,0
17034,17040885000,-42,1,1
17035,17041885000,-40,1,1
17036,17042885000,40,0,0
17037,17043885000,-40,1,1
17038,17044885000,-42,1,1
17039,17045885000,42,0,0
17040,17046885000,40,0,0
17041,17047885000,-40,1,1
17042,17048885000,40,0,0
17043,17049885000,40,0,0
17044,17050885000,-38,1,1
17045,17051885000,38,0,0
17046,17052885000,-40,1,1
17047,17053885000,-46,1,1
17048,17054885000,-46,1,1
17049,17055885000,-40,1,1
17050,17056885000,40,0,0
17051,17057885000,-40,1,1
17052,17058885000,-46,1,1
17053,17059885000,-40,1,1
17054,17060885000,38,0,0
17055,17061885000,-38,1,1
17056,17062885000,38,0,0
17057,17063885000,-38,1,1
17058,17064885000,38,0,0
17059,17065885000,-40,1,1
17060,17066885000,-42,1,1
17061,17067885000,42,0,0
17062,17068885000,40,0,0
17063,17069885000,-38,1,1
17064,17070885000,38,0,0
17065,17071885000,-38,1,1
17066,17072885000,40,0,0
17067,17073885000,46,0,0
17068,17074885000,48,0,0
17069,17075885000,46,0,0
17070,17076885000,42,0,0
17071,17077885000,-42,1,1
17072,17078885000,-46,1,1
17073,17079885000,-42,1,1
17074,17080885000,42,0,0
17075,17081885000,46,0,0
17076,17082885000,48,0,0
17077,17083885000,48,0,0
17078,17084885000,46,0,0
17079,17085885000,40,0,0
17080,17086885000,-38,1,1
17081,17087885000,38,0,0
17082,17088885000,-40,1,1
17083,17089885000,-40,1,1
17084,17090885000,38,0,0
17085,17091885000,-38,1,1
17086,17092885000,38,0,0
17087,17093885000,-38,1,1
17088,17094885000,40,0,0
17089,17095885000,46,0,0
17090,17096885000,42,0,0
17091,17097885000,-42,1,1
17092,17098885000,-46,1,1
17093,17099885000,-40,1,1
17094,17100885000,40,0,0
17095,17101885000,-40,1,1
17096,17102885000,-46,1,1
17097,17103885000,-48,1,1
17098,17104885000,-46,1,1
17099,17105885000,-40,1,1
17100,17106885000,40,0,0
17101,17107885000,-40,1,1
17102,17108885000,-46,1,1
17103,17109885000,-40,1,1
17104,17110885000,38,0,0
17105,17111885000,-38,1,1
17106,17112885000,38,0,0
17107,17113885000,-38,1,1
17108,17114885000,38,0,0
17109,17115885000,-38,1,1
17110,17116885000,38,0,0
17111,17117885000,-40,1,1
17112,17118885000,-46,1,1
17113,17119885000,-40,1,1
17114,17120885000,40,0,0
17115,17121885000,-40,1,1
17116,17122885000,-46,1,1
17117,17123885000,-40,1,1
17118,17124885000,38,0,0
17119,17125885000,-38,1,1
17120,17126885000,40,0,0
17121,17127885000,46,0,0
17122,17128885000,42,0,0
17123,17129885000,-42,1,1
17124,17130885000,-46,1,1
17125,17131885000,-40,1,1
17126,17132885000,38,0,0
17127,17133885000,-38,1,1
17128,17134885000,38,0,0
17129,17135885000,-40,1,1
17130,17136885000,-46,1,1
17131,17137885000,-46,1,1
17132,17138885000,-42,1,1
17133,17139885000,42,0,0
17134,17140885000,46,0,0
17135,17141885000,40,0,0
17136,17142885000,-40,1,1
17137,17143885000,40,0,0
17138,17144885000,42,0,0
17139,17145885000,-42,1,1
17140,17146885000,-46,1,1
17141,17147885000,-42,1,1
17142,17148885000,42,0,0
17143,17149885000,46,0,0
17144,17150885000,46,0,0
17145,17151885000,42,0,0
17146,17152885000,-42,1,1
17147,17153885000,-46,1,1
17148,17154885000,-46,1,1
17149,17155885000,-42,1,1
17150,17156885000,42,0,0
17151,17157885000,46,0,0
17152,17158885000,46,0,0
17153,17159885000,42,0,0
17154,17160885000,-42,1,1
17155,17161885000,-46,1,1
17156,17162885000,-42,1,1
17157,17163885000,42,0,0
17158,17164885000,40,0,0
17159,17165885000,-40,1,1
17160,17166885000,40,0,0
17161,17167885000,42,0,0
17162,17168885000,-42,1,1
17163,17169885000,-40,1,1
17164,17170885000,38,0,0
17165,17171885000,-38,1,1
17166,17172885000,40,0,0
17167,17173885000,42,0,0
17168,17174885000,-42,1,1
17169,17175885000,-46,1,1
17170,17176885000,-46,1,1
17171,17177885000,-40,1,1
17172,17178885000,38,0,0
17173,17179885000,-38,1,1
17174,17180885000,38,0,0
17175,17181885000,-38,1,1
17176,17182885000,40,0,0
17177,17183885000,46,0,0
17178,17184885000,46,0,0
17179,17185885000,40,0,0
17180,17186885000,-38,1,1
17181,17187885000,38,0,0
17182,17188885000,-38,1,1
17183,17189885000,38,0,0
17184,17190885000,-40,1,1
17185,17191885000,-42,1,1
17186,17192885000,42,0,0
17187,17193885000,42,0,0
17188,17194885000,-42,1,1
17189,17195885000,-46,1,1
17190,17196885000,-48,1,1
17191,17197885000,-48,1,1
17192,17198885000,-46,1,1
17193,17199885000,-42,1,1
17194,17200885000,42,0,0
17195,17201885000,42,0,0
17196,17202885000,-42,1,1
17197,17203885000,-46,1,1
17198,17204885000,-48,1,1
17199,17205885000,-46,1,1
17200,17206885000,-42,1,1
17201,17207885000,42,0,0
17202,17208885000,46,0,0
17203,17209885000,48,0,0
17204,17210885000,46,0,0
17205,17211885000,42,0,0
17206,17212885000,-42,1,1
17207,17213885000,-40,1,1
17208,17214885000,40,0,0
17209,17215885000,-40,1,1
17210,17216885000,-40,1,1
17211,17217885000,40,0,0
17212,17218885000,-40,1,1
17213,17219885000,-46,1,1
17214,17220885000,-48,1,1
17215,17221885000,-46,1,1
17216,17222885000,-40,1,1
17217,17223885000,40,0,0
17218,17224885000,-40,1,1
17219,17225885000,-42,1,1
17220,17226885000,42,0,0
17221,17227885000,40,0,0
17222,17228885000,-40,1,1
17223,17229885000,40,0,0
17224,17230885000,46,0,0
17225,17231885000,42,0,0
17226,17232885000,-42,1,1
17227,17233885000,-40,1,1
17228,17234885000,38,0,0
17229,17235885000,-38,1,1
17230,17236885000,40,0,0
17231,17237885000,46,0,0
17232,17238885000,40,0,0
17233,17239885000,-40,1,1
17234,17240885000,40,0,0
17235,17241885000,46,0,0
17236,17242885000,40,0,0
17237,17243885000,-40,1,1
17238,17244885000,40,0,0
17239,17245885000,42,0,0
17240,17246885000,-42,1,1
17241,17247885000,-40,1,1
17242,17248885000,40,0,0
17243,17249885000,-40,1,1
17244,17250885000,-40,1,1
17245,17251885000,38,0,0
17246,17252885000,-38,1,1
17247,17253885000,38,0,0
17248,17254885000,-38,1,1
17249,17255885000,40,0,0
17250,17256885000,46,0,0
17251,17257885000,40,0,0
17252,17258885000,-40,1,1
17253,17259885000,40,0,0
17254,17260885000,42,0,0
17255,17261885000,-42,1,1
17256,17262885000,-46,1,1
17257,17263885000,-48,1,1
17258,17264885000,-48,1,1
17259,17265885000,-46,1,1
17260,17266885000,-40,1,1
17261,17267885000,38,0,0
17262,17268885000,-38,1,1
17263,17269885000,38,0,0
17264,17270885000,-38,1,1
17265,17271885000,40,0,0
17266,17272885000,42,0,0
17267,17273885000,-42,1,1
17268,17274885000,-40,1,1
17269,17275885000,38,0,0
17270,17276885000,-38,1,1
17271,17277885000,40,0,0
17272,17278885000,42,0,0
17273,17279885000,-42,1,1
17274,17280885000,-46,1,1
17275,17281885000,-46,1,1
17276,17282885000,-42,1,1
17277,17283885000,42,0,0
17278,17284885000,46,0,0
17279,17285885000,42,0,0
17280,17286885000,-42,1,1
17281,17287885000,-46,1,1
17282,17288885000,-48,1,1
17283,17289885000,-48,1,1
17284,17290885000,-46,1,1
17285,17291885000,-40,1,1
17286,17292885000,40,0,0
17287,17293885000,-40,1,1
17288,17294885000,-40,1,1
17289,17295885000,38,0,0
17290,17296885000,-38,1,1
17291,17297885000,38,0,0
17292,17298885000,-40,1,1
17293,17299885000,-46,1,1
17294,17300885000,-40,1,1
17295,17301885000,38,0,0
17296,17302885000,-38,1,1
17297,17303885000,40,0,0
17298,17304885000,42,0,0
17299,17305885000,-42,1,1
17300,17306885000,-42,1,1
17301,17307885000,42,0,0
17302,17308885000,46,0,0
17303,17309885000,40,0,0
17304,17310885000,-40,1,1
17305,17311885000,40,0,0
17306,17312885000,46,0,0
17307,17313885000,48,0,0
17308,17314885000,48,0,0
17309,17315885000,48,0,0
17310,17316885000,46,0,0
17311,17317885000,42,0,0
17312,17318885000,-42,1,1
17313,17319885000,-42,1,1
17314,17320885000,42,0,0
17315,17321885000,42,0,0
17316,17322885000,-42,1,1
17317,17323885000,-46,1,1
17318,17324885000,-48,1,1
17319,17325885000,-48,1,1
17320,17326885000,-46,1,1
17321,17327885000,-42,1,1
17322,17328885000,42,0,0
17323,17329885000,40,0,0
17324,17330885000,-40,1,1
17325,17331885000,40,0,0
17326,17332885000,46,0,0
17327,17333885000,42,0,0
17328,17334885000,-42,1,1
17329,17335885000,-46,1,1
17330,17336885000,-48,1,1
17331,17337885000,-46,1,1
17332,17338885000,-42,1,1
17333,17339885000,42,0,0
17334,17340885000,40,0,0
17335,17341885000,-40,1,1
17336,17342885000,40,0,0
17337,17343885000,40,0,0
17338,17344885000,-40,1,1
17339,17345885000,40,0,0
17340,17346885000,46,0,0
17341,17347885000,48,0,0
17342,17348885000,48,0,0
17343,17349885000,48,0,0
17344,17350885000,48,0,0
17345,17351885000,48,0,0
17346,17352885000,46,0,0
17347,17353885000,42,0,0
17348,17354885000,-42,1,1
17349,17355885000,-46,1,1
17350,17356885000,-48,1,1
17351,17357885000,-46,1,1
17352,17358885000,-40,1,1
17353,17359885000,38,0,0
17354,17360885000,-38,1,1
17355,17361885000,38,0,0
17356,17362885000,-40,1,1
17357,17363885000,-46,1,1
17358,17364885000,-46,1,1
17359,17365885000,-40,1,1
17360,17366885000,38,0,0
17361,17367885000,-38,1,1
17362,17368885000,38,0,0
17363,17369885000,-40,1,1
17364,17370885000,-40,1,1
17365,17371885000,38,0,0
17366,17372885000,-38,1,1
17367,17373885000,40,0,0
17368,17374885000,46,0,0
17369,17375885000,40,0,0
17370,17376885000,-40,1,1
17371,17377885000,40,0,0
17372,17378885000,46,0,0
17373,17379885000,46,0,0
17374,17380885000,40,0,0
17375,17381885000,-38,1,1
17376,17382885000,38,0,0
17377,17383885000,-38,1,1
17378,17384885000,40,0,0
17379,17385885000,40,0,0
17380,17386885000,-38,1,1
17381,17387885000,38,0,0
17382,17388885000,-38,1,1
17383,17389885000,40,0,0
17384,17390885000,40,0,0
17385,17391885000,-38,1,1
17386,17392885000,38,0,0
17387,17393885000,-40,1,1
17388,17394885000,-40,1,1
17389,17395885000,38,0,0
17390,17396885000,-38,1,1
17391,17397885000,38,0,0
17392,17398885000,-38,1,1
17393,17399885000,40,0,0
17394,17400885000,42,0,0
17395,17401885000,-42,1,1
17396,17402885000,-46,1,1
17397,17403885000,-48,1,1
17398,17404885000,-48,1,1
17399,17405885000,-46,1,1
17400,17406885000,-42,1,1
17401,17407885000,42,0,0
17402,17408885000,46,0,0
17403,17409885000,48,0,0
17404,17410885000,46,0,0
17405,17411885000,40,0,0
17406,17412885000,-38,1,1
17407,17413885000,38,0,0
17408,17414885000,-38,1,1
17409,17415885000,38,0,0
17410,17416885000,-38,1,1
17411,17417885000,38,0,0
17412,17418885000,-38,1,1
17413,17419885000,38,0,0
17414,17420885000,-38,1,1
17415,17421885000,38,0,0
17416,17422885000,-38,1,1
17417,17423885000,38,0,0
17418,17424885000,-40,1,1
17419,17425885000,-40,1,1
17420,17426885000,40,0,0
17421,17427885000,-40,1,1
17422,17428885000,-46,1,1
17423,17429885000,-46,1,1
17424,17430885000,-40,1,1
17425,17431885000,38,0,0
17426,17432885000,-38,1,1
17427,17433885000,40,0,0
17428,17434885000,40,0,0
17429,17435885000,-38,1,1
17430,17436885000,38,0,0
17431,17437885000,-38,1,1
17432,17438885000,40,0,0
17433,17439885000,46,0,0
17434,17440885000,42,0,0
17435,17441885000,-42,1,1
17436,17442885000,-46,1,1
17437,17443885000,-40,1,1
17438,17444885000,38,0,0
17439,17445885000,-38,1,1
17440,17446885000,40,0,0
17441,17447885000,42,0,0
17442,17448885000,-42,1,1
17443,17449885000,-42,1,1
17444,17450885000,42,0,0
17445,17451885000,40,0,0
17446,17452885000,-40,1,1
17447,17453885000,40,0,0
17448,17454885000,42,0,0
17449,17455885000,-42,1,1
17450,17456885000,-46,1,1
17451,17457885000,-48,1,1
17452,17458885000,-48,1,1
17453,17459885000,-48,1,1
17454,17460885000,-46,1,1
17455,17461885000,-42,1,1
17456,17462885000,42,0,0
17457,17463885000,46,0,0
17458,17464885000,42,0,0
17459,17465885000,-42,1,1
17460,17466885000,-46,1,1
17461,17467885000,-46,1,1
17462,17468885000,-42,1,1
17463,17469885000,42,0,0
17464,17470885000,46,0,0
17465,17471885000,40,0,0
17466,17472885000,-40,1,1
17467,17473885000,40,0,0
17468,17474885000,46,0,0
17469,17475885000,48,0,0
17470,17476885000,48,0,0
17471,17477885000,48,0,0
17472,17478885000,46,0,0
17473,17479885000,40,0,0
17474,17480885000,-40,1,1
17475,17481885000,40,0,0
17476,17482885000,46,0,0
17477,17483885000,42,0,0
17478,17484885000,-42,1,1
17479,17485885000,-46,1,1
17480,17486885000,-40,1,1
17481,17487885000,40,0,0
17482,17488885000,-40,1,1
17483,17489885000,-42,1,1
17484,17490885000,42,0,0
17485,17491885000,40,0,0
17486,17492885000,-38,1,1
17487,17493885000,38,0,0
17488,17494885000,-38,1,1
17489,17495885000,40,0,0
17490,17496885000,40,0,0
17491,17497885000,-40,1,1
17492,17498885000,40,0,0
17493,17499885000,46,0,0
17494,17500885000,48,0,0
17495,17501885000,48,0,0
17496,17502885000,46,0,0
17497,17503885000,42,0,0
17498,17504885000,-42,1,1
17499,17505885000,-42,1,1
17500,17506885000,42,0,0
17501,17507885000,46,0,0
17502,17508885000,42,0,0
17503,17509885000,-42,1,1
17504,17510885000,-42,1,1
17505,17511885000,42,0,0
17506,17512885000,40,0,0
17507,17513885000,-38,1,1
17508,17514885000,38,0,0
17509,17515885000,-40,1,1
17510,17516885000,-40,1,1
17511,17517885000,40,0,0
17512,17518885000,-40,1,1
17513,17519885000,-42,1,1
17514,17520885000,42,0,0
17515,17521885000,40,0,0
17516,17522885000,-40,1,1
17517,17523885000,40,0,0
17518,17524885000,42,0,0
17519,17525885000,-42,1,1
17520,17526885000,-40,1,1
17521,17527885000,40,0,0
17522,17528885000,-40,1,1
17523,17529885000,-46,1,1
17524,17530885000,-40,1,1
17525,17531885000,40,0,0
17526,17532885000,-40,1,1
17527,17533885000,-42,1,1
17528,17534885000,42,0,0
17529,17535885000,42,0,0
17530,17536885000,-42,1,1
17531,17537885000,-46,1,1
17532,17538885000,-46,1,1
17533,17539885000,-42,1,1
17534,17540885000,42,0,0
17535,17541885000,46,0,0
17536,17542885000,46,0,0
17537,17543885000,42,0,0
17538,17544885000,-42,1,1
17539,17545885000,-42,1,1
17540,17546885000,42,0,0
17541,17547885000,46,0,0
17542,17548885000,46,0,0
17543,17549885000,40,0,0
17544,17550885000,-40,1,1
17545,17551885000,40,0,0
17546,17552885000,40,0,0
17547,17553885000,-38,1,1
17548,17554885000,38,0,0
17549,17555885000,-40,1,1
17550,17556885000,-42,1,1
17551,17557885000,42,0,0
17552,17558885000,40,0,0
17553,17559885000,-38,1,1
17554,17560885000,38,0,0
17555,17561885000,-38,1,1
17556,17562885000,40,0,0
17557,17563885000,40,0,0
17558,17564885000,-40,1,1
17559,17565885000,40,0,0
17560,17566885000,42,0,0
17561,17567885000,-42,1,1
17562,17568885000,-46,1,1
17563,17569885000,-48,1,1
17564,17570885000,-46,1,1
17565,17571885000,-40,1,1
17566,17572885000,40,0,0
17567,17573885000,-40,1,1
17568,17574885000,-46,1,1
17569,17575885000,-48,1,1
17570,17576885000,-46,1,1
17571,17577885000,-42,1,1
17572,17578885000,42,0,0
17573,17579885000,46,0,0
17574,17580885000,40,0,0
17575,17581885000,-38,1,1
17576,17582885000,38,0,0
17577,17583885000,-40,1,1
17578,17584885000,-46,1,1
17579,17585885000,-42,1,1
17580,17586885000,42,0,0
17581,17587885000,46,0,0
17582,17588885000,46,0,0
17583,17589885000,40,0,0
17584,17590885000,-40,1,1
17585,17591885000,40,0,0
17586,17592885000,40,0,0
17587,17593885000,-40,1,1
17588,17594885000,40,0,0
17589,17595885000,46,0,0
17590,17596885000,40,0,0
17591,17597885000,-38,1,1
17592,17598885000,38,0,0
17593,17599885000,-38,1,1
17594,17600885000,40,0,0
17595,17601885000,46,0,0
17596,17602885000,40,0,0
17597,17603885000,-38,1,1
17598,17604885000,38,0,0
17599,17605885000,-40,1,1
17600,17606885000,-42,1,1
17601,17607885000,42,0,0
17602,17608885000,40,0,0
17603,17609885000,-38,1,1
17604,17610885000,38,0,0
17605,17611885000,-38,1,1
17606,17612885000,38,0,0
17607,17613885000,-40,1,1
17608,17614885000,-46,1,1
17609,17615885000,-46,1,1
17610,17616885000,-40,1,1
17611,17617885000,38,0,0
17612,17618885000,-38,1,1
17613,17619885000,40,0,0
17614,17620885000,46,0,0
17615,17621885000,46,0,0
17616,17622885000,42,0,0
17617,17623885000,-42,1,1
17618,17624885000,-42,1,1
17619,17625885000,42,0,0
17620,17626885000,42,0,0
17621,17627885000,-42,1,1
17622,17628885000,-46,1,1
17623,17629885000,-48,1,1
17624,17630885000,-48,1,1
17625,17631885000,-48,1,1
17626,17632885000,-46,1,1
17627,17633885000,-42,1,1
17628,17634885000,42,0,0
17629,17635885000,46,0,0
17630,17636885000,46,0,0
17631,17637885000,40,0,0
17632,17638885000,-38,1,1
17633,17639885000,38,0,0
17634,17640885000,-38,1,1
17635,17641885000,38,0,0
17636,17642885000,-40,1,1
17637,17643885000,-40,1,1
17638,17644885000,38,0,0
17639,17645885000,-38,1,1
17640,17646885000,38,0,0
17641,17647885000,-38,1,1
17642,17648885000,40,0,0
17643,17649885000,46,0,0
17644,17650885000,40,0,0
17645,17651885000,-38,1,1
17646,17652885000,38,0,0
17647,17653885000,-40,1,1
17648,17654885000,-46,1,1
17649,17655885000,-40,1,1
17650,17656885000,40,0,0
17651,17657885000,-40,1,1
17652,17658885000,-42,1,1
17653,17659885000,42,0,0
17654,17660885000,46,0,0
17655,17661885000,42,0,0
17656,17662885000,-42,1,1
17657,17663885000,-46,1,1
17658,17664885000,-42,1,1
17659,17665885000,42,0,0
17660,17666885000,46,0,0
17661,17667885000,40,0,0
17662,17668885000,-38,1,1
17663,17669885000,38,0,0
17664,17670885000,-40,1,1
17665,17671885000,-46,1,1
17666,17672885000,-40,1,1
17667,17673885000,40,0,0
17668,17674885000,-40,1,1
17669,17675885000,-42,1,1
17670,17676885000,42,0,0
17671,17677885000,40,0,0
17672,17678885000,-38,1,1
17673,17679885000,38,0,0
17674,17680885000,-40,1,1
17675,17681885000,-46,1,1
17676,17682885000,-42,1,1
17677,17683885000,42,0,0
17678,17684885000,46,0,0
17679,17685885000,48,0,0
17680,17686885000,48,0,0
17681,17687885000,48,0,0
17682,17688885000,48,0,0
17683,17689885000,46,0,0
17684,17690885000,40,0,0
17685,17691885000,-38,1,1
17686,17692885000,38,0,0
17687,17693885000,-40,1,1
17688,17694885000,-42,1,1
17689,17695885000,42,0,0
17690,17696885000,46,0,0
17691,17697885000,46,0,0
17692,17698885000,42,0,0
17693,17699885000,-42,1,1
17694,17700885000,-40,1,1
17695,17701885000,40,0,0
17696,17702885000,-40,1,1
17697,17703885000,-46,1,1
17698,17704885000,-48,1,1
17699,17705885000,-46,1,1
17700,17706885000,-40,1,1
17701,17707885000,40,0,0
17702,17708885000,-40,1,1
17703,17709885000,-40,1,1
17704,17710885000,38,0,0
17705,17711885000,-38,1,1
17706,17712885000,38,0,0
17707,17713885000,-38,1,1
17708,17714885000,40,0,0
17709,17715885000,40,0,0
17710,17716885000,-40,1,1
17711,17717885000,40,0,0
17712,17718885000,42,0,0
17713,17719885000,-42,1,1
17714,17720885000,-40,1,1
17715,17721885000,38,0,0
17716,17722885000,-38,1,1
17717,17723885000,40,0,0
17718,17724885000,46,0,0
17719,17725885000,48,0,0
17720,17726885000,46,0,0
17721,17727885000,40,0,0
17722,17728885000,-40,1,1
17723,17729885000,40,0,0
17724,17730885000,46,0,0
17725,17731885000,46,0,0
17726,17732885000,40,0,0
17727,17733885000,-38,1,1
17728,17734885000,38,0,0
17729,17735885000,-40,1,1
17730,17736885000,-46,1,1
17731,17737885000,-40,1,1
17732,17738885000,38,0,0
17733,17739885000,-38,1,1
17734,17740885000,40,0,0
17735,17741885000,46,0,0
17736,17742885000,40,0,0
17737,17743885000,-40,1,1
17738,17744885000,40,0,0
17739,17745885000,46,0,0
17740,17746885000,40,0,0
17741,17747885000,-40,1,1
17742,17748885000,40,0,0
17743,17749885000,40,0,0
17744,17750885000,-38,1,1
17745,17751885000,38,0,0
17746,17752885000,-38,1,1
17747,17753885000,40,0,0
17748,17754885000,40,0,0
17749,17755885000,-38,1,1
17750,17756885000,38,0,0
17751,17757885000,-38,1,1
17752,17758885000,38,0,0
17753,17759885000,-38,1,1
17754,17760885000,40,0,0
17755,17761885000,42,0,0
17756,17762885000,-42,1,1
17757,17763885000,-42,1,1
17758,17764885000,42,0,0
17759,17765885000,46,0,0
17760,17766885000,48,0,0
17761,17767885000,46,0,0
17762,17768885000,40,0,0
17763,17769885000,-38,1,1
17764,17770885000,38,0,0
17765,17771885000,-38,1,1
17766,17772885000,38,0,0
17767,17773885000,-40,1,1
17768,17774885000,-40,1,1
17769,17775885000,38,0,0
17770,17776885000,-38,1,1
17771,17777885000,40,0,0
17772,17778885000,42,0,0
17773,17779885000,-42,1,1
17774,17780885000,-46,1,1
17775,17781885000,-46,1,1
17776,17782885000,-40,1,1
17777,17783885000,38,0,0
17778,17784885000,-38,1,1
17779,17785885000,40,0,0
17780,17786885000,46,0,0
17781,17787885000,42,0,0
17782,17788885000,-42,1,1
17783,17789885000,-42,1,1
17784,17790885000,42,0,0
17785,17791885000,46,0,0
17786,17792885000,48,0,0
17787,17793885000,46,0,0
17788,17794885000,42,0,0
17789,17795885000,-42,1,1
17790,17796885000,-40,1,1
17791,17797885000,40,0,0
17792,17798885000,-40,1,1
17793,17799885000,-42,1,1
17794,17800885000,42,0,0
17795,17801885000,46,0,0
17796,17802885000,42,0,0
17797,17803885000,-42,1,1
17798,17804885000,-46,1,1
17799,17805885000,-46,1,1
17800,17806885000,-40,1,1
17801,17807885000,40,0,0
17802,17808885000,-40,1,1
17803,17809885000,-46,1,1
17804,17810885000,-40,1,1
17805,17811885000,40,0,0
17806,17812885000,-40,1,1
17807,17813885000,-40,1,1
17808,17814885000,38,0,0
17809,17815885000,-38,1,1
17810,17816885000,38,0,0
17811,17817885000,-38,1,1
17812,17818885000,38,0,0
17813,17819885000,-40,1,1
17814,17820885000,-46,1,1
17815,17821885000,-48,1,1
17816,17822885000,-46,1,1
17817,17823885000,-42,1,1
17818,17824885000,42,0,0
17819,17825885000,42,0,0
17820,17826885000,-42,1,1
17821,17827885000,-40,1,1
17822,17828885000,38,0,0
17823,17829885000,-38,1,1
17824,17830885000,40,0,0
17825,17831885000,40,0,0
17826,17832885000,-38,1,1
17827,17833885000,38,0,0
17828,17834885000,-38,1,1
17829,17835885000,40,0,0
17830,17836885000,46,0,0
17831,17837885000,46,0,0
17832,17838885000,42,0,0
17833,17839885000,-42,1,1
17834,17840885000,-46,1,1
17835,17841885000,-48,1,1
17836,17842885000,-46,1,1
17837,17843885000,-42,1,1
17838,17844885000,42,0,0
17839,17845885000,46,0,0
17840,17846885000,40,0,0
17841,17847885000,-38,1,1
17842,17848885000,38,0,0
17843,17849885000,-40,1,1
17844,17850885000,-42,1,1
17845,17851885000,42,0,0
17846,17852885000,46,0,0
17847,17853885000,40,0,0
17848,17854885000,-40,1,1
17849,17855885000,40,0,0
17850,17856885000,42,0,0
17851,17857885000,-42,1,1
17852,17858885000,-46,1,1
17853,17859885000,-42,1,1
17854,17860885000,42,0,0
17855,17861885000,40,0,0
17856,17862885000,-40,1,1
17857,17863885000,40,0,0
17858,17864885000,46,0,0
17859,17865885000,46,0,0
17860,17866885000,40,0,0
17861,17867885000,-38,1,1
17862,17868885000,38,0,0
17863,17869885000,-38,1,1
17864,17870885000,40,0,0
17865,17871885000,46,0,0
17866,17872885000,48,0,0
17867,17873885000,48,0,0
17868,17874885000,48,0,0
17869,17875885000,46,0,0
17870,17876885000,40,0,0
17871,17877885000,-38,1,1
17872,17878885000,38,0,0
17873,17879885000,-38,1,1
17874,17880885000,38,0,0
17875,17881885000,-40,1,1
17876,17882885000,-46,1,1
17877,17883885000,-42,1,1
17878,17884885000,42,0,0
17879,17885885000,46,0,0
17880,17886885000,40,0,0
17881,17887885000,-40,1,1
17882,17888885000,40,0,0
17883,17889885000,46,0,0
17884,17890885000,40,0,0
17885,17891885000,-40,1,1
17886,17892885000,40,0,0
17887,17893885000,40,0,0
17888,17894885000,-38,1,1
17889,17895885000,38,0,0
17890,17896885000,-40,1,1
17891,17897885000,-42,1,1
17892,17898885000,42,0,0
17893,17899885000,42,0,0
17894,17900885000,-42,1,1
17895,17901885000,-46,1,1
17896,17902885000,-42,1,1
17897,17903885000,42,0,0
17898,17904885000,46,0,0
17899,17905885000,42,0,0
17900,17906885000,-42,1,1
17901,17907885000,-46,1,1
17902,17908885000,-46,1,1
17903,17909885000,-42,1,1
17904,17910885000,42,0,0
17905,17911885000,46,0,0
17906,17912885000,42,0,0
17907,17913885000,-42,1,1
17908,17914885000,-40,1,1
17909,17915885000,38,0,0
17910,17916885000,-38,1,1
17911,17917885000,38,0,0
17912,17918885000,-38,1,1
17913,17919885000,38,0,0
17914,17920885000,-40,1,1
17915,17921885000,-40,1,1
17916,17922885000,40,0,0
17917,17923885000,-40,1,1
17918,17924885000,-46,1,1
17919,17925885000,-48,1,1
17920,17926885000,-48,1,1
17921,17927885000,-48,1,1
17922,17928885000,-46,1,1
17923,17929885000,-40,1,1
17924,17930885000,38,0,0
17925,17931885000,-38,1,1
17926,17932885000,40,0,0
17927,17933885000,40,0,0
17928,17934885000,-40,1,1
17929,17935885000,40,0,0
17930,17936885000,46,0,0
17931,17937885000,46,0,0
17932,17938885000,40,0,0
17933,17939885000,-40,1,1
17934,17940885000,40,0,0
17935,17941885000,42,0,0
17936,17942885000,-42,1,1
17937,17943885000,-46,1,1
17938,17944885000,-46,1,1
17939,17945885000,-40,1,1
17940,17946885000,40,0,0
17941,17947885000,-40,1,1
17942,17948885000,-40,1,1
17943,17949885000,40,0,0
17944,17950885000,-40,1,1
17945,17951885000,-46,1,1
17946,17952885000,-42,1,1
17947,17953885000,42,0,0
17948,17954885000,46,0,0
17949,17955885000,42,0,0
17950,17956885000,-42,1,1
17951,17957885000,-46,1,1
17952,17958885000,-46,1,1
17953,17959885000,-40,1,1
17954,17960885000,38,0,0
17955,17961885000,-38,1,1
17956,17962885000,40,0,0
17957,17963885000,40,0,0
17958,17964885000,-40,1,1
17959,17965885000,40,0,0
17960,17966885000,46,0,0
17961,17967885000,48,0,0
17962,17968885000,48,0,0
17963,17969885000,48,0,0
17964,17970885000,48,0,0
17965,17971885000,48,0,0
17966,17972885000,48,0,0
17967,17973885000,46,0,0
17968,17974885000,40,0,0
17969,17975885000,-38,1,1
17970,17976885000,38,0,0
17971,17977885000,-40,1,1
17972,17978885000,-46,1,1
17973,17979885000,-42,1,1
17974,17980885000,42,0,0
17975,17981885000,46,0,0
17976,17982885000,46,0,0
17977,17983885000,40,0,0
17978,17984885000,-40,1,1
17979,17985885000,40,0,0
17980,17986885000,46,0,0
17981,17987885000,46,0,0
17982,17988885000,42,0,0
17983,17989885000,-42,1,1
17984,17990885000,-40,1,1
17985,17991885000,40,0,0
17986,17992885000,-40,1,1
17987,17993885000,-42,1,1
17988,17994885000,42,0,0
17989,17995885000,40,0,0
17990,17996885000,-38,1,1
17991,17997885000,38,0,0
17992,17998885000,-40,1,1
17993,17999885000,-46,1,1
17994,18000885000,-46,1,1
17995,18001885000,-40,1,1
17996,18002885000,38,0,0
17997,18003885000,-38,1,1
17998,18004885000,38,0,0
17999,18005885000,-40,1,1
18000,18006885000,-42,1,1
18001,18007885000,42,0,0
18002,18008885000,46,0,0
18003,18009885000,42,0,0
18004,18010885000,-42,1,1
18005,18011885000,-46,1,1
18006,18012885000,-46,1,1
18007,18013885000,-42,1,1
18008,18014885000,42,0,0
18009,18015885000,40,0,0
18010,18016885000,-38,1,1
18011,18017885000,38,0,0
18012,18018885000,-38,1,1
18013,18019885000,40,0,0
18014,18020885000,40,0,0
18015,18021885000,-40,1,1
18016,18022885000,40,0,0
18017,18023885000,40,0,0
18018,18024885000,-38,1,1
18019,18025885000,38,0,0
18020,18026885000,-38,1,1
18021,18027885000,38,0,0
18022,18028885000,-40,1,1
18023,18029885000,-40,1,1
18024,18030885000,40,0,0
18025,18031885000,-40,1,1
18026,18032885000,-42,1,1
18027,18033885000,42,0,0
18028,18034885000,46,0,0
18029,18035885000,40,0,0
18030,18036885000,-38,1,1
18031,18037885000,38,0,0
18032,18038885000,-38,1,1
18033,18039885000,38,0,0
18034,18040885000,-40,1,1
18035,18041885000,-40,1,1
18036,18042885000,40,0,0
18037,18043885000,-40,1,1
18038,18044885000,-46,1,1
18039,18045885000,-40,1,1
18040,18046885000,38,0,0
18041,18047885000,-38,1,1
18042,18048885000,40,0,0
18043,18049885000,46,0,0
18044,18050885000,42,0,0
18045,18051885000,-42,1,1
18046,18052885000,-42,1,1
18047,18053885000,42,0,0
18048,18054885000,42,0,0
18049,18055885000,-42,1,1
18050,18056885000,-40,1,1
18051,18057885000,38,0,0
18052,18058885000,-38,1,1
18053,18059885000,38,0,0
18054,18060885000,-38,1,1
18055,18061885000,40,0,0
18056,18062885000,46,0,0
18057,18063885000,46,0,0
18058,18064885000,42,0,0
18059,18065885000,-42,1,1
18060,18066885000,-46,1,1
18061,18067885000,-48,1,1
18062,18068885000,-46,1,1
18063,18069885000,-42,1,1
18064,18070885000,42,0,0
18065,18071885000,46,0,0
18066,18072885000,48,0,0
18067,18073885000,48,0,0
18068,18074885000,46,0,0
18069,18075885000,40,0,0
18070,18076885000,-38,1,1
18071,18077885000,38,0,0
18072,18078885000,-40,1,1
18073,18079885000,-46,1,1
18074,18080885000,-42,1,1
18075,18081885000,42,0,0
18076,18082885000,42,0,0
18077,18083885000,-42,1,1
18078,18084885000,-42,1,1
18079,18085885000,42,0,0
18080,18086885000,42,0,0
18081,18087885000,-42,1,1
18082,18088885000,-40,1,1
18083,18089885000,40,0,0
18084,18090885000,-40,1,1
18085,18091885000,-40,1,1
18086,18092885000,38,0,0
18087,18093885000,-38,1,1
18088,18094885000,38,0,0
18089,18095885000,-38,1,1
18090,18096885000,38,0,0
18091,18097885000,-40,1,1
18092,18098885000,-46,1,1
18093,18099885000,-48,1,1
18094,18100885000,-46,1,1
18095,18101885000,-40,1,1
18096,18102885000,40,0,0
18097,18103885000,-40,1,1
18098,18104885000,-46,1,1
18099,18105885000,-42,1,1
18100,18106885000,42,0,0
18101,18107885000,40,0,0
18102,18108885000,-40,1,1
18103,18109885000,40,0,0
18104,18110885000,40,0,0
18105,18111885000,-40,1,1
18106,18112885000,40,0,0
18107,18113885000,46,0,0
18108,18114885000,42,0,0
18109,18115885000,-42,1,1
18110,18116885000,-46,1,1
18111,18117885000,-48,1,1
18112,18118885000,-48,1,1
18113,18119885000,-46,1,1
18114,18120885000,-40,1,1
18115,18121885000,38,0,0
18116,18122885000,-38,1,1
18117,18123885000,40,0,0
18118,18124885000,42,0,0
18119,18125885000,-42,1,1
18120,18126885000,-42,1,1
18121,18127885000,42,0,0
18122,18128885000,42,0,0
18123,18129885000,-42,1,1
18124,18130885000,-46,1,1
18125,18131885000,-48,1,1
18126,18132885000,-46,1,1
18127,18133885000,-42,1,1
18128,18134885000,42,0,0
18129,18135885000,42,0,0
18130,18136885000,-42,1,1
18131,18137885000,-46,1,1
18132,18138885000,-48,1,1
18133,18139885000,-46,1,1
18134,18140885000,-40,1,1
18135,18141885000,40,0,0
18136,18142885000,-40,1,1
18137,18143885000,-40,1,1
18138,18144885000,40,0,0
18139,18145885000,-40,1,1
18140,18146885000,-40,1,1
18141,18147885000,40,0,0
18142,18148885000,-40,1,1
18143,18149885000,-46,1,1
18144,18150885000,-46,1,1
18145,18151885000,-40,1,1
18146,18152885000,38,0,0
18147,18153885000,-38,1,1
18148,18154885000,38,0,0
18149,18155885000,-40,1,1
18150,18156885000,-46,1,1
18151,18157885000,-42,1,1
18152,18158885000,42,0,0
18153,18159885000,40,0,0
18154,18160885000,-40,1,1
18155,18161885000,40,0,0
18156,18162885000,46,0,0
18157,18163885000,48,0,0
18158,18164885000,46,0,0
18159,18165885000,40,0,0
18160,18166885000,-38,1,1
18161,18167885000,38,0,0
18162,18168885000,-40,1,1
18163,18169885000,-46,1,1
18164,18170885000,-40,1,1
18165,18171885000,40,0,0
18166,18172885000,-40,1,1
18167,18173885000,-46,1,1
18168,18174885000,-42,1,1
18169,18175885000,42,0,0
18170,18176885000,42,0,0
18171,18177885000,-42,1,1
18172,18178885000,-40,1,1
18173,18179885000,40,0,0
18174,18180885000,-40,1,1
18175,18181885000,-46,1,1
18176,18182885000,-48,1,1
18177,18183885000,-46,1,1
18178,18184885000,-40,1,1
18179,18185885000,40,0,0
18180,18186885000,-40,1,1
18181,18187885000,-46,1,1
18182,18188885000,-40,1,1
18183,18189885000,38,0,0
18184,18190885000,-38,1,1
18185,18191885000,40,0,0
18186,18192885000,42,0,0
18187,18193885000,-42,1,1
18188,18194885000,-46,1,1
18189,18195885000,-40,1,1
18190,18196885000,40,0,0
18191,18197885000,-40,1,1
18192,18198885000,-42,1,1
18193,18199885000,42,0,0
18194,18200885000,46,0,0
18195,18201885000,46,0,0
18196,18202885000,42,0,0
18197,18203885000,-42,1,1
18198,18204885000,-46,1,1
18199,18205885000,-48,1,1
18200,18206885000,-48,1,1
18201,18207885000,-48,1,1
18202,18208885000,-46,1,1
18203,18209885000,-42,1,1
18204,18210885000,42,0,0
18205,18211885000,46,0,0
18206,18212885000,40,0,0
18207,18213885000,-40,1,1
18208,18214885000,40,0,0
18209,18215885000,42,0,0
18210,18216885000,-42,1,1
18211,18217885000,-46,1,1
18212,18218885000,-48,1,1
18213,18219885000,-48,1,1
18214,18220885000,-46,1,1
18215,18221885000,-40,1,1
18216,18222885000,38,0,0
18217,18223885000,-38,1,1
18218,18224885000,38,0,0
18219,18225885000,-40,1,1
18220,18226885000,-40,1,1
18221,18227885000,38,0,0
18222,18228885000,-38,1,1
18223,18229885000,40,0,0
18224,18230885000,42,0,0
18225,18231885000,-42,1,1
18226,18232885000,-42,1,1
18227,18233885000,42,0,0
18228,18234885000,40,0,0
18229,18235885000,-38,1,1
18230,18236885000,38,0,0
18231,18237885000,-40,1,1
18232,18238885000,-46,1,1
18233,18239885000,-40,1,1
18234,18240885000,38,0,0
18235,18241885000,-38,1,1
18236,18242885000,40,0,0
18237,18243885000,46,0,0
18238,18244885000,46,0,0
18239,18245885000,42,0,0
18240,18246885000,-42,1,1
18241,18247885000,-40,1,1
18242,18248885000,38,0,0
18243,18249885000,-38,1,1
18244,18250885000,38,0,0
18245,18251885000,-38,1,1
18246,18252885000,40,0,0
18247,18253885000,40,0,0
18248,18254885000,-38,1,1
18249,18255885000,38,0,0
18250,18256885000,-40,1,1
18251,18257885000,-46,1,1
18252,18258885000,-40,1,1
18253,18259885000,40,0,0
18254,18260885000,-40,1,1
18255,18261885000,-42,1,1
18256,18262885000,42,0,0
18257,18263885000,46,0,0
18258,18264885000,48,0,0
18259,18265885000,46,0,0
18260,18266885000,42,0,0
18261,18267885000,-42,1,1
18262,18268885000,-42,1,1
18263,18269885000,42,0,0
18264,18270885000,46,0,0
18265,18271885000,42,0,0
18266,18272885000,-42,1,1
18267,18273885000,-46,1,1
18268,18274885000,-48,1,1
18269,18275885000,-46,1,1
18270,18276885000,-42,1,1
18271,18277885000,42,0,0
18272,18278885000,42,0,0
18273,18279885000,-42,1,1
18274,18280885000,-40,1,1
18275,18281885000,38,0,0
18276,18282885000,-38,1,1
18277,18283885000,40,0,0
18278,18284885000,42,0,0
18279,18285885000,-42,1,1
18280,18286885000,-46,1,1
18281,18287885000,-46,1,1
18282,18288885000,-42,1,1
18283,18289885000,42,0,0
18284,18290885000,46,0,0
18285,18291885000,42,0,0
18286,18292885000,-42,1,1
18287,18293885000,-42,1,1
18288,18294885000,42,0,0
18289,18295885000,42,0,0
18290,18296885000,-42,1,1
18291,18297885000,-40,1,1
18292,18298885000,38,0,0
18293,18299885000,-38,1,1
18294,18300885000,40,0,0
18295,18301885000,42,0,0
18296,18302885000,-42,1,1
18297,18303885000,-42,1,1
18298,18304885000,42,0,0
18299,18305885000,40,0,0
18300,18306885000,-38,1,1
18301,18307885000,38,0,0
18302,18308885000,-38,1,1
18303,18309885000,40,0,0
18304,18310885000,42,0,0
18305,18311885000,-42,1,1
18306,18312885000,-42,1,1
18307,18313885000,42,0,0
18308,18314885000,40,0,0
18309,18315885000,-38,1,1
18310,18316885000,38,0,0
18311,18317885000,-38,1,1
18312,18318885000,38,0,0
18313,18319885000,-40,1,1
18314,18320885000,-40,1,1
18315,18321885000,40,0,0
18316,18322885000,-40,1,1
18317,18323885000,-42,1,1
18318,18324885000,42,0,0
18319,18325885000,46,0,0
18320,18326885000,46,0,0
18321,18327885000,40,0,0
18322,18328885000,-38,1,1
18323,18329885000,38,0,0
18324,18330885000,-40,1,1
18325,18331885000,-42,1,1
18326,18332885000,42,0,0
18327,18333885000,46,0,0
18328,18334885000,42,0,0
18329,18335885000,-42,1,1
18330,18336885000,-46,1,1
18331,18337885000,-46,1,1
18332,18338885000,-40,1,1
18333,18339885000,38,0,0
18334,18340885000,-38,1,1
18335,18341885000,40,0,0
18336,18342885000,46,0,0
18337,18343885000,40,0,0
18338,18344885000,-40,1,1
18339,18345885000,40,0,0
18340,18346885000,40,0,0
18341,18347885000,-40,1,1
18342,18348885000,40,0,0
18343,18349885000,46,0,0
18344,18350885000,42,0,0
18345,18351885000,-42,1,1
18346,18352885000,-46,1,1
18347,18353885000,-40,1,1
18348,18354885000,38,0,0
18349,18355885000,-38,1,1
18350,18356885000,40,0,0
18351,18357885000,46,0,0
18352,18358885000,46,0,0
18353,18359885000,42,0,0
18354,18360885000,-42,1,1
18355,18361885000,-46,1,1
18356,18362885000,-42,1,1
18357,18363885000,42,0,0
18358,18364885000,42,0,0
18359,18365885000,-42,1,1
18360,18366885000,-40,1,1
18361,18367885000,40,0,0
18362,18368885000,-40,1,1
18363,18369885000,-42,1,1
18364,18370885000,42,0,0
18365,18371885000,46,0,0
18366,18372885000,46,0,0
18367,18373885000,40,0,0
18368,18374885000,-40,1,1
18369,18375885000,40,0,0
18370,18376885000,46,0,0
18371,18377885000,48,0,0
18372,18378885000,46,0,0
18373,18379885000,42,0,0
18374,18380885000,-42,1,1
18375,18381885000,-46,1,1
18376,18382885000,-40,1,1
18377,18383885000,40,0,0
18378,18384885000,-40,1,1
18379,18385885000,-40,1,1
18380,18386885000,38,0,0
18381,18387885000,-38,1,1
18382,18388885000,38,0,0
18383,18389885000,-38,1,1
18384,18390885000,40,0,0
18385,18391885000,46,0,0
18386,18392885000,40,0,0
18387,18393885000,-40,1,1
18388,18394885000,40,0,0
18389,18395885000,42,0,0
18390,18396885000,-42,1,1
18391,18397885000,-40,1,1
18392,18398885000,40,0,0
18393,18399885000,-40,1,1
18394,18400885000,-40,1,1
18395,18401885000,40,0,0
18396,18402885000,-40,1,1
18397,18403885000,-40,1,1
18398,18404885000,40,0,0
18399,18405885000,-40,1,1
18400,18406885000,-40,1,1
18401,18407885000,40,0,0
18402,18408885000,-40,1,1
18403,18409885000,-46,1,1
18404,18410885000,-46,1,1
18405,18411885000,-42,1,1
18406,18412885000,42,0,0
18407,18413885000,40,0,0
18408,18414885000,-40,1,1
18409,18415885000,40,0,0
18410,18416885000,42,0,0
18411,18417885000,-42,1,1
18412,18418885000,-42,1,1
18413,18419885000,42,0,0
18414,18420885000,46,0,0
18415,18421885000,48,0,0
18416,18422885000,46,0,0
18417,18423885000,42,0,0
18418,18424885000,-42,1,1
18419,18425885000,-46,1,1
18420,18426885000,-48,1,1
18421,18427885000,-46,1,1
18422,18428885000,-40,1,1
18423,18429885000,38,0,0
18424,18430885000,-38,1,1
18425,18431885000,40,0,0
18426,18432885000,46,0,0
18427,18433885000,48,0,0
18428,18434885000,46,0,0
18429,18435885000,42,0,0
18430,18436885000,-42,1,1
18431,18437885000,-46,1,1
18432,18438885000,-46,1,1
18433,18439885000,-40,1,1
18434,18440885000,40,0,0
18435,18441885000,-40,1,1
18436,18442885000,-42,1,1
18437,18443885000,42,0,0
18438,18444885000,46,0,0
18439,18445885000,48,0,0
18440,18446885000,46,0,0
18441,18447885000,40,0,0
18442,18448885000,-40,1,1
18443,18449885000,40,0,0
18444,18450885000,46,0,0
18445,18451885000,46,0,0
18446,18452885000,42,0,0
18447,18453885000,-42,1,1
18448,18454885000,-46,1,1
18449,18455885000,-40,1,1
18450,18456885000,38,0,0
18451,18457885000,-38,1,1
18452,18458885000,38,0,0
18453,18459885000,-38,1,1
18454,18460885000,40,0,0
18455,18461885000,42,0,0
18456,18462885000,-42,1,1
18457,18463885000,-42,1,1
18458,18464885000,42,0,0
18459,18465885000,40,0,0
18460,18466885000,-38,1,1
18461,18467885000,38,0,0
18462,18468885000,-38,1,1
18463,18469885000,40,0,0
18464,18470885000,46,0,0
18465,18471885000,42,0,0
18466,18472885000,-42,1,1
18467,18473885000,-42,1,1
18468,18474885000,42,0,0
18469,18475885000,46,0,0
18470,18476885000,40,0,0
18471,18477885000,-40,1,1
18472,18478885000,40,0,0
18473,18479885000,42,0,0
18474,18480885000,-42,1,1
18475,18481885000,-46,1,1
18476,18482885000,-42,1,1
18477,18483885000,42,0,0
18478,18484885000,40,0,0
18479,18485885000,-40,1,1
18480,18486885000,40,0,0
18481,18487885000,46,0,0
18482,18488885000,40,0,0
18483,18489885000,-38,1,1
18484,18490885000,38,0,0
18485,18491885000,-40,1,1
18486,18492885000,-40,1,1
18487,18493885000,38,0,0
18488,18494885000,-38,1,1
18489,18495885000,40,0,0
18490,18496885000,46,0,0
18491,18497885000,42,0,0
18492,18498885000,-42,1,1
18493,18499885000,-46,1,1
18494,18500885000,-42,1,1
18495,18501885000,42,0,0
18496,18502885000,42,0,0
18497,18503885000,-42,1,1
18498,18504885000,-42,1,1
18499,18505885000,42,0,0
18500,18506885000,46,0,0
18501,18507885000,42,0,0
18502,18508885000,-42,1,1
18503,18509885000,-42,1,1
18504,18510885000,42,0,0
18505,18511885000,40,0,0
18506,18512885000,-40,1,1
18507,18513885000,40,0,0
18508,18514885000,46,0,0
18509,18515885000,46,0,0
18510,18516885000,40,0,0
18511,18517885000,-38,1,1
18512,18518885000,38,0,0
18513,18519885000,-40,1,1
18514,18520885000,-40,1,1
18515,18521885000,40,0,0
18516,18522885000,-40,1,1
18517,18523885000,-46,1,1
18518,18524885000,-48,1,1
18519,18525885000,-48,1,1
18520,18526885000,-48,1,1
18521,18527885000,-48,1,1
18522,18528885000,-46,1,1
18523,18529885000,-42,1,1
18524,18530885000,42,0,0
18525,18531885000,46,0,0
18526,18532885000,48,0,0
18527,18533885000,48,0,0
18528,18534885000,48,0,0
18529,18535885000,46,0,0
18530,18536885000,40,0,0
18531,18537885000,-40,1,1
18532,18538885000,40,0,0
18533,18539885000,46,0,0
18534,18540885000,42,0,0
18535,18541885000,-42,1,1
18536,18542885000,-46,1,1
18537,18543885000,-46,1,1
18538,18544885000,-42,1,1
18539,18545885000,42,0,0
18540,18546885000,42,0,0
18541,18547885000,-42,1,1
18542,18548885000,-40,1,1
18543,18549885000,38,0,0
18544,18550885000,-38,1,1
18545,18551885000,38,0,0
18546,18552885000,-38,1,1
18547,18553885000,38,0,0
18548,18554885000,-40,1,1
18549,18555885000,-40,1,1
18550,18556885000,38,0,0
18551,18557885000,-38,1,1
18552,18558885000,40,0,0
18553,18559885000,46,0,0
18554,18560885000,42,0,0
18555,18561885000,-42,1,1
18556,18562885000,-46,1,1
18557,18563885000,-40,1,1
18558,18564885000,40,0,0
18559,18565885000,-40,1,1
18560,18566885000,-46,1,1
18561,18567885000,-48,1,1
18562,18568885000,-46,1,1
18563,18569885000,-40,1,1
18564,18570885000,38,0,0
18565,18571885000,-38,1,1
18566,18572885000,40,0,0
18567,18573885000,40,0,0
18568,18574885000,-40,1,1
18569,18575885000,40,0,0
18570,18576885000,46,0,0
18571,18577885000,48,0,0
18572,18578885000,48,0,0
18573,18579885000,46,0,0
18574,18580885000,42,0,0
18575,18581885000,-42,1,1
18576,18582885000,-40,1,1
18577,18583885000,40,0,0
18578,18584885000,-40,1,1
18579,18585885000,-46,1,1
18580,18586885000,-46,1,1
18581,18587885000,-40,1,1
18582,18588885000,38,0,0
18583,18589885000,-38,1,1
18584,18590885000,38,0,0
18585,18591885000,-38,1,1
18586,18592885000,40,0,0
18587,18593885000,40,0,0
18588,18594885000,-40,1,1
18589,18595885000,40,0,0
18590,18596885000,40,0,0
18591,18597885000,-38,1,1
18592,18598885000,38,0,0
18593,18599885000,-40,1,1
18594,18600885000,-46,1,1
18595,18601885000,-42,1,1
18596,18602885000,42,0,0
18597,18603885000,46,0,0
18598,18604885000,48,0,0
18599,18605885000,48,0,0
18600,18606885000,46,0,0
18601,18607885000,42,0,0
18602,18608885000,-42,1,1
18603,18609885000,-42,1,1
18604,18610885000,42,0,0
18605,18611885000,40,0,0
18606,18612885000,-38,1,1
18607,18613885000,38,0,0
18608,18614885000,-40,1,1
18609,18615885000,-42,1,1
18610,18616885000,42,0,0
18611,18617885000,42,0,0
18612,18618885000,-42,1,1
18613,18619885000,-40,1,1
18614,18620885000,38,0,0
18615,18621885000,-38,1,1
18616,18622885000,38,0,0
18617,18623885000,-40,1,1
18618,18624885000,-46,1,1
18619,18625885000,-42,1,1
18620,18626885000,42,0,0
18621,18627885000,40,0,0
18622,18628885000,-40,1,1
18623,18629885000,40,0,0
18624,18630885000,46,0,0
18625,18631885000,40,0,0
18626,18632885000,-38,1,1
18627,18633885000,38,0,0
18628,18634885000,-40,1,1
18629,18635885000,-46,1,1
18630,18636885000,-42,1,1
18631,18637885000,42,0,0
18632,18638885000,40,0,0
18633,18639885000,-40,1,1
18634,18640885000,40,0,0
18635,18641885000,46,0,0
18636,18642885000,40,0,0
18637,18643885000,-38,1,1
18638,18644885000,38,0,0
18639,18645885000,-38,1,1
18640,18646885000,40,0,0
18641,18647885000,46,0,0
18642,18648885000,48,0,0
18643,18649885000,46,0,0
18644,18650885000,40,0,0
18645,18651885000,-38,1,1
18646,18652885000,38,0,0
18647,18653885000,-40,1,1
18648,18654885000,-46,1,1
18649,18655885000,-42,1,1
18650,18656885000,42,0,0
18651,18657885000,42,0,0
18652,18658885000,-42,1,1
18653,18659885000,-42,1,1
18654,18660885000,42,0,0
18655,18661885000,40,0,0
18656,18662885000,-38,1,1
18657,18663885000,38,0,0
18658,18664885000,-38,1,1
18659,18665885000,40,0,0
18660,18666885000,46,0,0
18661,18667885000,40,0,0
18662,18668885000,-38,1,1
18663,18669885000,38,0,0
18664,18670885000,-40,1,1
18665,18671885000,-46,1,1
18666,18672885000,-42,1,1
18667,18673885000,42,0,0
18668,18674885000,42,0,0
18669,18675885000,-42,1,1
18670,18676885000,-46,1,1
18671,18677885000,-48,1,1
18672,18678885000,-48,1,1
18673,18679885000,-46,1,1
18674,18680885000,-40,1,1
18675,18681885000,40,0,0
18676,18682885000,-40,1,1
18677,18683885000,-46,1,1
18678,18684885000,-42,1,1
18679,18685885000,42,0,0
18680,18686885000,46,0,0
18681,18687885000,48,0,0
18682,18688885000,48,0,0
18683,18689885000,46,0,0
18684,18690885000,42,0,0
18685,18691885000,-42,1,1
18686,18692885000,-46,1,1
18687,18693885000,-46,1,1
18688,18694885000,-40,1,1
18689,18695885000,40,0,0
18690,18696885000,-40,1,1
18691,18697885000,-42,1,1
18692,18698885000,42,0,0
18693,18699885000,46,0,0
18694,18700885000,42,0,0
18695,18701885000,-42,1,1
18696,18702885000,-46,1,1
18697,18703885000,-40,1,1
18698,18704885000,40,0,0
18699,18705885000,-40,1,1
18700,18706885000,-42,1,1
18701,18707885000,42,0,0
18702,18708885000,46,0,0
18703,18709885000,46,0,0
18704,18710885000,42,0,0
18705,18711885000,-42,1,1
18706,18712885000,-46,1,1
18707,18713885000,-40,1,1
18708,18714885000,38,0,0
18709,18715885000,-38,1,1
18710,18716885000,40,0,0
18711,18717885000,40,0,0
18712,18718885000,-40,1,1
18713,18719885000,40,0,0
18714,18720885000,46,0,0
18715,18721885000,46,0,0
18716,18722885000,42,0,0
18717,18723885000,-42,1,1
18718,18724885000,-46,1,1
18719,18725885000,-46,1,1
18720,18726885000,-42,1,1
18721,18727885000,42,0,0
18722,18728885000,46,0,0
18723,18729885000,46,0,0
18724,18730885000,40,0,0
18725,18731885000,-38,1,1
18726,18732885000,38,0,0
18727,18733885000,-38,1,1
18728,18734885000,38,0,0
18729,18735885000,-40,1,1
18730,18736885000,-42,1,1
18731,18737885000,42,0,0
18732,18738885000,46,0,0
18733,18739885000,48,0,0
18734,18740885000,48,0,0
18735,18741885000,48,0,0
18736,18742885000,46,0,0
18737,18743885000,40,0,0
18738,18744885000,-40,1,1
18739,18745885000,40,0,0
18740,18746885000,46,0,0
18741,18747885000,42,0,0
18742,18748885000,-42,1,1
18743,18749885000,-46,1,1
18744,18750885000,-42,1,1
18745,18751885000,42,0,0
18746,18752885000,40,0,0
18747,18753885000,-40,1,1
18748,18754885000,40,0,0
18749,18755885000,42,0,0
18750,18756885000,-42,1,1
18751,18757885000,-46,1,1
18752,18758885000,-40,1,1
18753,18759885000,40,0,0
18754,18760885000,-40,1,1
18755,18761885000,-46,1,1
18756,18762885000,-48,1,1
18757,18763885000,-46,1,1
18758,18764885000,-42,1,1
18759,18765885000,42,0,0
18760,18766885000,46,0,0
18761,18767885000,48,0,0
18762,18768885000,48,0,0
18763,18769885000,48,0,0
18764,18770885000,48,0,0
18765,18771885000,46,0,0
18766,18772885000,40,0,0
18767,18773885000,-38,1,1
18768,18774885000,38,0,0
18769,18775885000,-38,1,1
18770,18776885000,38,0,0
18771,18777885000,-40,1,1
18772,18778885000,-40,1,1
18773,18779885000,40,0,0
18774,18780885000,-40,1,1
18775,18781885000,-46,1,1
18776,18782885000,-48,1,1
18777,18783885000,-48,1,1
18778,18784885000,-46,1,1
18779,18785885000,-40,1,1
18780,18786885000,40,0,0
18781,18787885000,-40,1,1
18782,18788885000,-46,1,1
18783,18789885000,-40,1,1
18784,18790885000,38,0,0
18785,18791885000,-38,1,1
18786,18792885000,38,0,0
18787,18793885000,-38,1,1
18788,18794885000,38,0,0
18789,18795885000,-38,1,1
18790,18796885000,40,0,0
18791,18797885000,46,0,0
18792,18798885000,40,0,0
18793,18799885000,-40,1,1
18794,18800885000,40,0,0
18795,18801885000,40,0,0
18796,18802885000,-40,1,1
18797,18803885000,40,0,0
18798,18804885000,46,0,0
18799,18805885000,48,0,0
18800,18806885000,46,0,0
18801,18807885000,40,0,0
18802,18808885000,-40,1,1
18803,18809885000,40,0,0
18804,18810885000,40,0,0
18805,18811885000,-38,1,1
18806,18812885000,38,0,0
18807,18813885000,-40,1,1
18808,18814885000,-42,1,1
18809,18815885000,42,0,0
18810,18816885000,46,0,0
18811,18817885000,48,0,0
18812,18818885000,48,0,0
18813,18819885000,46,0,0
18814,18820885000,42,0,0
18815,18821885000,-42,1,1
18816,18822885000,-42,1,1
18817,18823885000,42,0,0
18818,18824885000,40,0,0
18819,18825885000,-40,1,1
18820,18826885000,40,0,0
18821,18827885000,40,0,0
18822,18828885000,-38,1,1
18823,18829885000,38,0,0
18824,18830885000,-40,1,1
18825,18831885000,-42,1,1
18826,18832885000,42,0,0
18827,18833885000,46,0,0
18828,18834885000,42,0,0
18829,18835885000,-42,1,1
18830,18836885000,-42,1,1
18831,18837885000,42,0,0
18832,18838885000,46,0,0
18833,18839885000,40,0,0
18834,18840885000,-38,1,1
18835,18841885000,38,0,0
18836,18842885000,-38,1,1
18837,18843885000,38,0,0
18838,18844885000,-38,1,1
18839,18845885000,40,0,0
18840,18846885000,40,0,0
18841,18847885000,-38,1,1
18842,18848885000,38,0,0
18843,18849885000,-38,1,1
18844,18850885000,40,0,0
18845,18851885000,46,0,0
18846,18852885000,46,0,0
18847,18853885000,40,0,0
18848,18854885000,-38,1,1
18849,18855885000,38,0,0
18850,18856885000,-40,1,1
18851,18857885000,-40,1,1
18852,18858885000,38,0,0
18853,18859885000,-38,1,1
18854,18860885000,38,0,0
18855,18861885000,-40,1,1
18856,18862885000,-42,1,1
18857,18863885000,42,0,0
18858,18864885000,40,0,0
18859,18865885000,-40,1,1
18860,18866885000,40,0,0
18861,18867885000,46,0,0
18862,18868885000,46,0,0
18863,18869885000,42,0,0
18864,18870885000,-42,1,1
18865,18871885000,-40,1,1
18866,18872885000,38,0,0
18867,18873885000,-38,1,1
18868,18874885000,38,0,0
18869,18875885000,-38,1,1
18870,18876885000,40,0,0
18871,18877885000,42,0,0
18872,18878885000,-42,1,1
18873,18879885000,-40,1,1
18874,18880885000,38,0,0
18875,18881885000,-38,1,1
18876,18882885000,38,0,0
18877,18883885000,-38,1,1
18878,18884885000,40,0,0
18879,18885885000,40,0,0
18880,18886885000,-38,1,1
18881,18887885000,38,0,0
18882,18888885000,-38,1,1
18883,18889885000,38,0,0
18884,18890885000,-38,1,1
18885,18891885000,38,0,0
18886,18892885000,-38,1,1
18887,18893885000,40,0,0
18888,18894885000,40,0,0
18889,18895885000,-40,1,1
18890,18896885000,40,0,0
18891,18897885000,46,0,0
18892,18898885000,46,0,0
18893,18899885000,40,0,0
18894,18900885000,-40,1,1
18895,18901885000,40,0,0
18896,18902885000,46,0,0
18897,18903885000,48,0,0
18898,18904885000,48,0,0
18899,18905885000,48,0,0
18900,18906885000,46,0,0
18901,18907885000,42,0,0
18902,18908885000,-42,1,1
18903,18909885000,-40,1,1
18904,18910885000,40,0,0
18905,18911885000,-40,1,1
18906,18912885000,-46,1,1
18907,18913885000,-40,1,1
18908,18914885000,40,0,0
18909,18915885000,-40,1,1
18910,18916885000,-46,1,1
18911,18917885000,-40,1,1
18912,18918885000,40,0,0
18913,18919885000,-40,1,1
18914,18920885000,-40,1,1
18915,18921885000,38,0,0
18916,18922885000,-38,1,1
18917,18923885000,40,0,0
18918,18924885000,40,0,0
18919,18925885000,-38,1,1
18920,18926885000,38,0,0
18921,18927885000,-40,1,1
18922,18928885000,-46,1,1
18923,18929885000,-48,1,1
18924,18930885000,-46,1,1
18925,18931885000,-40,1,1
18926,18932885000,38,0,0
18927,18933885000,-38,1,1
18928,18934885000,40,0,0
18929,18935885000,46,0,0
18930,18936885000,46,0,0
18931,18937885000,42,0,0
18932,18938885000,-42,1,1
18933,18939885000,-40,1,1
18934,18940885000,38,0,0
18935,18941885000,-38,1,1
18936,18942885000,40,0,0
18937,18943885000,40,0,0
18938,18944885000,-40,1,1
18939,18945885000,40,0,0
18940,18946885000,42,0,0
18941,18947885000,-42,1,1
18942,18948885000,-40,1,1
18943,18949885000,38,0,0
18944,18950885000,-38,1,1
18945,18951885000,38,0,0
18946,18952885000,-38,1,1
18947,18953885000,40,0,0
18948,18954885000,46,0,0
18949,18955885000,40,0,0
18950,18956885000,-40,1,1
18951,18957885000,40,0,0
18952,18958885000,46,0,0
18953,18959885000,48,0,0
18954,18960885000,46,0,0
18955,18961885000,40,0,0
18956,18962885000,-38,1,1
18957,18963885000,38,0,0
18958,18964885000,-38,1,1
18959,18965885000,38,0,0
18960,18966885000,-38,1,1
18961,18967885000,38,0,0
18962,18968885000,-38,1,1
18963,18969885000,38,0,0
18964,18970885000,-40,1,1
18965,18971885000,-40,1,1
18966,18972885000,40,0,0
18967,18973885000,-40,1,1
18968,18974885000,-42,1,1
18969,18975885000,42,0,0
18970,18976885000,40,0,0
18971,18977885000,-38,1,1
18972,18978885000,38,0,0
18973,18979885000,-38,1,1
18974,18980885000,40,0,0
18975,18981885000,40,0,0
18976,18982885000,-40,1,1
18977,18983885000,40,0,0
18978,18984885000,42,0,0
18979,18985885000,-42,1,1
18980,18986885000,-46,1,1
18981,18987885000,-40,1,1
18982,18988885000,38,0,0
18983,18989885000,-38,1,1
18984,18990885000,38,0,0
18985,18991885000,-38,1,1
18986,18992885000,40,0,0
18987,18993885000,46,0,0
18988,18994885000,42,0,0
18989,18995885000,-42,1,1
18990,18996885000,-42,1,1
18991,18997885000,42,0,0
18992,18998885000,46,0,0
18993,18999885000,40,0,0
18994,19000885000,-40,1,1
18995,19001885000,40,0,0
18996,19002885000,42,0,0
18997,19003885000,-42,1,1
18998,19004885000,-40,1,1
18999,19005885000,38,0,0
19000,19006885000,-38,1,1
19001,19007885000,40,0,0
19002,19008885000,46,0,0
19003,19009885000,48,0,0
19004,19010885000,48,0,0
19005,19011885000,48,0,0
19006,19012885000,48,0,0
19007,19013885000,46,0,0
19008,19014885000,42,0,0
19009,19015885000,-42,1,1
19010,19016885000,-42,1,1
19011,19017885000,42,0,0
19012,19018885000,46,0,0
19013,19019885000,42,0,0
19014,19020885000,-42,1,1
19015,19021885000,-46,1,1
19016,19022885000,-40,1,1
19017,19023885000,40,0,0
19018,19024885000,-40,1,1
19019,19025885000,-46,1,1
19020,19026885000,-42,1,1
19021,19027885000,42,0,0
19022,19028885000,40,0,0
19023,19029885000,-40,1,1
19024,19030885000,40,0,0
19025,19031885000,46,0,0
19026,19032885000,40,0,0
19027,19033885000,-40,1,1
19028,19034885000,40,0,0
19029,19035885000,40,0,0
19030,19036885000,-40,1,1
19031,19037885000,40,0,0
19032,19038885000,42,0,0
19033,19039885000,-42,1,1
19034,19040885000,-46,1,1
19035,19041885000,-42,1,1
19036,19042885000,42,0,0
19037,19043885000,46,0,0
19038,19044885000,46,0,0
19039,19045885000,42,0,0
19040,19046885000,-42,1,1
19041,19047885000,-40,1,1
19042,19048885000,38,0,0
19043,19049885000,-38,1,1
19044,19050885000,38,0,0
19045,19051885000,-38,1,1
19046,19052885000,40,0,0
19047,19053885000,40,0,0
19048,19054885000,-40,1,1
19049,19055885000,40,0,0
19050,19056885000,46,0,0
19051,19057885000,40,0,0
19052,19058885000,-38,1,1
19053,19059885000,38,0,0
19054,19060885000,-40,1,1
19055,19061885000,-46,1,1
19056,19062885000,-46,1,1
19057,19063885000,-42,1,1
19058,19064885000,42,0,0
19059,19065885000,40,0,0
19060,19066885000,-40,1,1
19061,19067885000,40,0,0
19062,19068885000,42,0,0
19063,19069885000,-42,1,1
19064,19070885000,-42,1,1
19065,19071885000,42,0,0
19066,19072885000,46,0,0
19067,19073885000,42,0,0
19068,19074885000,-42,1,1
19069,19075885000,-40,1,1
19070,19076885000,40,0,0
19071,19077885000,-40,1,1
19072,19078885000,-46,1,1
19073,19079885000,-40,1,1
19074,19080885000,40,0,0
19075,19081885000,-40,1,1
19076,19082885000,-46,1,1
19077,19083885000,-40,1,1
19078,19084885000,38,0,0
19079,19085885000,-38,1,1
19080,19086885000,40,0,0
19081,19087885000,42,0,0
19082,19088885000,-42,1,1
19083,19089885000,-40,1,1
19084,19090885000,40,0,0
19085,19091885000,-40,1,1
19086,19092885000,-42,1,1
19087,19093885000,42,0,0
19088,19094885000,42,0,0
19089,19095885000,-42,1,1
19090,19096885000,-46,1,1
19091,19097885000,-42,1,1
19092,19098885000,42,0,0
19093,19099885000,46,0,0
19094,19100885000,42,0,0
19095,19101885000,-42,1,1
19096,19102885000,-40,1,1
19097,19103885000,38,0,0
19098,19104885000,-38,1,1
19099,19105885000,40,0,0
19100,19106885000,42,0,0
19101,19107885000,-42,1,1
19102,19108885000,-46,1,1
19103,19109885000,-46,1,1
19104,19110885000,-40,1,1
19105,19111885000,40,0,0
19106,19112885000,-40,1,1
19107,19113885000,-40,1,1
19108,19114885000,40,0,0
19109,19115885000,-40,1,1
19110,19116885000,-40,1,1
19111,19117885000,38,0,0
19112,19118885000,-38,1,1
19113,19119885000,40,0,0
19114,19120885000,40,0,0
19115,19121885000,-40,1,1
19116,19122885000,40,0,0
19117,19123885000,40,0,0
19118,19124885000,-38,1,1
19119,19125885000,38,0,0
19120,19126885000,-38,1,1
19121,19127885000,38,0,0
19122,19128885000,-40,1,1
19123,19129885000,-40,1,1
19124,19130885000,40,0,0
19125,19131885000,-40,1,1
19126,19132885000,-42,1,1
19127,19133885000,42,0,0
19128,19134885000,46,0,0
19129,19135885000,46,0,0
19130,19136885000,42,0,0
19131,19137885000,-42,1,1
19132,19138885000,-42,1,1
19133,19139885000,42,0,0
19134,19140885000,46,0,0
19135,19141885000,42,0,0
19136,19142885000,-42,1,1
19137,19143885000,-40,1,1
19138,19144885000,40,0,0
19139,19145885000,-40,1,1
19140,19146885000,-46,1,1
19141,19147885000,-42,1,1
19142,19148885000,42,0,0
19143,19149885000,40,0,0
19144,19150885000,-40,1,1
19145,19151885000,40,0,0
19146,19152885000,40,0,0
19147,19153885000,-38,1,1
19148,19154885000,38,0,0
19149,19155885000,-38,1,1
19150,19156885000,40,0,0
19151,19157885000,42,0,0
19152,19158885000,-42,1,1
19153,19159885000,-42,1,1
19154,19160885000,42,0,0
19155,19161885000,42,0,0
19156,19162885000,-42,1,1
19157,19163885000,-46,1,1
19158,19164885000,-42,1,1
19159,19165885000,42,0,0
19160,19166885000,42,0,0
19161,19167885000,-42,1,1
19162,19168885000,-46,1,1
19163,19169885000,-46,1,1
19164,19170885000,-40,1,1
19165,19171885000,38,0,0
19166,19172885000,-38,1,1
19167,19173885000,40,0,0
19168,19174885000,40,0,0
19169,19175885000,-40,1,1
19170,19176885000,40,0,0
19171,19177885000,46,0,0
19172,19178885000,40,0,0
19173,19179885000,-40,1,1
19174,19180885000,40,0,0
19175,19181885000,42,0,0
19176,19182885000,-42,1,1
19177,19183885000,-46,1,1
19178,19184885000,-46,1,1
19179,19185885000,-42,1,1
19180,19186885000,42,0,0
19181,19187885000,42,0,0
19182,19188885000,-42,1,1
19183,19189885000,-40,1,1
19184,19190885000,40,0,0
19185,19191885000,-40,1,1
19186,19192885000,-46,1,1
19187,19193885000,-42,1,1
19188,19194885000,42,0,0
19189,19195885000,46,0,0
19190,19196885000,40,0,0
19191,19197885000,-38,1,1
19192,19198885000,38,0,0
19193,19199885000,-38,1,1
19194,19200885000,40,0,0
19195,19201885000,46,0,0
19196,19202885000,42,0,0
19197,19203885000,-42,1,1
19198,19204885000,-46,1,1
19199,19205885000,-48,1,1
19200,19206885000,-48,1,1
19201,19207885000,-48,1,1
19202,19208885000,-48,1,1
19203,19209885000,-48,1,1
19204,19210885000,-46,1,1
19205,19211885000,-42,1,1
19206,19212885000,42,0,0
19207,19213885000,46,0,0
19208,19214885000,48,0,0
19209,19215885000,48,0,0
19210,19216885000,48,0,0
19211,19217885000,48,0,0
19212,19218885000,48,0,0
19213,19219885000,48,0,0
19214,19220885000,46,0,0
19215,19221885000,42,0,0
19216,19222885000,-42,1,1
19217,19223885000,-40,1,1
19218,19224885000,40,0,0
19219,19225885000,-40,1,1
19220,19226885000,-46,1,1
19221,19227885000,-42,1,1
19222,19228885000,42,0,0
19223,19229885000,46,0,0
19224,19230885000,48,0,0
19225,19231885000,46,0,0
19226,19232885000,40,0,0
19227,19233885000,-40,1,1
19228,19234885000,40,0,0
19229,19235885000,46,0,0
19230,19236885000,46,0,0
19231,19237885000,40,0,0
19232,19238885000,-38,1,1
19233,19239885000,38,0,0
19234,19240885000,-40,1,1
19235,19241885000,-46,1,1
19236,19242885000,-42,1,1
19237,19243885000,42,0,0
19238,19244885000,46,0,0
19239,19245885000,42,0,0
19240,19246885000,-42,1,1
19241,19247885000,-40,1,1
19242,19248885000,40,0,0
19243,19249885000,-40,1,1
19244,19250885000,-40,1,1
19245,19251885000,40,0,0
19246,19252885000,-40,1,1
19247,19253885000,-46,1,1
19248,19254885000,-42,1,1
19249,19255885000,42,0,0
19250,19256885000,46,0,0
19251,19257885000,46,0,0
19252,19258885000,40,0,0
19253,19259885000,-40,1,1
19254,19260885000,40,0,0
19255,19261885000,40,0,0
19256,19262885000,-40,1,1
19257,19263885000,40,0,0
19258,19264885000,46,0,0
19259,19265885000,40,0,0
19260,19266885000,-40,1,1
19261,19267885000,40,0,0
19262,19268885000,46,0,0
19263,19269885000,46,0,0
19264,19270885000,40,0,0
19265,19271885000,-38,1,1
19266,19272885000,38,0,0
19267,19273885000,-38,1,1
19268,19274885000,38,0,0
19269,19275885000,-40,1,1
19270,19276885000,-46,1,1
19271,19277885000,-46,1,1
19272,19278885000,-40,1,1
19273,19279885000,40,0,0
19274,19280885000,-40,1,1
19275,19281885000,-42,1,1
19276,19282885000,42,0,0
19277,19283885000,46,0,0
19278,19284885000,48,0,0
19279,19285885000,48,0,0
19280,19286885000,46,0,0
19281,19287885000,40,0,0
19282,19288885000,-38,1,1
19283,19289885000,38,0,0
19284,19290885000,-40,1,1
19285,19291885000,-40,1,1
19286,19292885000,40,0,0
19287,19293885000,-40,1,1
19288,19294885000,-46,1,1
19289,19295885000,-46,1,1
19290,19296885000,-42,1,1
19291,19297885000,42,0,0
19292,19298885000,42,0,0
19293,19299885000,-42,1,1
19294,19300885000,-42,1,1
19295,19301885000,42,0,0
19296,19302885000,46,0,0
19297,19303885000,42,0,0
19298,19304885000,-42,1,1
19299,19305885000,-46,1,1
19300,19306885000,-48,1,1
19301,19307885000,-46,1,1
19302,19308885000,-40,1,1
19303,19309885000,40,0,0
19304,19310885000,-40,1,1
19305,19311885000,-42,1,1
19306,19312885000,42,0,0
19307,19313885000,46,0,0
19308,19314885000,46,0,0
19309,19315885000,40,0,0
19310,19316885000,-38,1,1
19311,19317885000,38,0,0
19312,19318885000,-40,1,1
19313,19319885000,-46,1,1
19314,19320885000,-42,1,1
19315,19321885000,42,0,0
19316,19322885000,42,0,0
19317,19323885000,-42,1,1
19318,19324885000,-40,1,1
19319,19325885000,38,0,0
19320,19326885000,-38,1,1
19321,19327885000,40,0,0
19322,19328885000,46,0,0
19323,19329885000,40,0,0
19324,19330885000,-38,1,1
19325,19331885000,38,0,0
19326,19332885000,-40,1,1
19327,19333885000,-46,1,1
19328,19334885000,-42,1,1
19329,19335885000,42,0,0
19330,19336885000,46,0,0
19331,19337885000,42,0,0
19332,19338885000,-42,1,1
19333,19339885000,-46,1,1
19334,19340885000,-48,1,1
19335,19341885000,-48,1,1
19336,19342885000,-48,1,1
19337,19343885000,-46,1,1
19338,19344885000,-40,1,1
19339,19345885000,38,0,0
19340,19346885000,-38,1,1
19341,19347885000,38,0,0
19342,19348885000,-40,1,1
19343,19349885000,-40,1,1
19344,19350885000,38,0,0
19345,19351885000,-38,1,1
19346,19352885000,40,0,0
19347,19353885000,46,0,0
19348,19354885000,48,0,0
19349,19355885000,46,0,0
19350,19356885000,42,0,0
19351,19357885000,-42,1,1
19352,19358885000,-42,1,1
19353,19359885000,42,0,0
19354,19360885000,46,0,0
19355,19361885000,40,0,0
19356,19362885000,-38,1,1
19357,19363885000,38,0,0
19358,19364885000,-38,1,1
19359,19365885000,40,0,0
19360,19366885000,46,0,0
19361,19367885000,46,0,0
19362,19368885000,42,0,0
19363,19369885000,-42,1,1
19364,19370885000,-46,1,1
19365,19371885000,-42,1,1
19366,19372885000,42,0,0
19367,19373885000,46,0,0
19368,19374885000,46,0,0
19369,19375885000,42,0,0
19370,19376885000,-42,1,1
19371,19377885000,-42,1,1
19372,19378885000,42,0,0
19373,19379885000,40,0,0
19374,19380885000,-40,1,1
19375,19381885000,40,0,0
19376,19382885000,40,0,0
19377,19383885000,-38,1,1
19378,19384885000,38,0,0
19379,19385885000,-38,1,1
19380,19386885000,40,0,0
19381,19387885000,40,0,0
19382,19388885000,-40,1,1
19383,19389885000,40,0,0
19384,19390885000,42,0,0
19385,19391885000,-42,1,1
19386,19392885000,-46,1,1
19387,19393885000,-42,1,1
19388,19394885000,42,0,0
19389,19395885000,40,0,0
19390,19396885000,-40,1,1
19391,19397885000,40,0,0
19392,19398885000,46,0,0
19393,19399885000,48,0,0
19394,19400885000,46,0,0
19395,19401885000,40,0,0
19396,19402885000,-38,1,1
19397,19403885000,38,0,0
19398,19404885000,-38,1,1
19399,19405885000,38,0,0
19400,19406885000,-40,1,1
19401,19407885000,-42,1,1
19402,19408885000,42,0,0
19403,19409885000,40,0,0
19404,19410885000,-40,1,1
19405,19411885000,40,0,0
19406,19412885000,46,0,0
19407,19413885000,42,0,0
19408,19414885000,-42,1,1
19409,19415885000,-42,1,1
19410,19416885000,42,0,0
19411,19417885000,42,0,0
19412,19418885000,-42,1,1
19413,19419885000,-40,1,1
19414,19420885000,40,0,0
19415,19421885000,-40,1,1
19416,19422885000,-42,1,1
19417,19423885000,42,0,0
19418,19424885000,42,0,0
19419,19425885000,-42,1,1
19420,19426885000,-46,1,1
19421,19427885000,-46,1,1
19422,19428885000,-42,1,1
19423,19429885000,42,0,0
19424,19430885000,46,0,0
19425,19431885000,48,0,0
19426,19432885000,48,0,0
19427,19433885000,46,0,0
19428,19434885000,40,0,0
19429,19435885000,-40,1,1
19430,19436885000,40,0,0
19431,19437885000,42,0,0
19432,19438885000,-42,1,1
19433,19439885000,-42,1,1
19434,19440885000,42,0,0
19435,19441885000,46,0,0
19436,19442885000,42,0,0
19437,19443885000,-42,1,1
19438,19444885000,-46,1,1
19439,19445885000,-48,1,1
19440,19446885000,-46,1,1
19441,19447885000,-42,1,1
19442,19448885000,42,0,0
19443,19449885000,46,0,0
19444,19450885000,42,0,0
19445,19451885000,-42,1,1
19446,19452885000,-46,1,1
19447,19453885000,-42,1,1
19448,19454885000,42,0,0
19449,19455885000,46,0,0
19450,19456885000,40,0,0
19451,19457885000,-40,1,1
19452,19458885000,40,0,0
19453,19459885000,46,0,0
19454,19460885000,40,0,0
19455,19461885000,-40,1,1
19456,19462885000,40,0,0
19457,19463885000,40,0,0
19458,19464885000,-40,1,1
19459,19465885000,40,0,0
19460,19466885000,46,0,0
19461,19467885000,42,0,0
19462,19468885000,-42,1,1
19463,19469885000,-46,1,1
19464,19470885000,-46,1,1
19465,19471885000,-40,1,1
19466,19472885000,40,0,0
19467,19473885000,-40,1,1
19468,19474885000,-42,1,1
19469,19475885000,42,0,0
19470,19476885000,46,0,0
19471,19477885000,48,0,0
19472,19478885000,48,0,0
19473,19479885000,48,0,0
19474,19480885000,46,0,0
19475,19481885000,40,0,0
19476,19482885000,-38,1,1
19477,19483885000,38,0,0
19478,19484885000,-38,1,1
19479,19485885000,38,0,0
19480,19486885000,-40,1,1
19481,19487885000,-42,1,1
19482,19488885000,42,0,0
19483,19489885000,46,0,0
19484,19490885000,40,0,0
19485,19491885000,-38,1,1
19486,19492885000,38,0,0
19487,19493885000,-38,1,1
19488,19494885000,40,0,0
19489,19495885000,46,0,0
19490,19496885000,46,0,0
19491,19497885000,40,0,0
19492,19498885000,-38,1,1
19493,19499885000,38,0,0
19494,19500885000,-40,1,1
19495,19501885000,-46,1,1
19496,19502885000,-40,1,1
19497,19503885000,38,0,0
19498,19504885000,-38,1,1
19499,19505885000,40,0,0
19500,19506885000,40,0,0
19501,19507885000,-38,1,1
19502,19508885000,38,0,0
19503,19509885000,-40,1,1
19504,19510885000,-42,1,1
19505,19511885000,42,0,0
19506,19512885000,40,0,0
19507,19513885000,-40,1,1
19508,19514885000,40,0,0
19509,19515885000,46,0,0
19510,19516885000,40,0,0
19511,19517885000,-38,1,1
19512,19518885000,38,0,0
19513,19519885000,-40,1,1
19514,19520885000,-46,1,1
19515,19521885000,-48,1,1
19516,19522885000,-48,1,1
19517,19523885000,-48,1,1
19518,19524885000,-48,1,1
19519,19525885000,-48,1,1
19520,19526885000,-48,1,1
19521,19527885000,-46,1,1
19522,19528885000,-40,1,1
19523,19529885000,38,0,0
19524,19530885000,-38,1,1
19525,19531885000,40,0,0
19526,19532885000,46,0,0
19527,19533885000,40,0,0
19528,19534885000,-40,1,1
19529,19535885000,40,0,0
19530,19536885000,40,0,0
19531,19537885000,-38,1,1
19532,19538885000,38,0,0
19533,19539885000,-40,1,1
19534,19540885000,-40,1,1
19535,19541885000,38,0,0
19536,19542885000,-38,1,1
19537,19543885000,40,0,0
19538,19544885000,46,0,0
19539,19545885000,48,0,0
19540,19546885000,46,0,0
19541,19547885000,40,0,0
19542,19548885000,-40,1,1
19543,19549885000,40,0,0
19544,19550885000,42,0,0
19545,19551885000,-42,1,1
19546,19552885000,-40,1,1
19547,19553885000,38,0,0
19548,19554885000,-38,1,1
19549,19555885000,38,0,0
19550,19556885000,-38,1,1
19551,19557885000,38,0,0
19552,19558885000,-40,1,1
19553,19559885000,-40,1,1
19554,19560885000,38,0,0
19555,19561885000,-38,1,1
19556,19562885000,38,0,0
19557,19563885000,-40,1,1
19558,19564885000,-46,1,1
19559,19565885000,-46,1,1
19560,19566885000,-42,1,1
19561,19567885000,42,0,0
19562,19568885000,42,0,0
19563,19569885000,-42,1,1
19564,19570885000,-46,1,1
19565,19571885000,-42,1,1
19566,19572885000,42,0,0
19567,19573885000,42,0,0
19568,19574885000,-42,1,1
19569,19575885000,-46,1,1
19570,19576885000,-48,1,1
19571,19577885000,-46,1,1
19572,19578885000,-40,1,1
19573,19579885000,38,0,0
19574,19580885000,-38,1,1
19575,19581885000,40,0,0
19576,19582885000,46,0,0
19577,19583885000,40,0,0
19578,19584885000,-40,1,1
19579,19585885000,40,0,0
19580,19586885000,46,0,0
19581,19587885000,40,0,0
19582,19588885000,-38,1,1
19583,19589885000,38,0,0
19584,19590885000,-38,1,1
19585,19591885000,40,0,0
19586,19592885000,40,0,0
19587,19593885000,-40,1,1
19588,19594885000,40,0,0
19589,19595885000,42,0,0
19590,19596885000,-42,1,1
19591,19597885000,-42,1,1
19592,19598885000,42,0,0
19593,19599885000,42,0,0
19594,19600885000,-42,1,1
19595,19601885000,-40,1,1
19596,19602885000,40,0,0
19597,19603885000,-40,1,1
19598,19604885000,-46,1,1
19599,19605885000,-40,1,1
19600,19606885000,38,0,0
19601,19607885000,-38,1,1
19602,19608885000,38,0,0
19603,19609885000,-38,1,1
19604,19610885000,38,0,0
19605,19611885000,-40,1,1
19606,19612885000,-42,1,1
19607,19613885000,42,0,0
19608,19614885000,46,0,0
19609,19615885000,42,0,0
19610,19616885000,-42,1,1
19611,19617885000,-40,1,1
19612,19618885000,38,0,0
19613,19619885000,-38,1,1
19614,19620885000,40,0,0
19615,19621885000,42,0,0
19616,19622885000,-42,1,1
19617,19623885000,-42,1,1
19618,19624885000,42,0,0
19619,19625885000,42,0,0
19620,19626885000,-42,1,1
19621,19627885000,-40,1,1
19622,19628885000,40,0,0
19623,19629885000,-40,1,1
19624,19630885000,-40,1,1
19625,19631885000,38,0,0
19626,19632885000,-38,1,1
19627,19633885000,38,0,0
19628,19634885000,-40,1,1
19629,19635885000,-46,1,1
19630,19636885000,-42,1,1
19631,19637885000,42,0,0
19632,19638885000,46,0,0
19633,19639885000,46,0,0
19634,19640885000,40,0,0
19635,19641885000,-38,1,1
19636,19642885000,38,0,0
19637,19643885000,-38,1,1
19638,19644885000,38,0,0
19639,19645885000,-38,1,1
19640,19646885000,38,0,0
19641,19647885000,-38,1,1
19642,19648885000,40,0,0
19643,19649885000,42,0,0
19644,19650885000,-42,1,1
19645,19651885000,-46,1,1
19646,19652885000,-48,1,1
19647,19653885000,-46,1,1
19648,19654885000,-42,1,1
19649,19655885000,42,0,0
19650,19656885000,42,0,0
19651,19657885000,-42,1,1
19652,19658885000,-40,1,1
19653,19659885000,40,0,0
19654,19660885000,-40,1,1
19655,19661885000,-40,1,1
19656,19662885000,38,0,0
19657,19663885000,-38,1,1
19658,19664885000,40,0,0
19659,19665885000,42,0,0
19660,19666885000,-42,1,1
19661,19667885000,-40,1,1
19662,19668885000,38,0,0
19663,19669885000,-38,1,1
19664,19670885000,40,0,0
19665,19671885000,42,0,0
19666,19672885000,-42,1,1
19667,19673885000,-40,1,1
19668,19674885000,40,0,0
19669,19675885000,-40,1,1
19670,19676885000,-46,1,1
19671,19677885000,-46,1,1
19672,19678885000,-42,1,1
19673,19679885000,42,0,0
19674,19680885000,40,0,0
19675,19681885000,-38,1,1
19676,19682885000,38,0,0
19677,19683885000,-38,1,1
19678,19684885000,38,0,0
19679,19685885000,-40,1,1
19680,19686885000,-42,1,1
19681,19687885000,42,0,0
19682,19688885000,46,0,0
19683,19689885000,48,0,0
19684,19690885000,48,0,0
19685,19691885000,46,0,0
19686,19692885000,42,0,0
19687,19693885000,-42,1,1
19688,19694885000,-42,1,1
19689,19695885000,42,0,0
19690,19696885000,42,0,0
19691,19697885000,-42,1,1
19692,19698885000,-46,1,1
19693,19699885000,-48,1,1
19694,19700885000,-48,1,1
19695,19701885000,-48,1,1
19696,19702885000,-46,1,1
19697,19703885000,-42,1,1
19698,19704885000,42,0,0
19699,19705885000,46,0,0
19700,19706885000,40,0,0
19701,19707885000,-40,1,1
19702,19708885000,40,0,0
19703,19709885000,46,0,0
19704,19710885000,48,0,0
19705,19711885000,48,0,0
19706,19712885000,48,0,0
19707,19713885000,48,0,0
19708,19714885000,48,0,0
19709,19715885000,48,0,0
19710,19716885000,48,0,0
19711,19717885000,48,0,0
19712,19718885000,46,0,0
19713,19719885000,42,0,0
19714,19720885000,-42,1,1
19715,19721885000,-40,1,1
19716,19722885000,38,0,0
19717,19723885000,-38,1,1
19718,19724885000,38,0,0
19719,19725885000,-38,1,1
19720,19726885000,38,0,0
19721,19727885000,-38,1,1
19722,19728885000,40,0,0
19723,19729885000,46,0,0
19724,19730885000,48,0,0
19725,19731885000,46,0,0
19726,19732885000,42,0,0
19727,19733885000,-42,1,1
19728,19734885000,-46,1,1
19729,19735885000,-40,1,1
19730,19736885000,40,0,0
19731,19737885000,-40,1,1
19732,19738885000,-42,1,1
19733,19739885000,42,0,0
19734,19740885000,40,0,0
19735,19741885000,-40,1,1
19736,19742885000,40,0,0
19737,19743885000,46,0,0
19738,19744885000,46,0,0
19739,19745885000,40,0,0
19740,19746885000,-38,1,1
19741,19747885000,38,0,0
19742,19748885000,-38,1,1
19743,19749885000,38,0,0
19744,19750885000,-40,1,1
19745,19751885000,-42,1,1
19746,19752885000,42,0,0
19747,19753885000,46,0,0
19748,19754885000,48,0,0
19749,19755885000,46,0,0
19750,19756885000,42,0,0
19751,19757885000,-42,1,1
19752,19758885000,-42,1,1
19753,19759885000,42,0,0
19754,19760885000,46,0,0
19755,19761885000,42,0,0
19756,19762885000,-42,1,1
19757,19763885000,-46,1,1
19758,19764885000,-42,1,1
19759,19765885000,42,0,0
19760,19766885000,46,0,0
19761,19767885000,46,0,0
19762,19768885000,42,0,0
19763,19769885000,-42,1,1
19764,19770885000,-46,1,1
19765,19771885000,-46,1,1
19766,19772885000,-40,1,1
19767,19773885000,40,0,0
19768,19774885000,-40,1,1
19769,19775885000,-42,1,1
19770,19776885000,42,0,0
19771,19777885000,40,0,0
19772,19778885000,-40,1,1
19773,19779885000,40,0,0
19774,19780885000,40,0,0
19775,19781885000,-38,1,1
19776,19782885000,38,0,0
19777,19783885000,-40,1,1
19778,19784885000,-42,1,1
19779,19785885000,42,0,0
19780,19786885000,46,0,0
19781,19787885000,46,0,0
19782,19788885000,40,0,0
19783,19789885000,-40,1,1
19784,19790885000,40,0,0
19785,19791885000,46,0,0
19786,19792885000,46,0,0
19787,19793885000,40,0,0
19788,19794885000,-38,1,1
19789,19795885000,38,0,0
19790,19796885000,-38,1,1
19791,19797885000,40,0,0
19792,19798885000,46,0,0
19793,19799885000,40,0,0
19794,19800885000,-38,1,1
19795,19801885000,38,0,0
19796,19802885000,-40,1,1
19797,19803885000,-46,1,1
19798,19804885000,-46,1,1
19799,19805885000,-40,1,1
19800,19806885000,38,0,0
19801,19807885000,-38,1,1
19802,19808885000,40,0,0
19803,19809885000,42,0,0
19804,19810885000,-42,1,1
19805,19811885000,-42,1,1
19806,19812885000,42,0,0
19807,19813885000,46,0,0
19808,19814885000,46,0,0
19809,19815885000,40,0,0
19810,19816885000,-40,1,1
19811,19817885000,40,0,0
19812,19818885000,46,0,0
19813,19819885000,40,0,0
19814,19820885000,-40,1,1
19815,19821885000,40,0,0
19816,19822885000,40,0,0
19817,19823885000,-40,1,1
19818,19824885000,40,0,0
19819,19825885000,40,0,0
19820,19826885000,-40,1,1
19821,19827885000,40,0,0
19822,19828885000,40,0,0
19823,19829885000,-38,1,1
19824,19830885000,38,0,0
19825,19831885000,-38,1,1
19826,19832885000,38,0,0
19827,19833885000,-38,1,1
19828,19834885000,38,0,0
19829,19835885000,-38,1,1
19830,19836885000,40,0,0
19831,19837885000,42,0,0
19832,19838885000,-42,1,1
19833,19839885000,-42,1,1
19834,19840885000,42,0,0
19835,19841885000,40,0,0
19836,19842885000,-40,1,1
19837,19843885000,40,0,0
19838,19844885000,40,0,0
19839,19845885000,-38,1,1
19840,19846885000,38,0,0
19841,19847885000,-38,1,1
19842,19848885000,38,0,0
19843,19849885000,-38,1,1
19844,19850885000,38,0,0
19845,19851885000,-38,1,1
19846,19852885000,38,0,0
19847,19853885000,-38,1,1
19848,19854885000,38,0,0
19849,19855885000,-38,1,1
19850,19856885000,40,0,0
19851,19857885000,40,0,0
19852,19858885000,-40,1,1
19853,19859885000,40,0,0
19854,19860885000,40,0,0
19855,19861885000,-38,1,1
19856,19862885000,38,0,0
19857,19863885000,-38,1,1
19858,19864885000,38,0,0
19859,19865885000,-40,1,1
19860,19866885000,-42,1,1
19861,19867885000,42,0,0
19862,19868885000,40,0,0
19863,19869885000,-40,1,1
19864,19870885000,40,0,0
19865,19871885000,46,0,0
19866,19872885000,48,0,0
19867,19873885000,48,0,0
19868,19874885000,48,0,0
19869,19875885000,46,0,0
19870,19876885000,42,0,0
19871,19877885000,-42,1,1
19872,19878885000,-46,1,1
19873,19879885000,-48,1,1
19874,19880885000,-46,1,1
19875,19881885000,-40,1,1
19876,19882885000,38,0,0
19877,19883885000,-38,1,1
19878,19884885000,38,0,0
19879,19885885000,-40,1,1
19880,19886885000,-42,1,1
19881,19887885000,42,0,0
19882,19888885000,46,0,0
19883,19889885000,48,0,0
19884,19890885000,46,0,0
19885,19891885000,42,0,0
19886,19892885000,-42,1,1
19887,19893885000,-46,1,1
19888,19894885000,-40,1,1
19889,19895885000,38,0,0
19890,19896885000,-38,1,1
19891,19897885000,38,0,0
19892,19898885000,-40,1,1
19893,19899885000,-46,1,1
19894,19900885000,-42,1,1
19895,19901885000,42,0,0
19896,19902885000,40,0,0
19897,19903885000,-38,1,1
19898,19904885000,38,0,0
19899,19905885000,-38,1,1
19900,19906885000,40,0,0
19901,19907885000,42,0,0
19902,19908885000,-42,1,1
19903,19909885000,-40,1,1
19904,19910885000,40,0,0
19905,19911885000,-40,1,1
19906,19912885000,-42,1,1
19907,19913885000,42,0,0
19908,19914885000,46,0,0
19909,19915885000,42,0,0
19910,19916885000,-42,1,1
19911,19917885000,-42,1,1
19912,19918885000,42,0,0
19913,19919885000,46,0,0
19914,19920885000,42,0,0
19915,19921885000,-42,1,1
19916,19922885000,-46,1,1
19917,19923885000,-46,1,1
19918,19924885000,-40,1,1
19919,19925885000,40,0,0
19920,19926885000,-40,1,1
19921,19927885000,-46,1,1
19922,19928885000,-48,1,1
19923,19929885000,-46,1,1
19924,19930885000,-42,1,1
19925,19931885000,42,0,0
19926,19932885000,42,0,0
19927,19933885000,-42,1,1
19928,19934885000,-46,1,1
19929,19935885000,-46,1,1
19930,19936885000,-42,1,1
19931,19937885000,42,0,0
19932,19938885000,46,0,0
19933,19939885000,46,0,0
19934,19940885000,40,0,0
19935,19941885000,-38,1,1
19936,19942885000,38,0,0
19937,19943885000,-38,1,1
19938,19944885000,38,0,0
19939,19945885000,-38,1,1
19940,19946885000,38,0,0
19941,19947885000,-38,1,1
19942,19948885000,40,0,0
19943,19949885000,46,0,0
19944,19950885000,46,0,0
19945,19951885000,40,0,0
19946,19952885000,-40,1,1
19947,19953885000,40,0,0
19948,19954885000,46,0,0
19949,19955885000,46,0,0
19950,19956885000,42,0,0
19951,19957885000,-42,1,1
19952,19958885000,-42,1,1
19953,19959885000,42,0,0
19954,19960885000,40,0,0
19955,19961885000,-38,1,1
19956,19962885000,38,0,0
19957,19963885000,-38,1,1
19958,19964885000,38,0,0
19959,19965885000,-38,1,1
19960,19966885000,38,0,0
19961,19967885000,-40,1,1
19962,19968885000,-40,1,1
19963,19969885000,38,0,0
19964,19970885000,-38,1,1
19965,19971885000,40,0,0
19966,19972885000,40,0,0
19967,19973885000,-40,1,1
19968,19974885000,40,0,0
19969,19975885000,46,0,0
19970,19976885000,46,0,0
19971,19977885000,40,0,0
19972,19978885000,-38,1,1
19973,19979885000,38,0,0
19974,19980885000,-40,1,1
19975,19981885000,-40,1,1
19976,19982885000,38,0,0
19977,19983885000,-38,1,1
19978,19984885000,40,0,0
19979,19985885000,46,0,0
19980,19986885000,42,0,0
19981,19987885000,-42,1,1
19982,19988885000,-40,1,1
19983,19989885000,40,0,0
19984,19990885000,-40,1,1
19985,19991885000,-46,1,1
19986,19992885000,-42,1,1
19987,19993885000,42,0,0
19988,19994885000,40,0,0
19989,19995885000,-40,1,1
19990,19996885000,40,0,0
19991,19997885000,46,0,0
19992,19998885000,48,0,0
19993,19999885000,46,0,0
19994,20000885000,40,0,0
19995,20001885000,-38,1,1
19996,20002885000,38,0,0
19997,20003885000,-40,1,1
19998,20004885000,-46,1,1
19999,20005885000,-42,1,1
20000,20006885000,42,0,0
20001,20007885000,46,0,0
20002,20008885000,40,0,0
20003,20009885000,-38,1,1
20004,20010885000,38,0,0
20005,20011885000,-40,1,1
20006,20012885000,-46,1,1
20007,20013885000,-42,1,1
20008,20014885000,42,0,0
20009,20015885000,46,0,0
20010,20016885000,40,0,0
20011,20017885000,-40,1,1
20012,20018885000,40,0,0
20013,20019885000,42,0,0
20014,20020885000,-42,1,1
20015,20021885000,-42,1,1
20016,20022885000,42,0,0
20017,20023885000,42,0,0
20018,20024885000,-42,1,1
20019,20025885000,-46,1,1
20020,20026885000,-42,1,1
20021,20027885000,42,0,0
20022,20028885000,46,0,0
20023,20029885000,46,0,0
20024,20030885000,42,0,0
20025,20031885000,-42,1,1
20026,20032885000,-46,1,1
20027,20033885000,-40,1,1
20028,20034885000,40,0,0
20029,20035885000,-40,1,1
20030,20036885000,-40,1,1
20031,20037885000,38,0,0
20032,20038885000,-38,1,1
20033,20039885000,40,0,0
20034,20040885000,46,0,0
20035,20041885000,46,0,0
20036,20042885000,42,0,0
20037,20043885000,-42,1,1
20038,20044885000,-46,1,1
20039,20045885000,-40,1,1
20040,20046885000,40,0,0
20041,20047885000,-40,1,1
20042,20048885000,-46,1,1
20043,20049885000,-40,1,1
20044,20050885000,38,0,0
20045,20051885000,-38,1,1
20046,20052885000,40,0,0
20047,20053885000,40,0,0
20048,20054885000,-38,1,1
20049,20055885000,38,0,0
20050,20056885000,-40,1,1
20051,20057885000,-40,1,1
20052,20058885000,38,0,0
20053,20059885000,-38,1,1
20054,20060885000,38,0,0
20055,20061885000,-40,1,1
20056,20062885000,-40,1,1
20057,20063885000,38,0,0
20058,20064885000,-38,1,1
20059,20065885000,38,0,0
20060,20066885000,-38,1,1
20061,20067885000,38,0,0
20062,20068885000,-40,1,1
20063,20069885000,-42,1,1
20064,20070885000,42,0,0
20065,20071885000,42,0,0
20066,20072885000,-42,1,1
20067,20073885000,-46,1,1
20068,20074885000,-40,1,1
20069,20075885000,38,0,0
20070,20076885000,-38,1,1
20071,20077885000,40,0,0
20072,20078885000,42,0,0
20073,20079885000,-42,1,1
20074,20080885000,-46,1,1
20075,20081885000,-48,1,1
20076,20082885000,-46,1,1
20077,20083885000,-40,1,1
20078,20084885000,40,0,0
20079,20085885000,-40,1,1
20080,20086885000,-46,1,1
20081,20087885000,-42,1,1
20082,20088885000,42,0,0
20083,20089885000,40,0,0
20084,20090885000,-40,1,1
20085,20091885000,40,0,0
20086,20092885000,46,0,0
20087,20093885000,48,0,0
20088,20094885000,48,0,0
20089,20095885000,48,0,0
20090,20096885000,46,0,0
20091,20097885000,42,0,0
20092,20098885000,-42,1,1
20093,20099885000,-40,1,1
20094,20100885000,38,0,0
20095,20101885000,-38,1,1
20096,20102885000,38,0,0
20097,20103885000,-38,1,1
20098,20104885000,40,0,0
20099,20105885000,40,0,0
20100,20106885000,-40,1,1
20101,20107885000,40,0,0
20102,20108885000,46,0,0
20103,20109885000,48,0,0
20104,20110885000,48,0,0
20105,20111885000,48,0,0
20106,20112885000,48,0,0
20107,20113885000,48,0,0
20108,20114885000,48,0,0
20109,20115885000,48,0,0
20110,20116885000,48,0,0
20111,20117885000,48,0,0
20112,20118885000,46,0,0
20113,20119885000,40,0,0
20114,20120885000,-40,1,1
20115,20121885000,40,0,0
20116,20122885000,42,0,0
20117,20123885000,-42,1,1
20118,20124885000,-42,1,1
20119,20125885000,42,0,0
20120,20126885000,46,0,0
20121,20127885000,42,0,0
20122,20128885000,-42,1,1
20123,20129885000,-40,1,1
20124,20130885000,40,0,0
20125,20131885000,-40,1,1
20126,20132885000,-46,1,1
20127,20133885000,-48,1,1
20128,20134885000,-46,1,1
20129,20135885000,-40,1,1
20130,20136885000,38,0,0
20131,20137885000,-38,1,1
20132,20138885000,38,0,0
20133,20139885000,-40,1,1
20134,20140885000,-46,1,1
20135,20141885000,-42,1,1
20136,20142885000,42,0,0
20137,20143885000,40,0,0
20138,20144885000,-40,1,1
20139,20145885000,40,0,0
20140,20146885000,42,0,0
20141,20147885000,-42,1,1
20142,20148885000,-46,1,1
20143,20149885000,-42,1,1
20144,20150885000,42,0,0
20145,20151885000,40,0,0
20146,20152885000,-38,1,1
20147,20153885000,38,0,0
20148,20154885000,-40,1,1
20149,20155885000,-46,1,1
20150,20156885000,-46,1,1
20151,20157885000,-42,1,1
20152,20158885000,42,0,0
20153,20159885000,46,0,0
20154,20160885000,48,0,0
20155,20161885000,46,0,0
20156,20162885000,42,0,0
20157,20163885000,-42,1,1
20158,20164885000,-46,1,1
20159,20165885000,-46,1,1
20160,20166885000,-40,1,1
20161,20167885000,38,0,0
20162,20168885000,-38,1,1
20163,20169885000,38,0,0
20164,20170885000,-40,1,1
20165,20171885000,-42,1,1
20166,20172885000,42,0,0
20167,20173885000,40,0,0
20168,20174885000,-40,1,1
20169,20175885000,40,0,0
20170,20176885000,46,0,0
20171,20177885000,42,0,0
20172,20178885000,-42,1,1
20173,20179885000,-42,1,1
20174,20180885000,42,0,0
20175,20181885000,42,0,0
20176,20182885000,-42,1,1
20177,20183885000,-40,1,1
20178,20184885000,40,0,0
20179,20185885000,-40,1,1
20180,20186885000,-42,1,1
20181,20187885000,42,0,0
20182,20188885000,40,0,0
20183,20189885000,-38,1,1
20184,20190885000,38,0,0
20185,20191885000,-40,1,1
20186,20192885000,-46,1,1
20187,20193885000,-46,1,1
20188,20194885000,-42,1,1
20189,20195885000,42,0,0
20190,20196885000,46,0,0
20191,20197885000,48,0,0
20192,20198885000,46,0,0
20193,20199885000,42,0,0
20194,20200885000,-42,1,1
20195,20201885000,-46,1,1
20196,20202885000,-48,1,1
20197,20203885000,-46,1,1
20198,20204885000,-42,1,1
20199,20205885000,42,0,0
20200,20206885000,42,0,0
20201,20207885000,-42,1,1
20202,20208885000,-46,1,1
20203,20209885000,-48,1,1
20204,20210885000,-48,1,1
20205,20211885000,-48,1,1
20206,20212885000,-46,1,1
20207,20213885000,-40,1,1
20208,20214885000,40,0,0
20209,20215885000,-40,1,1
20210,20216885000,-42,1,1
20211,20217885000,42,0,0
20212,20218885000,42,0,0
20213,20219885000,-42,1,1
20214,20220885000,-42,1,1
20215,20221885000,42,0,0
20216,20222885000,46,0,0
20217,20223885000,48,0,0
20218,20224885000,48,0,0
20219,20225885000,48,0,0
20220,20226885000,48,0,0
20221,20227885000,46,0,0
20222,20228885000,42,0,0
20223,20229885000,-42,1,1
20224,20230885000,-40,1,1
20225,20231885000,40,0,0
20226,20232885000,-40,1,1
20227,20233885000,-46,1,1
20228,20234885000,-40,1,1
20229,20235885000,40,0,0
20230,20236885000,-40,1,1
20231,20237885000,-46,1,1
20232,20238885000,-48,1,1
20233,20239885000,-48,1,1
20234,20240885000,-48,1,1
20235,20241885000,-46,1,1
20236,20242885000,-42,1,1
20237,20243885000,42,0,0
20238,20244885000,42,0,0
20239,20245885000,-42,1,1
20240,20246885000,-42,1,1
20241,20247885000,42,0,0
20242,20248885000,46,0,0
20243,20249885000,48,0,0
20244,20250885000,46,0,0
20245,20251885000,40,0,0
20246,20252885000,-40,1,1
20247,20253885000,40,0,0
20248,20254885000,46,0,0
20249,20255885000,42,0,0
20250,20256885000,-42,1,1
20251,20257885000,-40,1,1
20252,20258885000,38,0,0
20253,20259885000,-38,1,1
20254,20260885000,38,0,0
20255,20261885000,-40,1,1
20256,20262885000,-46,1,1
20257,20263885000,-40,1,1
20258,20264885000,40,0,0
20259,20265885000,-40,1,1
20260,20266885000,-40,1,1
20261,20267885000,38,0,0
20262,20268885000,-38,1,1
20263,20269885000,38,0,0
20264,20270885000,-40,1,1
20265,20271885000,-42,1,1
20266,20272885000,42,0,0
20267,20273885000,46,0,0
20268,20274885000,40,0,0
20269,20275885000,-38,1,1
20270,20276885000,38,0,0
20271,20277885000,-40,1,1
20272,20278885000,-46,1,1
20273,20279885000,-40,1,1
20274,20280885000,40,0,0
20275,20281885000,-40,1,1
20276,20282885000,-46,1,1
20277,20283885000,-48,1,1
20278,20284885000,-46,1,1
20279,20285885000,-40,1,1
20280,20286885000,38,0,0
20281,20287885000,-38,1,1
20282,20288885000,40,0,0
20283,20289885000,46,0,0
20284,20290885000,42,0,0
20285,20291885000,-42,1,1
20286,20292885000,-40,1,1
20287,20293885000,38,0,0
20288,20294885000,-38,1,1
20289,20295885000,40,0,0
20290,20296885000,40,0,0
20291,20297885000,-38,1,1
20292,20298885000,38,0,0
20293,20299885000,-40,1,1
20294,20300885000,-46,1,1
20295,20301885000,-42,1,1
20296,20302885000,42,0,0
20297,20303885000,46,0,0
20298,20304885000,46,0,0
20299,20305885000,40,0,0
20300,20306885000,-40,1,1
20301,20307885000,40,0,0
20302,20308885000,40,0,0
20303,20309885000,-40,1,1
20304,20310885000,40,0,0
20305,20311885000,40,0,0
20306,20312885000,-40,1,1
20307,20313885000,40,0,0
20308,20314885000,46,0,0
20309,20315885000,42,0,0
20310,20316885000,-42,1,1
20311,20317885000,-40,1,1
20312,20318885000,38,0,0
20313,20319885000,-38,1,1
20314,20320885000,38,0,0
20315,20321885000,-40,1,1
20316,20322885000,-40,1,1
20317,20323885000,40,0,0
20318,20324885000,-40,1,1
20319,20325885000,-42,1,1
20320,20326885000,42,0,0
20321,20327885000,42,0,0
20322,20328885000,-42,1,1
20323,20329885000,-42,1,1
20324,20330885000,42,0,0
20325,20331885000,40,0,0
20326,20332885000,-38,1,1
20327,20333885000,38,0,0
20328,20334885000,-40,1,1
20329,20335885000,-46,1,1
20330,20336885000,-48,1,1
20331,20337885000,-48,1,1
20332,20338885000,-48,1,1
20333,20339885000,-48,1,1
20334,20340885000,-48,1,1
20335,20341885000,-48,1,1
20336,20342885000,-46,1,1
20337,20343885000,-42,1,1
20338,20344885000,42,0,0
20339,20345885000,46,0,0
20340,20346885000,46,0,0
20341,20347885000,40,0,0
20342,20348885000,-40,1,1
20343,20349885000,40,0,0
20344,20350885000,42,0,0
20345,20351885000,-42,1,1
20346,20352885000,-46,1,1
20347,20353885000,-42,1,1
20348,20354885000,42,0,0
20349,20355885000,40,0,0
20350,20356885000,-40,1,1
20351,20357885000,40,0,0
20352,20358885000,46,0,0
20353,20359885000,40,0,0
20354,20360885000,-40,1,1
20355,20361885000,40,0,0
20356,20362885000,46,0,0
20357,20363885000,46,0,0
20358,20364885000,40,0,0
20359,20365885000,-38,1,1
20360,20366885000,38,0,0
20361,20367885000,-38,1,1
20362,20368885000,38,0,0
20363,20369885000,-40,1,1
20364,20370885000,-40,1,1
20365,20371885000,40,0,0
20366,20372885000,-40,1,1
20367,20373885000,-46,1,1
20368,20374885000,-42,1,1
20369,20375885000,42,0,0
20370,20376885000,42,0,0
20371,20377885000,-42,1,1
20372,20378885000,-40,1,1
20373,20379885000,40,0,0
20374,20380885000,-40,1,1
20375,20381885000,-40,1,1
20376,20382885000,40,0,0
20377,20383885000,-40,1,1
20378,20384885000,-40,1,1
20379,20385885000,38,0,0
20380,20386885000,-38,1,1
20381,20387885000,38,0,0
20382,20388885000,-40,1,1
20383,20389885000,-42,1,1
20384,20390885000,42,0,0
20385,20391885000,46,0,0
20386,20392885000,46,0,0
20387,20393885000,40,0,0
20388,20394885000,-40,1,1
20389,20395885000,40,0,0
20390,20396885000,46,0,0
20391,20397885000,42,0,0
20392,20398885000,-42,1,1
20393,20399885000,-46,1,1
20394,20400885000,-42,1,1
20395,20401885000,42,0,0
20396,20402885000,46,0,0
20397,20403885000,48,0,0
20398,20404885000,46,0,0
20399,20405885000,42,0,0
20400,20406885000,-42,1,1
20401,20407885000,-46,1,1
20402,20408885000,-40,1,1
20403,20409885000,40,0,0
20404,20410885000,-40,1,1
20405,20411885000,-42,1,1
20406,20412885000,42,0,0
20407,20413885000,40,0,0
20408,20414885000,-40,1,1
20409,20415885000,40,0,0
20410,20416885000,40,0,0
20411,20417885000,-38,1,1
20412,20418885000,38,0,0
20413,20419885000,-40,1,1
20414,20420885000,-42,1,1
20415,20421885000,42,0,0
20416,20422885000,40,0,0
20417,20423885000,-40,1,1
20418,20424885000,40,0,0
20419,20425885000,42,0,0
20420,20426885000,-42,1,1
20421,20427885000,-42,1,1
20422,20428885000,42,0,0
20423,20429885000,42,0,0
20424,20430885000,-42,1,1
20425,20431885000,-42,1,1
20426,20432885000,42,0,0
20427,20433885000,46,0,0
20428,20434885000,42,0,0
20429,20435885000,-42,1,1
20430,20436885000,-42,1,1
20431,20437885000,42,0,0
20432,20438885000,40,0,0
20433,20439885000,-38,1,1
20434,20440885000,38,0,0
20435,20441885000,-38,1,1
20436,20442885000,40,0,0
20437,20443885000,46,0,0
20438,20444885000,48,0,0
20439,20445885000,48,0,0
20440,20446885000,46,0,0
20441,20447885000,40,0,0
20442,20448885000,-40,1,1
20443,20449885000,40,0,0
20444,20450885000,42,0,0
20445,20451885000,-42,1,1
20446,20452885000,-46,1,1
20447,20453885000,-46,1,1
20448,20454885000,-40,1,1
20449,20455885000,40,0,0
20450,20456885000,-40,1,1
20451,20457885000,-46,1,1
20452,20458885000,-46,1,1
20453,20459885000,-42,1,1
20454,20460885000,42,0,0
20455,20461885000,40,0,0
20456,20462885000,-40,1,1
20457,20463885000,40,0,0
20458,20464885000,46,0,0
20459,20465885000,48,0,0
20460,20466885000,46,0,0
20461,20467885000,42,0,0
20462,20468885000,-42,1,1
20463,20469885000,-42,1,1
20464,20470885000,42,0,0
20465,20471885000,46,0,0
20466,20472885000,40,0,0
20467,20473885000,-38,1,1
20468,20474885000,38,0,0
20469,20475885000,-38,1,1
20470,20476885000,38,0,0
20471,20477885000,-40,1,1
20472,20478885000,-42,1,1
20473,20479885000,42,0,0
20474,20480885000,40,0,0
20475,20481885000,-38,1,1
20476,20482885000,38,0,0
20477,20483885000,-38,1,1
20478,20484885000,40,0,0
20479,20485885000,42,0,0
20480,20486885000,-42,1,1
20481,20487885000,-42,1,1
20482,20488885000,42,0,0
20483,20489885000,46,0,0
20484,20490885000,48,0,0
20485,20491885000,48,0,0
20486,20492885000,48,0,0
20487,20493885000,48,0,0
20488,20494885000,48,0,0
20489,20495885000,46,0,0
20490,20496885000,40,0,0
20491,20497885000,-38,1,1
20492,20498885000,38,0,0
20493,20499885000,-40,1,1
20494,20500885000,-42,1,1
20495,20501885000,42,0,0
20496,20502885000,40,0,0
20497,20503885000,-40,1,1
20498,20504885000,40,0,0
20499,20505885000,46,0,0
20500,20506885000,48,0,0
20501,20507885000,48,0,0
20502,20508885000,48,0,0
20503,20509885000,46,0,0
20504,20510885000,42,0,0
20505,20511885000,-42,1,1
20506,20512885000,-46,1,1
20507,20513885000,-46,1,1
20508,20514885000,-40,1,1
20509,20515885000,38,0,0
20510,20516885000,-38,1,1
20511,20517885000,40,0,0
20512,20518885000,40,0,0
20513,20519885000,-38,1,1
20514,20520885000,38,0,0
20515,20521885000,-40,1,1
20516,20522885000,-46,1,1
20517,20523885000,-46,1,1
20518,20524885000,-40,1,1
20519,20525885000,40,0,0
20520,20526885000,-40,1,1
20521,20527885000,-46,1,1
20522,20528885000,-40,1,1
20523,20529885000,38,0,0
20524,20530885000,-38,1,1
20525,20531885000,38,0,0
20526,20532885000,-40,1,1
20527,20533885000,-42,1,1
20528,20534885000,42,0,0
20529,20535885000,46,0,0
20530,20536885000,42,0,0
20531,20537885000,-42,1,1
20532,20538885000,-46,1,1
20533,20539885000,-40,1,1
20534,20540885000,38,0,0
20535,20541885000,-38,1,1
20536,20542885000,40,0,0
20537,20543885000,40,0,0
20538,20544885000,-40,1,1
20539,20545885000,40,0,0
20540,20546885000,42,0,0
20541,20547885000,-42,1,1
20542,20548885000,-46,1,1
20543,20549885000,-40,1,1
20544,20550885000,40,0,0
20545,20551885000,-40,1,1
20546,20552885000,-46,1,1
20547,20553885000,-48,1,1
20548,20554885000,-46,1,1
20549,20555885000,-40,1,1
20550,20556885000,38,0,0
20551,20557885000,-38,1,1
20552,20558885000,38,0,0
20553,20559885000,-38,1,1
20554,20560885000,40,0,0
20555,20561885000,46,0,0
20556,20562885000,48,0,0
20557,20563885000,46,0,0
20558,20564885000,40,0,0
20559,20565885000,-40,1,1
20560,20566885000,40,0,0
20561,20567885000,46,0,0
20562,20568885000,40,0,0
20563,20569885000,-40,1,1
20564,20570885000,40,0,0
20565,20571885000,40,0,0
20566,20572885000,-38,1,1
20567,20573885000,38,0,0
20568,20574885000,-40,1,1
20569,20575885000,-46,1,1
20570,20576885000,-48,1,1
20571,20577885000,-48,1,1
20572,20578885000,-46,1,1
20573,20579885000,-42,1,1
20574,20580885000,42,0,0
20575,20581885000,46,0,0
20576,20582885000,42,0,0
20577,20583885000,-42,1,1
20578,20584885000,-40,1,1
20579,20585885000,40,0,0
20580,20586885000,-40,1,1
20581,20587885000,-46,1,1
20582,20588885000,-40,1,1
20583,20589885000,38,0,0
20584,20590885000,-38,1,1
20585,20591885000,38,0,0
20586,20592885000,-40,1,1
20587,20593885000,-46,1,1
20588,20594885000,-46,1,1
20589,20595885000,-42,1,1
20590,20596885000,42,0,0
20591,20597885000,46,0,0
20592,20598885000,46,0,0
20593,20599885000,42,0,0
20594,20600885000,-42,1,1
20595,20601885000,-42,1,1
20596,20602885000,42,0,0
20597,20603885000,40,0,0
20598,20604885000,-40,1,1
20599,20605885000,40,0,0
20600,20606885000,46,0,0
20601,20607885000,40,0,0
20602,20608885000,-40,1,1
20603,20609885000,40,0,0
20604,20610885000,40,0,0
20605,20611885000,-40,1,1
20606,20612885000,40,0,0
20607,20613885000,40,0,0
20608,20614885000,-40,1,1
20609,20615885000,40,0,0
20610,20616885000,46,0,0
20611,20617885000,46,0,0
20612,20618885000,40,0,0
20613,20619885000,-40,1,1
20614,20620885000,40,0,0
20615,20621885000,46,0,0
20616,20622885000,42,0,0
20617,20623885000,-42,1,1
20618,20624885000,-46,1,1
20619,20625885000,-48,1,1
20620,20626885000,-48,1,1
20621,20627885000,-48,1,1
20622,20628885000,-46,1,1
20623,20629885000,-40,1,1
20624,20630885000,38,0,0
20625,20631885000,-38,1,1
20626,20632885000,38,0,0
20627,20633885000,-40,1,1
20628,20634885000,-40,1,1
20629,20635885000,38,0,0
20630,20636885000,-38,1,1
20631,20637885000,40,0,0
20632,20638885000,42,0,0
20633,20639885000,-42,1,1
20634,20640885000,-42,1,1
20635,20641885000,42,0,0
20636,20642885000,40,0,0
20637,20643885000,-38,1,1
20638,20644885000,38,0,0
20639,20645885000,-38,1,1
20640,20646885000,40,0,0
20641,20647885000,46,0,0
20642,20648885000,46,0,0
20643,20649885000,40,0,0
20644,20650885000,-38,1,1
20645,20651885000,38,0,0
20646,20652885000,-38,1,1
20647,20653885000,38,0,0
20648,20654885000,-38,1,1
20649,20655885000,40,0,0
20650,20656885000,46,0,0
20651,20657885000,48,0,0
20652,20658885000,46,0,0
20653,20659885000,40,0,0
20654,20660885000,-38,1,1
20655,20661885000,38,0,0
20656,20662885000,-40,1,1
20657,20663885000,-46,1,1
20658,20664885000,-46,1,1
20659,20665885000,-40,1,1
20660,20666885000,40,0,0
20661,20667885000,-40,1,1
20662,20668885000,-42,1,1
20663,20669885000,42,0,0
20664,20670885000,46,0,0
20665,20671885000,46,0,0
20666,20672885000,40,0,0
20667,20673885000,-38,1,1
20668,20674885000,38,0,0
20669,20675885000,-38,1,1
20670,20676885000,38,0,0
20671,20677885000,-40,1,1
20672,20678885000,-46,1,1
20673,20679885000,-42,1,1
20674,20680885000,42,0,0
20675,20681885000,40,0,0
20676,20682885000,-40,1,1
20677,20683885000,40,0,0
20678,20684885000,46,0,0
20679,20685885000,40,0,0
20680,20686885000,-38,1,1
20681,20687885000,38,0,0
20682,20688885000,-38,1,1
20683,20689885000,38,0,0
20684,20690885000,-38,1,1
20685,20691885000,38,0,0
20686,20692885000,-40,1,1
20687,20693885000,-40,1,1
20688,20694885000,38,0,0
20689,20695885000,-38,1,1
20690,20696885000,40,0,0
20691,20697885000,40,0,0
20692,20698885000,-38,1,1
20693,20699885000,38,0,0
20694,20700885000,-40,1,1
20695,20701885000,-40,1,1
20696,20702885000,38,0,0
20697,20703885000,-38,1,1
20698,20704885000,38,0,0
20699,20705885000,-40,1,1
20700,20706885000,-46,1,1
20701,20707885000,-40,1,1
20702,20708885000,38,0,0
20703,20709885000,-38,1,1
20704,20710885000,38,0,0
20705,20711885000,-40,1,1
20706,20712885000,-40,1,1
20707,20713885000,38,0,0
20708,20714885000,-38,1,1
20709,20715885000,40,0,0
20710,20716885000,42,0,0
20711,20717885000,-42,1,1
20712,20718885000,-46,1,1
20713,20719885000,-46,1,1
20714,20720885000,-40,1,1
20715,20721885000,38,0,0
20716,20722885000,-38,1,1
20717,20723885000,38,0,0
20718,20724885000,-40,1,1
20719,20725885000,-42,1,1
20720,20726885000,42,0,0
20721,20727885000,40,0,0
20722,20728885000,-40,1,1
20723,20729885000,40,0,0
20724,20730885000,42,0,0
20725,20731885000,-42,1,1
20726,20732885000,-42,1,1
20727,20733885000,42,0,0
20728,20734885000,42,0,0
20729,20735885000,-42,1,1
20730,20736885000,-42,1,1
20731,20737885000,42,0,0
20732,20738885000,46,0,0
20733,20739885000,46,0,0
20734,20740885000,40,0,0
20735,20741885000,-38,1,1
20736,20742885000,38,0,0
20737,20743885000,-38,1,1
20738,20744885000,40,0,0
20739,20745885000,40,0,0
20740,20746885000,-40,1,1
20741,20747885000,40,0,0
20742,20748885000,40,0,0
20743,20749885000,-38,1,1
20744,20750885000,38,0,0
20745,20751885000,-40,1,1
20746,20752885000,-40,1,1
20747,20753885000,38,0,0
20748,20754885000,-38,1,1
20749,20755885000,38,0,0
20750,20756885000,-38,1,1
20751,20757885000,40,0,0
20752,20758885000,46,0,0
20753,20759885000,48,0,0
20754,20760885000,48,0,0
20755,20761885000,46,0,0
20756,20762885000,42,0,0
20757,20763885000,-42,1,1
20758,20764885000,-42,1,1
20759,20765885000,42,0,0
20760,20766885000,46,0,0
20761,20767885000,48,0,0
20762,20768885000,48,0,0
20763,20769885000,48,0,0
20764,20770885000,48,0,0
20765,20771885000,46,0,0
20766,20772885000,40,0,0
20767,20773885000,-38,1,1
20768,20774885000,38,0,0
20769,20775885000,-38,1,1
20770,20776885000,40,0,0
20771,20777885000,46,0,0
20772,20778885000,48,0,0
20773,20779885000,48,0,0
20774,20780885000,48,0,0
20775,20781885000,46,0,0
20776,20782885000,40,0,0
20777,20783885000,-40,1,1
20778,20784885000,40,0,0
20779,20785885000,46,0,0
20780,20786885000,42,0,0
20781,20787885000,-42,1,1
20782,20788885000,-46,1,1
20783,20789885000,-48,1,1
20784,20790885000,-46,1,1
20785,20791885000,-40,1,1
20786,20792885000,40,0,0
20787,20793885000,-40,1,1
20788,20794885000,-40,1,1
20789,20795885000,38,0,0
20790,20796885000,-38,1,1
20791,20797885000,40,0,0
20792,20798885000,40,0,0
20793,20799885000,-38,1,1
20794,20800885000,38,0,0
20795,20801885000,-38,1,1
20796,20802885000,38,0,0
20797,20803885000,-40,1,1
20798,20804885000,-40,1,1
20799,20805885000,40,0,0
20800,20806885000,-40,1,1
20801,20807885000,-46,1,1
20802,20808885000,-46,1,1
20803,20809885000,-40,1,1
20804,20810885000,40,0,0
20805,20811885000,-40,1,1
20806,20812885000,-46,1,1
20807,20813885000,-46,1,1
20808,20814885000,-40,1,1
20809,20815885000,38,0,0
20810,20816885000,-38,1,1
20811,20817885000,38,0,0
20812,20818885000,-38,1,1
20813,20819885000,40,0,0
20814,20820885000,40,0,0
20815,20821885000,-40,1,1
20816,20822885000,40,0,0
20817,20823885000,46,0,0
20818,20824885000,46,0,0
20819,20825885000,40,0,0
20820,20826885000,-38,1,1
20821,20827885000,38,0,0
20822,20828885000,-38,1,1
20823,20829885000,40,0,0
20824,20830885000,40,0,0
20825,20831885000,-38,1,1
20826,20832885000,38,0,0
20827,20833885000,-38,1,1
20828,20834885000,38,0,0
20829,20835885000,-38,1,1
20830,20836885000,38,0,0
20831,20837885000,-38,1,1
20832,20838885000,38,0,0
20833,20839885000,-40,1,1
20834,20840885000,-40,1,1
20835,20841885000,38,0,0
20836,20842885000,-38,1,1
20837,20843885000,38,0,0
20838,20844885000,-38,1,1
20839,20845885000,38,0,0
20840,20846885000,-38,1,1
20841,20847885000,40,0,0
20842,20848885000,40,0,0
20843,20849885000,-40,1,1
20844,20850885000,40,0,0
20845,20851885000,46,0,0
20846,20852885000,40,0,0
20847,20853885000,-38,1,1
20848,20854885000,38,0,0
20849,20855885000,-38,1,1
20850,20856885000,38,0,0
20851,20857885000,-40,1,1
20852,20858885000,-42,1,1
20853,20859885000,42,0,0
20854,20860885000,46,0,0
20855,20861885000,48,0,0
20856,20862885000,48,0,0
20857,20863885000,48,0,0
20858,20864885000,48,0,0
20859,20865885000,48,0,0
20860,20866885000,46,0,0
20861,20867885000,40,0,0
20862,20868885000,-40,1,1
20863,20869885000,40,0,0
20864,20870885000,46,0,0
20865,20871885000,46,0,0
20866,20872885000,40,0,0
20867,20873885000,-38,1,1
20868,20874885000,38,0,0
20869,20875885000,-40,1,1
20870,20876885000,-46,1,1
20871,20877885000,-40,1,1
20872,20878885000,38,0,0
20873,20879885000,-38,1,1
20874,20880885000,40,0,0
20875,20881885000,46,0,0
20876,20882885000,46,0,0
20877,20883885000,40,0,0
20878,20884885000,-40,1,1
20879,20885885000,40,0,0
20880,20886885000,46,0,0
20881,20887885000,46,0,0
20882,20888885000,40,0,0
20883,20889885000,-40,1,1
20884,20890885000,40,0,0
20885,20891885000,46,0,0
20886,20892885000,42,0,0
20887,20893885000,-42,1,1
20888,20894885000,-46,1,1
20889,20895885000,-40,1,1
20890,20896885000,38,0,0
20891,20897885000,-38,1,1
20892,20898885000,40,0,0
20893,20899885000,42,0,0
20894,20900885000,-42,1,1
20895,20901885000,-46,1,1
20896,20902885000,-46,1,1
20897,20903885000,-42,1,1
20898,20904885000,42,0,0
20899,20905885000,42,0,0
20900,20906885000,-42,1,1
20901,20907885000,-46,1,1
20902,20908885000,-48,1,1
20903,20909885000,-46,1,1
20904,20910885000,-42,1,1
20905,20911885000,42,0,0
20906,20912885000,40,0,0
20907,20913885000,-38,1,1
20908,20914885000,38,0,0
20909,20915885000,-40,1,1
20910,20916885000,-46,1,1
20911,20917885000,-42,1,1
20912,20918885000,42,0,0
20913,20919885000,46,0,0
20914,20920885000,48,0,0
20915,20921885000,48,0,0
20916,20922885000,46,0,0
20917,20923885000,42,0,0
20918,20924885000,-42,1,1
20919,20925885000,-40,1,1
20920,20926885000,38,0,0
20921,20927885000,-38,1,1
20922,20928885000,38,0,0
20923,20929885000,-38,1,1
20924,20930885000,40,0,0
20925,20931885000,40,0,0
20926,20932885000,-40,1,1
20927,20933885000,40,0,0
20928,20934885000,40,0,0
20929,20935885000,-40,1,1
20930,20936885000,40,0,0
20931,20937885000,42,0,0
20932,20938885000,-42,1,1
20933,20939885000,-40,1,1
20934,20940885000,38,0,0
20935,20941885000,-38,1,1
20936,20942885000,38,0,0
20937,20943885000,-40,1,1
20938,20944885000,-46,1,1
20939,20945885000,-48,1,1
20940,20946885000,-48,1,1
20941,20947885000,-48,1,1
20942,20948885000,-48,1,1
20943,20949885000,-48,1,1
20944,20950885000,-46,1,1
20945,20951885000,-40,1,1
20946,20952885000,38,0,0
20947,20953885000,-38,1,1
20948,20954885000,40,0,0
20949,20955885000,46,0,0
20950,20956885000,40,0,0
20951,20957885000,-38,1,1
20952,20958885000,38,0,0
20953,20959885000,-38,1,1
20954,20960885000,38,0,0
20955,20961885000,-38,1,1
20956,20962885000,40,0,0
20957,20963885000,46,0,0
20958,20964885000,42,0,0
20959,20965885000,-42,1,1
20960,20966885000,-40,1,1
20961,20967885000,38,0,0
20962,20968885000,-38,1,1
20963,20969885000,40,0,0
20964,20970885000,46,0,0
20965,20971885000,42,0,0
20966,20972885000,-42,1,1
20967,20973885000,-46,1,1
20968,20974885000,-40,1,1
20969,20975885000,40,0,0
20970,20976885000,-40,1,1
20971,20977885000,-40,1,1
20972,20978885000,40,0,0
20973,20979885000,-40,1,1
20974,20980885000,-46,1,1
20975,20981885000,-40,1,1
20976,20982885000,40,0,0
20977,20983885000,-40,1,1
20978,20984885000,-46,1,1
20979,20985885000,-48,1,1
20980,20986885000,-48,1,1
20981,20987885000,-48,1,1
20982,20988885000,-46,1,1
20983,20989885000,-40,1,1
20984,20990885000,38,0,0
20985,20991885000,-38,1,1
20986,20992885000,40,0,0
20987,20993885000,42,0,0
20988,20994885000,-42,1,1
20989,20995885000,-42,1,1
20990,20996885000,42,0,0
20991,20997885000,46,0,0
20992,20998885000,40,0,0
20993,20999885000,-38,1,1
20994,21000885000,38,0,0
20995,21001885000,-38,1,1
20996,21002885000,40,0,0
20997,21003885000,46,0,0
20998,21004885000,46,0,0
20999,21005885000,42,0,0
21000,21006885000,-42,1,1
21001,21007885000,-42,1,1
21002,21008885000,42,0,0
21003,21009885000,42,0,0
21004,21010885000,-42,1,1
21005,21011885000,-42,1,1
21006,21012885000,42,0,0
21007,21013885000,40,0,0
21008,21014885000,-40,1,1
21009,21015885000,40,0,0
21010,21016885000,40,0,0
21011,21017885000,-40,1,1
21012,21018885000,40,0,0
21013,21019885000,42,0,0
21014,21020885000,-42,1,1
21015,21021885000,-46,1,1
21016,21022885000,-48,1,1
21017,21023885000,-48,1,1
21018,21024885000,-46,1,1
21019,21025885000,-40,1,1
21020,21026885000,40,0,0
21021,21027885000,-40,1,1
21022,21028885000,-46,1,1
21023,21029885000,-48,1,1
21024,21030885000,-46,1,1
21025,21031885000,-40,1,1
21026,21032885000,40,0,0
21027,21033885000,-40,1,1
21028,21034885000,-40,1,1
21029,21035885000,38,0,0
21030,21036885000,-38,1,1
21031,21037885000,40,0,0
21032,21038885000,40,0,0
21033,21039885000,-40,1,1
21034,21040885000,40,0,0
21035,21041885000,42,0,0
21036,21042885000,-42,1,1
21037,21043885000,-42,1,1
21038,21044885000,42,0,0
21039,21045885000,46,0,0
21040,21046885000,48,0,0
21041,21047885000,48,0,0
21042,21048885000,48,0,0
21043,21049885000,46,0,0
21044,21050885000,40,0,0
21045,21051885000,-40,1,1
21046,21052885000,40,0,0
21047,21053885000,40,0,0
21048,21054885000,-40,1,1
21049,21055885000,40,0,0
21050,21056885000,46,0,0
21051,21057885000,46,0,0
21052,21058885000,40,0,0
21053,21059885000,-40,1,1
21054,21060885000,40,0,0
21055,21061885000,40,0,0
21056,21062885000,-40,1,1
21057,21063885000,40,0,0
21058,21064885000,42,0,0
21059,21065885000,-42,1,1
21060,21066885000,-46,1,1
21061,21067885000,-40,1,1
21062,21068885000,40,0,0
21063,21069885000,-40,1,1
21064,21070885000,-40,1,1
21065,21071885000,40,0,0
21066,21072885000,-40,1,1
21067,21073885000,-46,1,1
21068,21074885000,-46,1,1
21069,21075885000,-40,1,1
21070,21076885000,40,0,0
21071,21077885000,-40,1,1
21072,21078885000,-46,1,1
21073,21079885000,-46,1,1
21074,21080885000,-42,1,1
21075,21081885000,42,0,0
21076,21082885000,46,0,0
21077,21083885000,40,0,0
21078,21084885000,-40,1,1
21079,21085885000,40,0,0
21080,21086885000,42,0,0
21081,21087885000,-42,1,1
21082,21088885000,-40,1,1
21083,21089885000,38,0,0
21084,21090885000,-38,1,1
21085,21091885000,38,0,0
21086,21092885000,-38,1,1
21087,21093885000,40,0,0
21088,21094885000,46,0,0
21089,21095885000,48,0,0
21090,21096885000,46,0,0
21091,21097885000,40,0,0
21092,21098885000,-38,1,1
21093,21099885000,38,0,0
21094,21100885000,-40,1,1
21095,21101885000,-46,1,1
21096,21102885000,-40,1,1
21097,21103885000,40,0,0
21098,21104885000,-40,1,1
21099,21105885000,-46,1,1
21100,21106885000,-42,1,1
21101,21107885000,42,0,0
21102,21108885000,46,0,0
21103,21109885000,48,0,0
21104,21110885000,48,0,0
21105,21111885000,46,0,0
21106,21112885000,40,0,0
21107,21113885000,-38,1,1
21108,21114885000,38,0,0
21109,21115885000,-40,1,1
21110,21116885000,-46,1,1
21111,21117885000,-48,1,1
21112,21118885000,-46,1,1
21113,21119885000,-40,1,1
21114,21120885000,40,0,0
21115,21121885000,-40,1,1
21116,21122885000,-40,1,1
21117,21123885000,38,0,0
21118,21124885000,-38,1,1
21119,21125885000,38,0,0
21120,21126885000,-38,1,1
21121,21127885000,40,0,0
21122,21128885000,40,0,0
21123,21129885000,-38,1,1
21124,21130885000,38,0,0
21125,21131885000,-38,1,1
21126,21132885000,38,0,0
21127,21133885000,-40,1,1
21128,21134885000,-46,1,1
21129,21135885000,-48,1,1
21130,21136885000,-48,1,1
21131,21137885000,-48,1,1
21132,21138885000,-46,1,1
21133,21139885000,-42,1,1
21134,21140885000,42,0,0
21135,21141885000,42,0,0
21136,21142885000,-42,1,1
21137,21143885000,-40,1,1
21138,21144885000,38,0,0
21139,21145885000,-38,1,1
21140,21146885000,38,0,0
21141,21147885000,-38,1,1
21142,21148885000,38,0,0
21143,21149885000,-38,1,1
21144,21150885000,38,0,0
21145,21151885000,-40,1,1
21146,21152885000,-46,1,1
21147,21153885000,-48,1,1
21148,21154885000,-48,1,1
21149,21155885000,-46,1,1
21150,21156885000,-40,1,1
21151,21157885000,38,0,0
21152,21158885000,-38,1,1
21153,21159885000,40,0,0
21154,21160885000,40,0,0
21155,21161885000,-40,1,1
21156,21162885000,40,0,0
21157,21163885000,46,0,0
21158,21164885000,48,0,0
21159,21165885000,46,0,0
21160,21166885000,42,0,0
21161,21167885000,-42,1,1
21162,21168885000,-42,1,1
21163,21169885000,42,0,0
21164,21170885000,46,0,0
21165,21171885000,46,0,0
21166,21172885000,42,0,0
21167,21173885000,-42,1,1
21168,21174885000,-42,1,1
21169,21175885000,42,0,0
21170,21176885000,46,0,0
21171,21177885000,40,0,0
21172,21178885000,-40,1,1
21173,21179885000,40,0,0
21174,21180885000,42,0,0
21175,21181885000,-42,1,1
21176,21182885000,-46,1,1
21177,21183885000,-46,1,1
21178,21184885000,-42,1,1
21179,21185885000,42,0,0
21180,21186885000,46,0,0
21181,21187885000,40,0,0
21182,21188885000,-40,1,1
21183,21189885000,40,0,0
21184,21190885000,46,0,0
21185,21191885000,48,0,0
21186,21192885000,46,0,0
21187,21193885000,42,0,0
21188,21194885000,-42,1,1
21189,21195885000,-46,1,1
21190,21196885000,-40,1,1
21191,21197885000,38,0,0
21192,21198885000,-38,1,1
21193,21199885000,40,0,0
21194,21200885000,42,0,0
21195,21201885000,-42,1,1
21196,21202885000,-42,1,1
21197,21203885000,42,0,0
21198,21204885000,46,0,0
21199,21205885000,42,0,0
21200,21206885000,-42,1,1
21201,21207885000,-42,1,1
21202,21208885000,42,0,0
21203,21209885000,42,0,0
21204,21210885000,-42,1,1
21205,21211885000,-46,1,1
21206,21212885000,-42,1,1
21207,21213885000,42,0,0
21208,21214885000,46,0,0
21209,21215885000,40,0,0
21210,21216885000,-38,1,1
21211,21217885000,38,0,0
21212,21218885000,-40,1,1
21213,21219885000,-46,1,1
21214,21220885000,-48,1,1
21215,21221885000,-48,1,1
21216,21222885000,-48,1,1
21217,21223885000,-48,1,1
21218,21224885000,-48,1,1
21219,21225885000,-48,1,1
21220,21226885000,-46,1,1
21221,21227885000,-40,1,1
21222,21228885000,38,0,0
21223,21229885000,-38,1,1
21224,21230885000,38,0,0
21225,21231885000,-40,1,1
21226,21232885000,-46,1,1
21227,21233885000,-42,1,1
21228,21234885000,42,0,0
21229,21235885000,40,0,0
21230,21236885000,-40,1,1
21231,21237885000,40,0,0
21232,21238885000,42,0,0
21233,21239885000,-42,1,1
21234,21240885000,-46,1,1
21235,21241885000,-42,1,1
21236,21242885000,42,0,0
21237,21243885000,40,0,0
21238,21244885000,-40,1,1
21239,21245885000,40,0,0
21240,21246885000,46,0,0
21241,21247885000,48,0,0
21242,21248885000,46,0,0
21243,21249885000,40,0,0
21244,21250885000,-38,1,1
21245,21251885000,38,0,0
21246,21252885000,-40,1,1
21247,21253885000,-40,1,1
21248,21254885000,38,0,0
21249,21255885000,-38,1,1
21250,21256885000,40,0,0
21251,21257885000,46,0,0
21252,21258885000,48,0,0
21253,21259885000,48,0,0
21254,21260885000,48,0,0
21255,21261885000,48,0,0
21256,21262885000,48,0,0
21257,21263885000,46,0,0
21258,21264885000,40,0,0
21259,21265885000,-40,1,1
21260,21266885000,40,0,0
21261,21267885000,46,0,0
21262,21268885000,40,0,0
21263,21269885000,-40,1,1
21264,21270885000,40,0,0
21265,21271885000,46,0,0
21266,21272885000,46,0,0
21267,21273885000,40,0,0
21268,21274885000,-40,1,1
21269,21275885000,40,0,0
21270,21276885000,46,0,0
21271,21277885000,40,0,0
21272,21278885000,-38,1,1
21273,21279885000,38,0,0
21274,21280885000,-40,1,1
21275,21281885000,-42,1,1
21276,21282885000,42,0,0
21277,21283885000,46,0,0
21278,21284885000,42,0,0
21279,21285885000,-42,1,1
21280,21286885000,-46,1,1
21281,21287885000,-42,1,1
21282,21288885000,42,0,0
21283,21289885000,46,0,0
21284,21290885000,40,0,0
21285,21291885000,-38,1,1
21286,21292885000,38,0,0
21287,21293885000,-38,1,1
21288,21294885000,38,0,0
21289,21295885000,-38,1,1
21290,21296885000,40,0,0
21291,21297885000,46,0,0
21292,21298885000,48,0,0
21293,21299885000,48,0,0
21294,21300885000,48,0,0
21295,21301885000,46,0,0
21296,21302885000,40,0,0
21297,21303885000,-40,1,1
21298,21304885000,40,0,0
21299,21305885000,46,0,0
21300,21306885000,40,0,0
21301,21307885000,-40,1,1
21302,21308885000,40,0,0
21303,21309885000,46,0,0
21304,21310885000,40,0,0
21305,21311885000,-38,1,1
21306,21312885000,38,0,0
21307,21313885000,-40,1,1
21308,21314885000,-46,1,1
21309,21315885000,-46,1,1
21310,21316885000,-40,1,1
21311,21317885000,38,0,0
21312,21318885000,-38,1,1
21313,21319885000,38,0,0
21314,21320885000,-40,1,1
21315,21321885000,-40,1,1
21316,21322885000,38,0,0
21317,21323885000,-38,1,1
21318,21324885000,38,0,0
21319,21325885000,-38,1,1
21320,21326885000,38,0,0
21321,21327885000,-38,1,1
21322,21328885000,40,0,0
21323,21329885000,40,0,0
21324,21330885000,-38,1,1
21325,21331885000,38,0,0
21326,21332885000,-40,1,1
21327,21333885000,-42,1,1
21328,21334885000,42,0,0
21329,21335885000,46,0,0
21330,21336885000,46,0,0
21331,21337885000,40,0,0
21332,21338885000,-38,1,1
21333,21339885000,38,0,0
21334,21340885000,-38,1,1
21335,21341885000,38,0,0
21336,21342885000,-40,1,1
21337,21343885000,-42,1,1
21338,21344885000,42,0,0
21339,21345885000,46,0,0
21340,21346885000,46,0,0
21341,21347885000,40,0,0
21342,21348885000,-38,1,1
21343,21349885000,38,0,0
21344,21350885000,-40,1,1
21345,21351885000,-42,1,1
21346,21352885000,42,0,0
21347,21353885000,46,0,0
21348,21354885000,42,0,0
21349,21355885000,-42,1,1
21350,21356885000,-42,1,1
21351,21357885000,42,0,0
21352,21358885000,46,0,0
21353,21359885000,42,0,0
21354,21360885000,-42,1,1
21355,21361885000,-46,1,1
21356,21362885000,-48,1,1
21357,21363885000,-48,1,1
21358,21364885000,-46,1,1
21359,21365885000,-40,1,1
21360,21366885000,40,0,0
21361,21367885000,-40,1,1
21362,21368885000,-42,1,1
21363,21369885000,42,0,0
21364,21370885000,46,0,0
21365,21371885000,46,0,0
21366,21372885000,40,0,0
21367,21373885000,-38,1,1
21368,21374885000,38,0,0
21369,21375885000,-40,1,1
21370,21376885000,-46,1,1
21371,21377885000,-42,1,1
21372,21378885000,42,0,0
21373,21379885000,46,0,0
21374,21380885000,46,0,0
21375,21381885000,42,0,0
21376,21382885000,-42,1,1
21377,21383885000,-40,1,1
21378,21384885000,38,0,0
21379,21385885000,-38,1,1
21380,21386885000,38,0,0
21381,21387885000,-40,1,1
21382,21388885000,-40,1,1
21383,21389885000,38,0,0
21384,21390885000,-38,1,1
21385,21391885000,40,0,0
21386,21392885000,40,0,0
21387,21393885000,-40,1,1
21388,21394885000,40,0,0
21389,21395885000,46,0,0
21390,21396885000,42,0,0
21391,21397885000,-42,1,1
21392,21398885000,-42,1,1
21393,21399885000,42,0,0
21394,21400885000,40,0,0
21395,21401885000,-40,1,1
21396,21402885000,40,0,0
21397,21403885000,40,0,0
21398,21404885000,-38,1,1
21399,21405885000,38,0,0
21400,21406885000,-40,1,1
21401,21407885000,-46,1,1
21402,21408885000,-48,1,1
21403,21409885000,-46,1,1
21404,21410885000,-42,1,1
21405,21411885000,42,0,0
21406,21412885000,46,0,0
21407,21413885000,46,0,0
21408,21414885000,42,0,0
21409,21415885000,-42,1,1
21410,21416885000,-46,1,1
21411,21417885000,-40,1,1
21412,21418885000,40,0,0
21413,21419885000,-40,1,1
21414,21420885000,-46,1,1
21415,21421885000,-42,1,1
21416,21422885000,42,0,0
21417,21423885000,40,0,0
21418,21424885000,-40,1,1
21419,21425885000,40,0,0
21420,21426885000,40,0,0
21421,21427885000,-40,1,1
21422,21428885000,40,0,0
21423,21429885000,46,0,0
21424,21430885000,46,0,0
21425,21431885000,42,0,0
21426,21432885000,-42,1,1
21427,21433885000,-46,1,1
21428,21434885000,-48,1,1
21429,21435885000,-46,1,1
21430,21436885000,-42,1,1
21431,21437885000,42,0,0
21432,21438885000,46,0,0
21433,21439885000,46,0,0
21434,21440885000,42,0,0
21435,21441885000,-42,1,1
21436,21442885000,-40,1,1
21437,21443885000,38,0,0
21438,21444885000,-38,1,1
21439,21445885000,38,0,0
21440,21446885000,-38,1,1
21441,21447885000,40,0,0
21442,21448885000,40,0,0
21443,21449885000,-38,1,1
21444,21450885000,38,0,0
21445,21451885000,-38,1,1
21446,21452885000,40,0,0
21447,21453885000,42,0,0
21448,21454885000,-42,1,1
21449,21455885000,-46,1,1
21450,21456885000,-40,1,1
21451,21457885000,38,0,0
21452,21458885000,-38,1,1
21453,21459885000,40,0,0
21454,21460885000,40,0,0
21455,21461885000,-38,1,1
21456,21462885000,38,0,0
21457,21463885000,-38,1,1
21458,21464885000,38,0,0
21459,21465885000,-40,1,1
21460,21466885000,-42,1,1
21461,21467885000,42,0,0
21462,21468885000,46,0,0
21463,21469885000,48,0,0
21464,21470885000,46,0,0
21465,21471885000,40,0,0
21466,21472885000,-38,1,1
21467,21473885000,38,0,0
21468,21474885000,-40,1,1
21469,21475885000,-46,1,1
21470,21476885000,-48,1,1
21471,21477885000,-46,1,1
21472,21478885000,-40,1,1
21473,21479885000,38,0,0
21474,21480885000,-38,1,1
21475,21481885000,40,0,0
21476,21482885000,42,0,0
21477,21483885000,-42,1,1
21478,21484885000,-46,1,1
21479,21485885000,-48,1,1
21480,21486885000,-48,1,1
21481,21487885000,-46,1,1
21482,21488885000,-42,1,1
21483,21489885000,42,0,0
21484,21490885000,46,0,0
21485,21491885000,40,0,0
21486,21492885000,-40,1,1
21487,21493885000,40,0,0
21488,21494885000,46,0,0
21489,21495885000,48,0,0
21490,21496885000,46,0,0
21491,21497885000,42,0,0
21492,21498885000,-42,1,1
21493,21499885000,-46,1,1
21494,21500885000,-48,1,1
21495,21501885000,-46,1,1
21496,21502885000,-40,1,1
21497,21503885000,38,0,0
21498,21504885000,-38,1,1
21499,21505885000,38,0,0
21500,21506885000,-38,1,1
21501,21507885000,40,0,0
21502,21508885000,42,0,0
21503,21509885000,-42,1,1
21504,21510885000,-46,1,1
21505,21511885000,-42,1,1
21506,21512885000,42,0,0
21507,21513885000,40,0,0
21508,21514885000,-40,1,1
21509,21515885000,40,0,0
21510,21516885000,42,0,0
21511,21517885000,-42,1,1
21512,21518885000,-46,1,1
21513,21519885000,-40,1,1
21514,21520885000,38,0,0
21515,21521885000,-38,1,1
21516,21522885000,40,0,0
21517,21523885000,42,0,0
21518,21524885000,-42,1,1
21519,21525885000,-46,1,1
21520,21526885000,-46,1,1
21521,21527885000,-42,1,1
21522,21528885000,42,0,0
21523,21529885000,40,0,0
21524,21530885000,-40,1,1
21525,21531885000,40,0,0
21526,21532885000,46,0,0
21527,21533885000,42,0,0
21528,21534885000,-42,1,1
21529,21535885000,-42,1,1
21530,21536885000,42,0,0
21531,21537885000,42,0,0
21532,21538885000,-42,1,1
21533,21539885000,-46,1,1
21534,21540885000,-40,1,1
21535,21541885000,42,0,0
21536,21542885000,46,0,0
21537,21543885000,46,0,0
21538,21544885000,42,0,0
21539,21545885000,-42,1,1
21540,21546885000,-46,1,1
21541,21547885000,-42,1,1
21542,21548885000,42,0,0
21543,21549885000,42,0,0
21544,21550885000,-42,1,1
21545,21551885000,-46,1,1
21546,21552885000,-46,1,1
21547,21553885000,-40,1,1
21548,21554885000,38,0,0
21549,21555885000,-38,1,1
21550,21556885000,38,0,0
21551,21557885000,-38,1,1
21552,21558885000,40,0,0
21553,21559885000,40,0,0
21554,21560885000,-40,1,1
21555,21561885000,40,0,0
21556,21562885000,40,0,0
21557,21563885000,-40,1,1
21558,21564885000,40,0,0
21559,21565885000,46,0,0
21560,21566885000,46,0,0
21561,21567885000,42,0,0
21562,21568885000,-42,1,1
21563,21569885000,-46,1,1
21564,21570885000,-40,1,1
21565,21571885000,38,0,0
21566,21572885000,-38,1,1
21567,21573885000,40,0,0
21568,21574885000,46,0,0
21569,21575885000,40,0,0
21570,21576885000,-38,1,1
21571,21577885000,38,0,0
21572,21578885000,-38,1,1
21573,21579885000,38,0,0
21574,21580885000,-40,1,1
21575,21581885000,-42,1,1
21576,21582885000,42,0,0
21577,21583885000,42,0,0
21578,21584885000,-42,1,1
21579,21585885000,-46,1,1
21580,21586885000,-48,1,1
21581,21587885000,-48,1,1
21582,21588885000,-46,1,1
21583,21589885000,-40,1,1
21584,21590885000,40,0,0
21585,21591885000,-40,1,1
21586,21592885000,-46,1,1
21587,21593885000,-42,1,1
21588,21594885000,42,0,0
21589,21595885000,46,0,0
21590,21596885000,46,0,0
21591,21597885000,42,0,0
21592,21598885000,-42,1,1
21593,21599885000,-40,1,1
21594,21600885000,40,0,0
21595,21601885000,-40,1,1
21596,21602885000,-46,1,1
21597,21603885000,-42,1,1
21598,21604885000,42,0,0
21599,21605885000,42,0,0
21600,21606885000,-42,1,1
21601,21607885000,-46,1,1
21602,21608885000,-42,1,1
21603,21609885000,42,0,0
21604,21610885000,46,0,0
21605,21611885000,42,0,0
21606,21612885000,-42,1,1
21607,21613885000,-40,1,1
21608,21614885000,38,0,0
21609,21615885000,-38,1,1
21610,21616885000,40,0,0
21611,21617885000,46,0,0
21612,21618885000,40,0,0
21613,21619885000,-38,1,1
21614,21620885000,38,0,0
21615,21621885000,-38,1,1
21616,21622885000,38,0,0
21617,21623885000,-38,1,1
21618,21624885000,40,0,0
21619,21625885000,40,0,0
21620,21626885000,-38,1,1
21621,21627885000,38,0,0
21622,21628885000,-40,1,1
21623,21629885000,-46,1,1
21624,21630885000,-42,1,1
21625,21631885000,42,0,0
21626,21632885000,42,0,0
21627,21633885000,-42,1,1
21628,21634885000,-42,1,1
21629,21635885000,42,0,0
21630,21636885000,42,0,0
21631,21637885000,-42,1,1
21632,21638885000,-42,1,1
21633,21639885000,42,0,0
21634,21640885000,46,0,0
21635,21641885000,42,0,0
21636,21642885000,-42,1,1
21637,21643885000,-42,1,1
21638,21644885000,42,0,0
21639,21645885000,42,0,0
21640,21646885000,-42,1,1
21641,21647885000,-40,1,1
21642,21648885000,40,0,0
21643,21649885000,-40,1,1
21644,21650885000,-46,1,1
21645,21651885000,-42,1,1
21646,21652885000,42,0,0
21647,21653885000,46,0,0
21648,21654885000,40,0,0
21649,21655885000,-40,1,1
21650,21656885000,40,0,0
21651,21657885000,46,0,0
21652,21658885000,46,0,0
21653,21659885000,42,0,0
21654,21660885000,-42,1,1
21655,21661885000,-46,1,1
21656,21662885000,-46,1,1
21657,21663885000,-42,1,1
21658,21664885000,42,0,0
21659,21665885000,42,0,0
21660,21666885000,-42,1,1
21661,21667885000,-42,1,1
21662,21668885000,42,0,0
21663,21669885000,42,0,0
21664,21670885000,-42,1,1
21665,21671885000,-42,1,1
21666,21672885000,42,0,0
21667,21673885000,46,0,0
21668,21674885000,46,0,0
21669,21675885000,42,0,0
21670,21676885000,-42,1,1
21671,21677885000,-46,1,1
21672,21678885000,-40,1,1
21673,21679885000,42,0,0
21674,21680885000,42,0,0
21675,21681885000,-42,1,1
21676,21682885000,-42,1,1
21677,21683885000,42,0,0
21678,21684885000,40,0,0
21679,21685885000,-40,1,1
21680,21686885000,40,0,0
21681,21687885000,46,0,0
21682,21688885000,46,0,0
21683,21689885000,40,0,0
21684,21690885000,-40,1,1
21685,21691885000,40,0,0
21686,21692885000,46,0,0
21687,21693885000,40,0,0
21688,21694885000,-38,1,1
21689,21695885000,38,0,0
21690,21696885000,-38,1,1
21691,21697885000,38,0,0
21692,21698885000,-38,1,1
21693,21699885000,40,0,0
21694,21700885000,46,0,0
21695,21701885000,42,0,0
21696,21702885000,-42,1,1
21697,21703885000,-42,1,1
21698,21704885000,42,0,0
21699,21705885000,40,0,0
21700,21706885000,-38,1,1
21701,21707885000,38,0,0
21702,21708885000,-38,1,1
21703,21709885000,40,0,0
21704,21710885000,40,0,0
21705,21711885000,-40,1,1
21706,21712885000,40,0,0
21707,21713885000,46,0,0
21708,21714885000,42,0,0
21709,21715885000,-42,1,1
21710,21716885000,-40,1,1
21711,21717885000,38,0,0
21712,21718885000,-38,1,1
21713,21719885000,40,0,0
21714,21720885000,46,0,0
21715,21721885000,48,0,0
21716,21722885000,46,0,0
21717,21723885000,42,0,0
21718,21724885000,-42,1,1
21719,21725885000,-40,1,1
21720,21726885000,38,0,0
21721,21727885000,-38,1,1
21722,21728885000,38,0,0
21723,21729885000,-38,1,1
21724,21730885000,40,0,0
21725,21731885000,46,0,0
21726,21732885000,46,0,0
21727,21733885000,40,0,0
21728,21734885000,-40,1,1
21729,21735885000,40,0,0
21730,21736885000,46,0,0
21731,21737885000,46,0,0
21732,21738885000,40,0,0
21733,21739885000,-38,1,1
21734,21740885000,38,0,0
21735,21741885000,-40,1,1
21736,21742885000,-40,1,1
21737,21743885000,38,0,0
21738,21744885000,-38,1,1
21739,21745885000,38,0,0
21740,21746885000,-38,1,1
21741,21747885000,40,0,0
21742,21748885000,42,0,0
21743,21749885000,-42,1,1
21744,21750885000,-40,1,1
21745,21751885000,38,0,0
21746,21752885000,-38,1,1
21747,21753885000,40,0,0
21748,21754885000,42,0,0
21749,21755885000,-42,1,1
21750,21756885000,-46,1,1
21751,21757885000,-40,1,1
21752,21758885000,40,0,0
21753,21759885000,-40,1,1
21754,21760885000,-46,1,1
21755,21761885000,-48,1,1
21756,21762885000,-48,1,1
21757,21763885000,-48,1,1
21758,21764885000,-48,1,1
21759,21765885000,-46,1,1
21760,21766885000,-42,1,1
21761,21767885000,42,0,0
21762,21768885000,42,0,0
21763,21769885000,-42,1,1
21764,21770885000,-46,1,1
21765,21771885000,-40,1,1
21766,21772885000,40,0,0
21767,21773885000,-40,1,1
21768,21774885000,-40,1,1
21769,21775885000,38,0,0
21770,21776885000,-38,1,1
21771,21777885000,40,0,0
21772,21778885000,46,0,0
21773,21779885000,40,0,0
21774,21780885000,-38,1,1
21775,21781885000,38,0,0
21776,21782885000,-40,1,1
21777,21783885000,-42,1,1
21778,21784885000,42,0,0
21779,21785885000,42,0,0
21780,21786885000,-42,1,1
21781,21787885000,-40,1,1
21782,21788885000,38,0,0
21783,21789885000,-38,1,1
21784,21790885000,38,0,0
21785,21791885000,-40,1,1
21786,21792885000,-46,1,1
21787,21793885000,-48,1,1
21788,21794885000,-46,1,1
21789,21795885000,-40,1,1
21790,21796885000,38,0,0
21791,21797885000,-38,1,1
21792,21798885000,40,0,0
21793,21799885000,40,0,0
21794,21800885000,-38,1,1
21795,21801885000,38,0,0
21796,21802885000,-38,1,1
21797,21803885000,40,0,0
21798,21804885000,46,0,0
21799,21805885000,46,0,0
21800,21806885000,42,0,0
21801,21807885000,-42,1,1
21802,21808885000,-42,1,1
21803,21809885000,42,0,0
21804,21810885000,40,0,0
21805,21811885000,-38,1,1
21806,21812885000,38,0,0
21807,21813885000,-40,1,1
21808,21814885000,-46,1,1
21809,21815885000,-48,1,1
21810,21816885000,-48,1,1
21811,21817885000,-48,1,1
21812,21818885000,-46,1,1
21813,21819885000,-42,1,1
21814,21820885000,42,0,0
21815,21821885000,46,0,0
21816,21822885000,40,0,0
21817,21823885000,-40,1,1
21818,21824885000,40,0,0
21819,21825885000,40,0,0
21820,21826885000,-38,1,1
21821,21827885000,38,0,0
21822,21828885000,-40,1,1
21823,21829885000,-46,1,1
21824,21830885000,-40,1,1
21825,21831885000,38,0,0
21826,21832885000,-38,1,1
21827,21833885000,38,0,0
21828,21834885000,-38,1,1
21829,21835885000,40,0,0
21830,21836885000,46,0,0
21831,21837885000,46,0,0
21832,21838885000,42,0,0
21833,21839885000,-42,1,1
21834,21840885000,-46,1,1
21835,21841885000,-48,1,1
21836,21842885000,-48,1,1
21837,21843885000,-48,1,1
21838,21844885000,-46,1,1
21839,21845885000,-42,1,1
21840,21846885000,42,0,0
21841,21847885000,46,0,0
21842,21848885000,46,0,0
21843,21849885000,40,0,0
21844,21850885000,-40,1,1
21845,21851885000,40,0,0
21846,21852885000,42,0,0
21847,21853885000,-42,1,1
21848,21854885000,-42,1,1
21849,21855885000,42,0,0
21850,21856885000,46,0,0
21851,21857885000,48,0,0
21852,21858885000,48,0,0
21853,21859885000,48,0,0
21854,21860885000,46,0,0
21855,21861885000,42,0,0
21856,21862885000,-42,1,1
21857,21863885000,-42,1,1
21858,21864885000,42,0,0
21859,21865885000,40,0,0
21860,21866885000,-38,1,1
21861,21867885000,38,0,0
21862,21868885000,-38,1,1
21863,21869885000,40,0,0
21864,21870885000,40,0,0
21865,21871885000,-38,1,1
21866,21872885000,38,0,0
21867,21873885000,-38,1,1
21868,21874885000,40,0,0
21869,21875885000,46,0,0
21870,21876885000,46,0,0
21871,21877885000,42,0,0
21872,21878885000,-42,1,1
21873,21879885000,-40,1,1
21874,21880885000,38,0,0
21875,21881885000,-38,1,1
21876,21882885000,38,0,0
21877,21883885000,-40,1,1
21878,21884885000,-40,1,1
21879,21885885000,38,0,0
21880,21886885000,-38,1,1
21881,21887885000,40,0,0
21882,21888885000,46,0,0
21883,21889885000,40,0,0
21884,21890885000,-40,1,1
21885,21891885000,40,0,0
21886,21892885000,46,0,0
21887,21893885000,42,0,0
21888,21894885000,-42,1,1
21889,21895885000,-40,1,1
21890,21896885000,38,0,0
21891,21897885000,-38,1,1
21892,21898885000,38,0,0
21893,21899885000,-38,1,1
21894,21900885000,38,0,0
21895,21901885000,-38,1,1
21896,21902885000,38,0,0
21897,21903885000,-38,1,1
21898,21904885000,40,0,0
21899,21905885000,42,0,0
21900,21906885000,-42,1,1
21901,21907885000,-46,1,1
21902,21908885000,-46,1,1
21903,21909885000,-42,1,1
21904,21910885000,42,0,0
21905,21911885000,46,0,0
21906,21912885000,48,0,0
21907,21913885000,46,0,0
21908,21914885000,40,0,0
21909,21915885000,-40,1,1
21910,21916885000,40,0,0
21911,21917885000,46,0,0
21912,21918885000,48,0,0
21913,21919885000,48,0,0
21914,21920885000,48,0,0
21915,21921885000,48,0,0
21916,21922885000,48,0,0
21917,21923885000,46,0,0
21918,21924885000,42,0,0
21919,21925885000,-42,1,1
21920,21926885000,-42,1,1
21921,21927885000,42,0,0
21922,21928885000,46,0,0
21923,21929885000,48,0,0
21924,21930885000,46,0,0
21925,21931885000,40,0,0
21926,21932885000,-40,1,1
21927,21933885000,40,0,0
21928,21934885000,46,0,0
21929,21935885000,48,0,0
21930,21936885000,48,0,0
21931,21937885000,46,0,0
21932,21938885000,40,0,0
21933,21939885000,-38,1,1
21934,21940885000,38,0,0
21935,21941885000,-40,1,1
21936,21942885000,-42,1,1
21937,21943885000,42,0,0
21938,21944885000,42,0,0
21939,21945885000,-42,1,1
21940,21946885000,-46,1,1
21941,21947885000,-40,1,1
21942,21948885000,38,0,0
21943,21949885000,-38,1,1
21944,21950885000,38,0,0
21945,21951885000,-40,1,1
21946,21952885000,-42,1,1
21947,21953885000,42,0,0
21948,21954885000,40,0,0
21949,21955885000,-38,1,1
21950,21956885000,38,0,0
21951,21957885000,-40,1,1
21952,21958885000,-46,1,1
21953,21959885000,-40,1,1
21954,21960885000,40,0,0
21955,21961885000,-40,1,1
21956,21962885000,-40,1,1
21957,21963885000,40,0,0
21958,21964885000,-40,1,1
21959,21965885000,-42,1,1
21960,21966885000,42,0,0
21961,21967885000,46,0,0
21962,21968885000,40,0,0
21963,21969885000,-40,1,1
21964,21970885000,40,0,0
21965,21971885000,46,0,0
21966,21972885000,46,0,0
21967,21973885000,40,0,0
21968,21974885000,-38,1,1
21969,21975885000,38,0,0
21970,21976885000,-40,1,1
21971,21977885000,-42,1,1
21972,21978885000,42,0,0
21973,21979885000,40,0,0
21974,21980885000,-40,1,1
21975,21981885000,40,0,0
21976,21982885000,46,0,0
21977,21983885000,40,0,0
21978,21984885000,-40,1,1
21979,21985885000,40,0,0
21980,21986885000,46,0,0
21981,21987885000,42,0,0
21982,21988885000,-42,1,1
21983,21989885000,-46,1,1
21984,21990885000,-46,1,1
21985,21991885000,-40,1,1
21986,21992885000,40,0,0
21987,21993885000,-40,1,1
21988,21994885000,-46,1,1
21989,21995885000,-40,1,1
21990,21996885000,40,0,0
21991,21997885000,-40,1,1
21992,21998885000,-42,1,1
21993,21999885000,42,0,0
21994,22000885000,42,0,0
21995,22001885000,-42,1,1
21996,22002885000,-42,1,1
21997,22003885000,42,0,0
21998,22004885000,46,0,0
21999,22005885000,42,0,0
22000,22006885000,-42,1,1
22001,22007885000,-46,1,1
22002,22008885000,-46,1,1
22003,22009885000,-40,1,1
22004,22010885000,40,0,0
22005,22011885000,-40,1,1
22006,22012885000,-40,1,1
22007,22013885000,40,0,0
22008,22014885000,-40,1,1
22009,22015885000,-46,1,1
22010,22016885000,-42,1,1
22011,22017885000,42,0,0
22012,22018885000,40,0,0
22013,22019885000,-40,1,1
22014,22020885000,40,0,0
22015,22021885000,40,0,0
22016,22022885000,-40,1,1
22017,22023885000,40,0,0
22018,22024885000,42,0,0
22019,22025885000,-42,1,1
22020,22026885000,-42,1,1
22021,22027885000,42,0,0
22022,22028885000,46,0,0
22023,22029885000,46,0,0
22024,22030885000,40,0,0
22025,22031885000,-38,1,1
22026,22032885000,38,0,0
22027,22033885000,-38,1,1
22028,22034885000,40,0,0
22029,22035885000,42,0,0
22030,22036885000,-42,1,1
22031,22037885000,-40,1,1
22032,22038885000,40,0,0
22033,22039885000,-40,1,1
22034,22040885000,-46,1,1
22035,22041885000,-48,1,1
22036,22042885000,-46,1,1
22037,22043885000,-40,1,1
22038,22044885000,42,0,0
22039,22045885000,46,0,0
22040,22046885000,40,0,0
22041,22047885000,-38,1,1
22042,22048885000,38,0,0
22043,22049885000,-38,1,1
22044,22050885000,38,0,0
22045,22051885000,-40,1,1
22046,22052885000,-46,1,1
22047,22053885000,-46,1,1
22048,22054885000,-42,1,1
22049,22055885000,42,0,0
22050,22056885000,46,0,0
22051,22057885000,46,0,0
22052,22058885000,40,0,0
22053,22059885000,-40,1,1
22054,22060885000,40,0,0
22055,22061885000,46,0,0
22056,22062885000,42,0,0
22057,22063885000,-42,1,1
22058,22064885000,-42,1,1
22059,22065885000,42,0,0
22060,22066885000,40,0,0
22061,22067885000,-40,1,1
22062,22068885000,40,0,0
22063,22069885000,46,0,0
22064,22070885000,40,0,0
22065,22071885000,-40,1,1
22066,22072885000,40,0,0
22067,22073885000,42,0,0
22068,22074885000,-42,1,1
22069,22075885000,-40,1,1
22070,22076885000,40,0,0
22071,22077885000,-40,1,1
22072,22078885000,-46,1,1
22073,22079885000,-48,1,1
22074,22080885000,-46,1,1
22075,22081885000,-40,1,1
22076,22082885000,40,0,0
22077,22083885000,-40,1,1
22078,22084885000,-42,1,1
22079,22085885000,42,0,0
22080,22086885000,46,0,0
22081,22087885000,48,0,0
22082,22088885000,48,0,0
22083,22089885000,48,0,0
22084,22090885000,46,0,0
22085,22091885000,42,0,0
22086,22092885000,-42,1,1
22087,22093885000,-42,1,1
22088,22094885000,42,0,0
22089,22095885000,46,0,0
22090,22096885000,48,0,0
22091,22097885000,48,0,0
22092,22098885000,48,0,0
22093,22099885000,46,0,0
22094,22100885000,42,0,0
22095,22101885000,-42,1,1
22096,22102885000,-46,1,1
22097,22103885000,-40,1,1
22098,22104885000,40,0,0
22099,22105885000,-40,1,1
22100,22106885000,-42,1,1
22101,22107885000,42,0,0
22102,22108885000,46,0,0
22103,22109885000,48,0,0
22104,22110885000,48,0,0
22105,22111885000,48,0,0
22106,22112885000,46,0,0
22107,22113885000,42,0,0
22108,22114885000,-42,1,1
22109,22115885000,-46,1,1
22110,22116885000,-48,1,1
22111,22117885000,-46,1,1
22112,22118885000,-40,1,1
22113,22119885000,40,0,0
22114,22120885000,-40,1,1
22115,22121885000,-40,1,1
22116,22122885000,38,0,0
22117,22123885000,-38,1,1
22118,22124885000,40,0,0
22119,22125885000,42,0,0
22120,22126885000,-42,1,1
22121,22127885000,-40,1,1
22122,22128885000,38,0,0
22123,22129885000,-38,1,1
22124,22130885000,38,0,0
22125,22131885000,-40,1,1
22126,22132885000,-46,1,1
22127,22133885000,-48,1,1
22128,22134885000,-46,1,1
22129,22135885000,-40,1,1
22130,22136885000,38,0,0
22131,22137885000,-38,1,1
22132,22138885000,40,0,0
22133,22139885000,40,0,0
22134,22140885000,-40,1,1
22135,22141885000,40,0,0
22136,22142885000,46,0,0
22137,22143885000,42,0,0
22138,22144885000,-42,1,1
22139,22145885000,-46,1,1
22140,22146885000,-40,1,1
22141,22147885000,40,0,0
22142,22148885000,-40,1,1
22143,22149885000,-46,1,1
22144,22150885000,-48,1,1
22145,22151885000,-48,1,1
22146,22152885000,-48,1,1
22147,22153885000,-46,1,1
22148,22154885000,-40,1,1
22149,22155885000,42,0,0
22150,22156885000,40,0,0
22151,22157885000,-40,1,1
22152,22158885000,40,0,0
22153,22159885000,42,0,0
22154,22160885000,-42,1,1
22155,22161885000,-46,1,1
22156,22162885000,-48,1,1
22157,22163885000,-46,1,1
22158,22164885000,-40,1,1
22159,22165885000,40,0,0
22160,22166885000,-40,1,1
22161,22167885000,-46,1,1
22162,22168885000,-38,1,1
22163,22169885000,40,0,0
22164,22170885000,-40,1,1
22165,22171885000,-40,1,1
22166,22172885000,38,0,0
22167,22173885000,-38,1,1
22168,22174885000,40,0,0
22169,22175885000,40,0,0
22170,22176885000,-38,1,1
22171,22177885000,38,0,0
22172,22178885000,-38,1,1
22173,22179885000,40,0,0
22174,22180885000,40,0,0
22175,22181885000,-38,1,1
22176,22182885000,38,0,0
22177,22183885000,-40,1,1
22178,22184885000,-42,1,1
22179,22185885000,42,0,0
22180,22186885000,40,0,0
22181,22187885000,-38,1,1
22182,22188885000,38,0,0
22183,22189885000,-40,1,1
22184,22190885000,-42,1,1
22185,22191885000,42,0,0
22186,22192885000,46,0,0
22187,22193885000,48,0,0
22188,22194885000,46,0,0
22189,22195885000,42,0,0
22190,22196885000,-42,1,1
22191,22197885000,-40,1,1
22192,22198885000,38,0,0
22193,22199885000,-38,1,1
22194,22200885000,40,0,0
22195,22201885000,42,0,0
22196,22202885000,-42,1,1
22197,22203885000,-40,1,1
22198,22204885000,40,0,0
22199,22205885000,-40,1,1
22200,22206885000,-42,1,1
22201,22207885000,42,0,0
22202,22208885000,46,0,0
22203,22209885000,42,0,0
22204,22210885000,-42,1,1
22205,22211885000,-46,1,1
22206,22212885000,-42,1,1
22207,22213885000,42,0,0
22208,22214885000,46,0,0
22209,22215885000,40,0,0
22210,22216885000,-38,1,1
22211,22217885000,38,0,0
22212,22218885000,-38,1,1
22213,22219885000,40,0,0
22214,22220885000,42,0,0
22215,22221885000,-42,1,1
22216,22222885000,-42,1,1
22217,22223885000,42,0,0
22218,22224885000,46,0,0
22219,22225885000,42,0,0
22220,22226885000,-42,1,1
22221,22227885000,-42,1,1
22222,22228885000,42,0,0
22223,22229885000,42,0,0
22224,22230885000,-42,1,1
22225,22231885000,-42,1,1
22226,22232885000,42,0,0
22227,22233885000,46,0,0
22228,22234885000,40,0,0
22229,22235885000,-40,1,1
22230,22236885000,40,0,0
22231,22237885000,40,0,0
22232,22238885000,-38,1,1
22233,22239885000,38,0,0
22234,22240885000,-38,1,1
22235,22241885000,40,0,0
22236,22242885000,40,0,0
22237,22243885000,-38,1,1
22238,22244885000,38,0,0
22239,22245885000,-38,1,1
22240,22246885000,40,0,0
22241,22247885000,46,0,0
22242,22248885000,40,0,0
22243,22249885000,-38,1,1
22244,22250885000,38,0,0
22245,22251885000,-38,1,1
22246,22252885000,38,0,0
22247,22253885000,-38,1,1
22248,22254885000,38,0,0
22249,22255885000,-40,1,1
22250,22256885000,-42,1,1
22251,22257885000,42,0,0
22252,22258885000,40,0,0
22253,22259885000,-38,1,1
22254,22260885000,38,0,0
22255,22261885000,-40,1,1
22256,22262885000,-42,1,1
22257,22263885000,42,0,0
22258,22264885000,42,0,0
22259,22265885000,-42,1,1
22260,22266885000,-46,1,1
22261,22267885000,-46,1,1
22262,22268885000,-40,1,1
22263,22269885000,42,0,0
22264,22270885000,46,0,0
22265,22271885000,42,0,0
22266,22272885000,-42,1,1
22267,22273885000,-46,1,1
22268,22274885000,-40,1,1
22269,22275885000,42,0,0
22270,22276885000,40,0,0
22271,22277885000,-38,1,1
22272,22278885000,38,0,0
22273,22279885000,-38,1,1
22274,22280885000,40,0,0
22275,22281885000,40,0,0
22276,22282885000,-40,1,1
22277,22283885000,40,0,0
22278,22284885000,46,0,0
22279,22285885000,40,0,0
22280,22286885000,-40,1,1
22281,22287885000,40,0,0
22282,22288885000,46,0,0
22283,22289885000,46,0,0
22284,22290885000,40,0,0
22285,22291885000,-38,1,1
22286,22292885000,38,0,0
22287,22293885000,-40,1,1
22288,22294885000,-46,1,1
22289,22295885000,-42,1,1
22290,22296885000,42,0,0
22291,22297885000,40,0,0
22292,22298885000,-38,1,1
22293,22299885000,38,0,0
22294,22300885000,-38,1,1
22295,22301885000,40,0,0
22296,22302885000,42,0,0
22297,22303885000,-42,1,1
22298,22304885000,-46,1,1
22299,22305885000,-40,1,1
22300,22306885000,38,0,0
22301,22307885000,-38,1,1
22302,22308885000,40,0,0
22303,22309885000,40,0,0
22304,22310885000,-40,1,1
22305,22311885000,40,0,0
22306,22312885000,40,0,0
22307,22313885000,-40,1,1
22308,22314885000,40,0,0
22309,22315885000,46,0,0
22310,22316885000,48,0,0
22311,22317885000,48,0,0
22312,22318885000,48,0,0
22313,22319885000,46,0,0
22314,22320885000,40,0,0
22315,22321885000,-38,1,1
22316,22322885000,38,0,0
22317,22323885000,-38,1,1
22318,22324885000,38,0,0
22319,22325885000,-38,1,1
22320,22326885000,38,0,0
22321,22327885000,-40,1,1
22322,22328885000,-46,1,1
22323,22329885000,-48,1,1
22324,22330885000,-48,1,1
22325,22331885000,-48,1,1
22326,22332885000,-48,1,1
22327,22333885000,-48,1,1
22328,22334885000,-48,1,1
22329,22335885000,-48,1,1
22330,22336885000,-48,1,1
22331,22337885000,-46,1,1
22332,22338885000,-42,1,1
22333,22339885000,42,0,0
22334,22340885000,40,0,0
22335,22341885000,-40,1,1
22336,22342885000,40,0,0
22337,22343885000,42,0,0
22338,22344885000,-42,1,1
22339,22345885000,-42,1,1
22340,22346885000,42,0,0
22341,22347885000,46,0,0
22342,22348885000,42,0,0
22343,22349885000,-42,1,1
22344,22350885000,-42,1,1
22345,22351885000,42,0,0
22346,22352885000,46,0,0
22347,22353885000,40,0,0
22348,22354885000,-40,1,1
22349,22355885000,40,0,0
22350,22356885000,42,0,0
22351,22357885000,-42,1,1
22352,22358885000,-46,1,1
22353,22359885000,-46,1,1
22354,22360885000,-38,1,1
22355,22361885000,38,0,0
22356,22362885000,-38,1,1
22357,22363885000,40,0,0
22358,22364885000,40,0,0
22359,22365885000,-40,1,1
22360,22366885000,40,0,0
22361,22367885000,46,0,0
22362,22368885000,48,0,0
22363,22369885000,48,0,0
22364,22370885000,46,0,0
22365,22371885000,42,0,0
22366,22372885000,-42,1,1
22367,22373885000,-42,1,1
22368,22374885000,42,0,0
22369,22375885000,46,0,0
22370,22376885000,46,0,0
22371,22377885000,40,0,0
22372,22378885000,-38,1,1
22373,22379885000,38,0,0
22374,22380885000,-40,1,1
22375,22381885000,-40,1,1
22376,22382885000,38,0,0
22377,22383885000,-38,1,1
22378,22384885000,38,0,0
22379,22385885000,-40,1,1
22380,22386885000,-46,1,1
22381,22387885000,-42,1,1
22382,22388885000,42,0,0
22383,22389885000,42,0,0
22384,22390885000,-42,1,1
22385,22391885000,-46,1,1
22386,22392885000,-48,1,1
22387,22393885000,-48,1,1
22388,22394885000,-48,1,1
22389,22395885000,-48,1,1
22390,22396885000,-48,1,1
22391,22397885000,-46,1,1
22392,22398885000,-40,1,1
22393,22399885000,40,0,0
22394,22400885000,-40,1,1
22395,22401885000,-42,1,1
22396,22402885000,42,0,0
22397,22403885000,46,0,0
22398,22404885000,46,0,0
22399,22405885000,42,0,0
22400,22406885000,-42,1,1
22401,22407885000,-42,1,1
22402,22408885000,42,0,0
22403,22409885000,42,0,0
22404,22410885000,-42,1,1
22405,22411885000,-46,1,1
22406,22412885000,-46,1,1
22407,22413885000,-40,1,1
22408,22414885000,38,0,0
22409,22415885000,-38,1,1
22410,22416885000,40,0,0
22411,22417885000,42,0,0
22412,22418885000,-42,1,1
22413,22419885000,-40,1,1
22414,22420885000,38,0,0
22415,22421885000,-38,1,1
22416,22422885000,40,0,0
22417,22423885000,40,0,0
22418,22424885000,-40,1,1
22419,22425885000,40,0,0
22420,22426885000,42,0,0
22421,22427885000,-42,1,1
22422,22428885000,-42,1,1
22423,22429885000,42,0,0
22424,22430885000,46,0,0
22425,22431885000,42,0,0
22426,22432885000,-42,1,1
22427,22433885000,-40,1,1
22428,22434885000,38,0,0
22429,22435885000,-38,1,1
22430,22436885000,40,0,0
22431,22437885000,46,0,0
22432,22438885000,48,0,0
22433,22439885000,46,0,0
22434,22440885000,40,0,0
22435,22441885000,-38,1,1
22436,22442885000,38,0,0
22437,22443885000,-38,1,1
22438,22444885000,40,0,0
22439,22445885000,46,0,0
22440,22446885000,48,0,0
22441,22447885000,46,0,0
22442,22448885000,42,0,0
22443,22449885000,-42,1,1
22444,22450885000,-46,1,1
22445,22451885000,-42,1,1
22446,22452885000,42,0,0
22447,22453885000,46,0,0
22448,22454885000,48,0,0
22449,22455885000,48,0,0
22450,22456885000,48,0,0
22451,22457885000,48,0,0
22452,22458885000,46,0,0
22453,22459885000,42,0,0
22454,22460885000,-42,1,1
22455,22461885000,-46,1,1
22456,22462885000,-42,1,1
22457,22463885000,42,0,0
22458,22464885000,46,0,0
22459,22465885000,40,0,0
22460,22466885000,-40,1,1
22461,22467885000,40,0,0
22462,22468885000,40,0,0
22463,22469885000,-38,1,1
22464,22470885000,38,0,0
22465,22471885000,-40,1,1
22466,22472885000,-46,1,1
22467,22473885000,-46,1,1
22468,22474885000,-40,1,1
22469,22475885000,40,0,0
22470,22476885000,-40,1,1
22471,22477885000,-46,1,1
22472,22478885000,-40,1,1
22473,22479885000,42,0,0
22474,22480885000,46,0,0
22475,22481885000,48,0,0
22476,22482885000,48,0,0
22477,22483885000,46,0,0
22478,22484885000,40,0,0
22479,22485885000,-40,1,1
22480,22486885000,40,0,0
22481,22487885000,40,0,0
22482,22488885000,-40,1,1
22483,22489885000,40,0,0
22484,22490885000,46,0,0
22485,22491885000,40,0,0
22486,22492885000,-38,1,1
22487,22493885000,38,0,0
22488,22494885000,-38,1,1
22489,22495885000,40,0,0
22490,22496885000,42,0,0
22491,22497885000,-42,1,1
22492,22498885000,-46,1,1
22493,22499885000,-38,1,1
22494,22500885000,38,0,0
22495,22501885000,-38,1,1
22496,22502885000,38,0,0
22497,22503885000,-38,1,1
22498,22504885000,38,0,0
22499,22505885000,-38,1,1
22500,22506885000,38,0,0
22501,22507885000,-40,1,1
22502,22508885000,-46,1,1
22503,22509885000,-40,1,1
22504,22510885000,38,0,0
22505,22511885000,-38,1,1
22506,22512885000,40,0,0
22507,22513885000,42,0,0
22508,22514885000,-42,1,1
22509,22515885000,-40,1,1
22510,22516885000,40,0,0
22511,22517885000,-40,1,1
22512,22518885000,-46,1,1
22513,22519885000,-38,1,1
22514,22520885000,38,0,0
22515,22521885000,-38,1,1
22516,22522885000,38,0,0
22517,22523885000,-38,1,1
22518,22524885000,40,0,0
22519,22525885000,46,0,0
22520,22526885000,42,0,0
22521,22527885000,-42,1,1
22522,22528885000,-40,1,1
22523,22529885000,40,0,0
22524,22530885000,-40,1,1
22525,22531885000,-46,1,1
22526,22532885000,-40,1,1
22527,22533885000,38,0,0
22528,22534885000,-38,1,1
22529,22535885000,38,0,0
22530,22536885000,-40,1,1
22531,22537885000,-46,1,1
22532,22538885000,-40,1,1
22533,22539885000,42,0,0
22534,22540885000,42,0,0
22535,22541885000,-42,1,1
22536,22542885000,-46,1,1
22537,22543885000,-46,1,1
22538,22544885000,-40,1,1
22539,22545885000,38,0,0
22540,22546885000,-38,1,1
22541,22547885000,40,0,0
22542,22548885000,42,0,0
22543,22549885000,-42,1,1
22544,22550885000,-46,1,1
22545,22551885000,-46,1,1
22546,22552885000,-40,1,1
22547,22553885000,42,0,0
22548,22554885000,40,0,0
22549,22555885000,-38,1,1
22550,22556885000,38,0,0
22551,22557885000,-40,1,1
22552,22558885000,-40,1,1
22553,22559885000,38,0,0
22554,22560885000,-38,1,1
22555,22561885000,38,0,0
22556,22562885000,-38,1,1
22557,22563885000,40,0,0
22558,22564885000,42,0,0
22559,22565885000,-42,1,1
22560,22566885000,-42,1,1
22561,22567885000,42,0,0
22562,22568885000,42,0,0
22563,22569885000,-42,1,1
22564,22570885000,-46,1,1
22565,22571885000,-48,1,1
22566,22572885000,-46,1,1
22567,22573885000,-42,1,1
22568,22574885000,42,0,0
22569,22575885000,42,0,0
22570,22576885000,-42,1,1
22571,22577885000,-46,1,1
22572,22578885000,-46,1,1
22573,22579885000,-38,1,1
22574,22580885000,38,0,0
22575,22581885000,-38,1,1
22576,22582885000,38,0,0
22577,22583885000,-40,1,1
22578,22584885000,-42,1,1
22579,22585885000,42,0,0
22580,22586885000,42,0,0
22581,22587885000,-42,1,1
22582,22588885000,-40,1,1
22583,22589885000,38,0,0
22584,22590885000,-38,1,1
22585,22591885000,40,0,0
22586,22592885000,46,0,0
22587,22593885000,40,0,0
22588,22594885000,-40,1,1
22589,22595885000,40,0,0
22590,22596885000,46,0,0
22591,22597885000,40,0,0
22592,22598885000,-38,1,1
22593,22599885000,38,0,0
22594,22600885000,-40,1,1
22595,22601885000,-40,1,1
22596,22602885000,38,0,0
22597,22603885000,-38,1,1
22598,22604885000,38,0,0
22599,22605885000,-40,1,1
22600,22606885000,-42,1,1
22601,22607885000,42,0,0
22602,22608885000,46,0,0
22603,22609885000,42,0,0
22604,22610885000,-42,1,1
22605,22611885000,-46,1,1
22606,22612885000,-46,1,1
22607,22613885000,-40,1,1
22608,22614885000,42,0,0
22609,22615885000,46,0,0
22610,22616885000,42,0,0
22611,22617885000,-42,1,1
22612,22618885000,-40,1,1
22613,22619885000,38,0,0
22614,22620885000,-38,1,1
22615,22621885000,40,0,0
22616,22622885000,42,0,0
22617,22623885000,-42,1,1
22618,22624885000,-46,1,1
22619,22625885000,-48,1,1
22620,22626885000,-46,1,1
22621,22627885000,-40,1,1
22622,22628885000,38,0,0
22623,22629885000,-38,1,1
22624,22630885000,38,0,0
22625,22631885000,-38,1,1
22626,22632885000,40,0,0
22627,22633885000,46,0,0
22628,22634885000,48,0,0
22629,22635885000,46,0,0
22630,22636885000,42,0,0
22631,22637885000,-42,1,1
22632,22638885000,-46,1,1
22633,22639885000,-38,1,1
22634,22640885000,40,0,0
22635,22641885000,-40,1,1
22636,22642885000,-46,1,1
22637,22643885000,-46,1,1
22638,22644885000,-40,1,1
22639,22645885000,42,0,0
22640,22646885000,46,0,0
22641,22647885000,42,0,0
22642,22648885000,-42,1,1
22643,22649885000,-46,1,1
22644,22650885000,-40,1,1
22645,22651885000,42,0,0
22646,22652885000,46,0,0
22647,22653885000,40,0,0
22648,22654885000,-38,1,1
22649,22655885000,38,0,0
22650,22656885000,-38,1,1
22651,22657885000,40,0,0
22652,22658885000,40,0,0
22653,22659885000,-40,1,1
22654,22660885000,40,0,0
22655,22661885000,46,0,0
22656,22662885000,46,0,0
22657,22663885000,40,0,0
22658,22664885000,-40,1,1
22659,22665885000,40,0,0
22660,22666885000,46,0,0
22661,22667885000,48,0,0
22662,22668885000,46,0,0
22663,22669885000,42,0,0
22664,22670885000,-42,1,1
22665,22671885000,-46,1,1
22666,22672885000,-38,1,1
22667,22673885000,40,0,0
22668,22674885000,-40,1,1
22669,22675885000,-46,1,1
22670,22676885000,-46,1,1
22671,22677885000,-42,1,1
22672,22678885000,42,0,0
22673,22679885000,46,0,0
22674,22680885000,46,0,0
22675,22681885000,42,0,0
22676,22682885000,-42,1,1
22677,22683885000,-46,1,1
22678,22684885000,-42,1,1
22679,22685885000,42,0,0
22680,22686885000,42,0,0
22681,22687885000,-42,1,1
22682,22688885000,-42,1,1
22683,22689885000,42,0,0
22684,22690885000,46,0,0
22685,22691885000,48,0,0
22686,22692885000,48,0,0
22687,22693885000,48,0,0
22688,22694885000,46,0,0
22689,22695885000,40,0,0
22690,22696885000,-40,1,1
22691,22697885000,40,0,0
22692,22698885000,46,0,0
22693,22699885000,42,0,0
22694,22700885000,-42,1,1
22695,22701885000,-46,1,1
22696,22702885000,-48,1,1
22697,22703885000,-46,1,1
22698,22704885000,-42,1,1
22699,22705885000,42,0,0
22700,22706885000,46,0,0
22701,22707885000,48,0,0
22702,22708885000,46,0,0
22703,22709885000,40,0,0
22704,22710885000,-38,1,1
22705,22711885000,38,0,0
22706,22712885000,-40,1,1
22707,22713885000,-46,1,1
22708,22714885000,-46,1,1
22709,22715885000,-40,1,1
22710,22716885000,42,0,0
22711,22717885000,46,0,0
22712,22718885000,42,0,0
22713,22719885000,-42,1,1
22714,22720885000,-46,1,1
22715,22721885000,-46,1,1
22716,22722885000,-40,1,1
22717,22723885000,40,0,0
22718,22724885000,-40,1,1
22719,22725885000,-40,1,1
22720,22726885000,40,0,0
22721,22727885000,-40,1,1
22722,22728885000,-46,1,1
22723,22729885000,-46,1,1
22724,22730885000,-42,1,1
22725,22731885000,42,0,0
22726,22732885000,40,0,0
22727,22733885000,-40,1,1
22728,22734885000,40,0,0
22729,22735885000,46,0,0
22730,22736885000,46,0,0
22731,22737885000,42,0,0
22732,22738885000,-42,1,1
22733,22739885000,-46,1,1
22734,22740885000,-48,1,1
22735,22741885000,-46,1,1
22736,22742885000,-42,1,1
22737,22743885000,42,0,0
22738,22744885000,46,0,0
22739,22745885000,48,0,0
22740,22746885000,46,0,0
22741,22747885000,42,0,0
22742,22748885000,-42,1,1
22743,22749885000,-46,1,1
22744,22750885000,-40,1,1
22745,22751885000,42,0,0
22746,22752885000,42,0,0
22747,22753885000,-42,1,1
22748,22754885000,-42,1,1
22749,22755885000,42,0,0
22750,22756885000,46,0,0
22751,22757885000,48,0,0
22752,22758885000,48,0,0
22753,22759885000,46,0,0
22754,22760885000,42,0,0
22755,22761885000,-42,1,1
22756,22762885000,-40,1,1
22757,22763885000,38,0,0
22758,22764885000,-38,1,1
22759,22765885000,38,0,0
22760,22766885000,-40,1,1
22761,22767885000,-46,1,1
22762,22768885000,-42,1,1
22763,22769885000,42,0,0
22764,22770885000,46,0,0
22765,22771885000,42,0,0
22766,22772885000,-42,1,1
22767,22773885000,-46,1,1
22768,22774885000,-46,1,1
22769,22775885000,-42,1,1
22770,22776885000,42,0,0
22771,22777885000,40,0,0
22772,22778885000,-40,1,1
22773,22779885000,40,0,0
22774,22780885000,40,0,0
22775,22781885000,-40,1,1
22776,22782885000,40,0,0
22777,22783885000,46,0,0
22778,22784885000,48,0,0
22779,22785885000,46,0,0
22780,22786885000,40,0,0
22781,22787885000,-38,1,1
22782,22788885000,38,0,0
22783,22789885000,-38,1,1
22784,22790885000,38,0,0
22785,22791885000,-40,1,1
22786,22792885000,-42,1,1
22787,22793885000,42,0,0
22788,22794885000,40,0,0
22789,22795885000,-40,1,1
22790,22796885000,40,0,0
22791,22797885000,40,0,0
22792,22798885000,-38,1,1
22793,22799885000,38,0,0
22794,22800885000,-38,1,1
22795,22801885000,38,0,0
22796,22802885000,-38,1,1
22797,22803885000,40,0,0
22798,22804885000,46,0,0
22799,22805885000,42,0,0
22800,22806885000,-42,1,1
22801,22807885000,-46,1,1
22802,22808885000,-46,1,1
22803,22809885000,-38,1,1
22804,22810885000,40,0,0
22805,22811885000,-40,1,1
22806,22812885000,-46,1,1
22807,22813885000,-46,1,1
22808,22814885000,-40,1,1
22809,22815885000,42,0,0
22810,22816885000,40,0,0
22811,22817885000,-40,1,1
22812,22818885000,40,0,0
22813,22819885000,46,0,0
22814,22820885000,42,0,0
22815,22821885000,-42,1,1
22816,22822885000,-46,1,1
22817,22823885000,-42,1,1
22818,22824885000,42,0,0
22819,22825885000,46,0,0
22820,22826885000,48,0,0
22821,22827885000,46,0,0
22822,22828885000,42,0,0
22823,22829885000,-42,1,1
22824,22830885000,-46,1,1
22825,22831885000,-48,1,1
22826,22832885000,-48,1,1
22827,22833885000,-46,1,1
22828,22834885000,-40,1,1
22829,22835885000,42,0,0
22830,22836885000,46,0,0
22831,22837885000,42,0,0
22832,22838885000,-42,1,1
22833,22839885000,-46,1,1
22834,22840885000,-46,1,1
22835,22841885000,-40,1,1
22836,22842885000,42,0,0
22837,22843885000,40,0,0
22838,22844885000,-40,1,1
22839,22845885000,40,0,0
22840,22846885000,46,0,0
22841,22847885000,40,0,0
22842,22848885000,-38,1,1
22843,22849885000,38,0,0
22844,22850885000,-40,1,1
22845,22851885000,-46,1,1
22846,22852885000,-46,1,1
22847,22853885000,-38,1,1
22848,22854885000,40,0,0
22849,22855885000,-40,1,1
22850,22856885000,-46,1,1
22851,22857885000,-48,1,1
22852,22858885000,-46,1,1
22853,22859885000,-40,1,1
22854,22860885000,42,0,0
22855,22861885000,46,0,0
22856,22862885000,40,0,0
22857,22863885000,-40,1,1
22858,22864885000,40,0,0
22859,22865885000,42,0,0
22860,22866885000,-42,1,1
22861,22867885000,-40,1,1
22862,22868885000,40,0,0
22863,22869885000,-40,1,1
22864,22870885000,-38,1,1
22865,22871885000,40,0,0
22866,22872885000,-40,1,1
22867,22873885000,-42,1,1
22868,22874885000,42,0,0
22869,22875885000,40,0,0
22870,22876885000,-40,1,1
22871,22877885000,40,0,0
22872,22878885000,40,0,0
22873,22879885000,-40,1,1
22874,22880885000,40,0,0
22875,22881885000,40,0,0
22876,22882885000,-40,1,1
22877,22883885000,40,0,0
22878,22884885000,40,0,0
22879,22885885000,-38,1,1
22880,22886885000,38,0,0
22881,22887885000,-38,1,1
22882,22888885000,38,0,0
22883,22889885000,-38,1,1
22884,22890885000,40,0,0
22885,22891885000,46,0,0
22886,22892885000,46,0,0
22887,22893885000,40,0,0
22888,22894885000,-40,1,1
22889,22895885000,40,0,0
22890,22896885000,46,0,0
22891,22897885000,48,0,0
22892,22898885000,48,0,0
22893,22899885000,46,0,0
22894,22900885000,42,0,0
22895,22901885000,-42,1,1
22896,22902885000,-46,1,1
22897,22903885000,-42,1,1
22898,22904885000,42,0,0
22899,22905885000,46,0,0
22900,22906885000,48,0,0
22901,22907885000,46,0,0
22902,22908885000,40,0,0
22903,22909885000,-40,1,1
22904,22910885000,40,0,0
22905,22911885000,42,0,0
22906,22912885000,-42,1,1
22907,22913885000,-46,1,1
22908,22914885000,-46,1,1
22909,22915885000,-40,1,1
22910,22916885000,42,0,0
22911,22917885000,46,0,0
22912,22918885000,40,0,0
22913,22919885000,-40,1,1
22914,22920885000,40,0,0
22915,22921885000,42,0,0
22916,22922885000,-42,1,1
22917,22923885000,-42,1,1
22918,22924885000,42,0,0
22919,22925885000,46,0,0
22920,22926885000,46,0,0
22921,22927885000,42,0,0
22922,22928885000,-42,1,1
22923,22929885000,-46,1,1
22924,22930885000,-42,1,1
22925,22931885000,42,0,0
22926,22932885000,40,0,0
22927,22933885000,-38,1,1
22928,22934885000,38,0,0
22929,22935885000,-38,1,1
22930,22936885000,40,0,0
22931,22937885000,42,0,0
22932,22938885000,-42,1,1
22933,22939885000,-46,1,1
22934,22940885000,-48,1,1
22935,22941885000,-46,1,1
22936,22942885000,-40,1,1
22937,22943885000,42,0,0
22938,22944885000,42,0,0
22939,22945885000,-42,1,1
22940,22946885000,-40,1,1
22941,22947885000,40,0,0
22942,22948885000,-40,1,1
22943,22949885000,-42,1,1
22944,22950885000,42,0,0
22945,22951885000,46,0,0
22946,22952885000,42,0,0
22947,22953885000,-42,1,1
22948,22954885000,-40,1,1
22949,22955885000,38,0,0
22950,22956885000,-38,1,1
22951,22957885000,40,0,0
22952,22958885000,40,0,0
22953,22959885000,-38,1,1
22954,22960885000,38,0,0
22955,22961885000,-38,1,1
22956,22962885000,40,0,0
22957,22963885000,40,0,0
22958,22964885000,-40,1,1
22959,22965885000,40,0,0
22960,22966885000,42,0,0
22961,22967885000,-42,1,1
22962,22968885000,-42,1,1
22963,22969885000,42,0,0
22964,22970885000,46,0,0
22965,22971885000,40,0,0
22966,22972885000,-38,1,1
22967,22973885000,38,0,0
22968,22974885000,-38,1,1
22969,22975885000,40,0,0
22970,22976885000,46,0,0
22971,22977885000,48,0,0
22972,22978885000,46,0,0
22973,22979885000,42,0,0
22974,22980885000,-42,1,1
22975,22981885000,-46,1,1
22976,22982885000,-40,1,1
22977,22983885000,40,0,0
22978,22984885000,-40,1,1
22979,22985885000,-40,1,1
22980,22986885000,38,0,0
22981,22987885000,-38,1,1
22982,22988885000,40,0,0
22983,22989885000,40,0,0
22984,22990885000,-38,1,1
22985,22991885000,38,0,0
22986,22992885000,-40,1,1
22987,22993885000,-46,1,1
22988,22994885000,-48,1,1
22989,22995885000,-46,1,1
22990,22996885000,-40,1,1
22991,22997885000,38,0,0
22992,22998885000,-38,1,1
22993,22999885000,38,0,0
22994,23000885000,-40,1,1
22995,23001885000,-46,1,1
22996,23002885000,-46,1,1
22997,23003885000,-38,1,1
22998,23004885000,40,0,0
22999,23005885000,-40,1,1
23000,23006885000,-46,1,1
23001,23007885000,-48,1,1
23002,23008885000,-46,1,1
23003,23009885000,-38,1,1
23004,23010885000,40,0,0
23005,23011885000,-40,1,1
23006,23012885000,-46,1,1
23007,23013885000,-42,1,1
23008,23014885000,42,0,0
23009,23015885000,46,0,0
23010,23016885000,48,0,0
23011,23017885000,48,0,0
23012,23018885000,46,0,0
23013,23019885000,42,0,0
23014,23020885000,-42,1,1
23015,23021885000,-46,1,1
23016,23022885000,-40,1,1
23017,23023885000,42,0,0
23018,23024885000,46,0,0
23019,23025885000,42,0,0
23020,23026885000,-42,1,1
23021,23027885000,-46,1,1
23022,23028885000,-38,1,1
23023,23029885000,40,0,0
23024,23030885000,-40,1,1
23025,23031885000,-46,1,1
23026,23032885000,-48,1,1
23027,23033885000,-48,1,1
23028,23034885000,-46,1,1
23029,23035885000,-40,1,1
23030,23036885000,42,0,0
23031,23037885000,40,0,0
23032,23038885000,-40,1,1
23033,23039885000,40,0,0
23034,23040885000,46,0,0
23035,23041885000,48,0,0
23036,23042885000,48,0,0
23037,23043885000,46,0,0
23038,23044885000,40,0,0
23039,23045885000,-38,1,1
23040,23046885000,38,0,0
23041,23047885000,-40,1,1
23042,23048885000,-38,1,1
23043,23049885000,40,0,0
23044,23050885000,-40,1,1
23045,23051885000,-42,1,1
23046,23052885000,42,0,0
23047,23053885000,46,0,0
23048,23054885000,40,0,0
23049,23055885000,-40,1,1
23050,23056885000,40,0,0
23051,23057885000,46,0,0
23052,23058885000,48,0,0
23053,23059885000,46,0,0
23054,23060885000,42,0,0
23055,23061885000,-42,1,1
23056,23062885000,-40,1,1
23057,23063885000,42,0,0
23058,23064885000,46,0,0
23059,23065885000,48,0,0
23060,23066885000,48,0,0
23061,23067885000,48,0,0
23062,23068885000,48,0,0
23063,23069885000,48,0,0
23064,23070885000,48,0,0
23065,23071885000,48,0,0
23066,23072885000,46,0,0
23067,23073885000,42,0,0
23068,23074885000,-42,1,1
23069,23075885000,-46,1,1
23070,23076885000,-40,1,1
23071,23077885000,42,0,0
23072,23078885000,42,0,0
23073,23079885000,-42,1,1
23074,23080885000,-46,1,1
23075,23081885000,-38,1,1
23076,23082885000,38,0,0
23077,23083885000,-38,1,1
23078,23084885000,40,0,0
23079,23085885000,40,0,0
23080,23086885000,-40,1,1
23081,23087885000,40,0,0
23082,23088885000,42,0,0
23083,23089885000,-42,1,1
23084,23090885000,-46,1,1
23085,23091885000,-46,1,1
23086,23092885000,-40,1,1
23087,23093885000,40,0,0
23088,23094885000,-40,1,1
23089,23095885000,-46,1,1
23090,23096885000,-46,1,1
23091,23097885000,-38,1,1
23092,23098885000,40,0,0
23093,23099885000,-40,1,1
23094,23100885000,-42,1,1
23095,23101885000,42,0,0
23096,23102885000,46,0,0
23097,23103885000,42,0,0
23098,23104885000,-42,1,1
23099,23105885000,-40,1,1
23100,23106885000,40,0,0
23101,23107885000,-40,1,1
23102,23108885000,-46,1,1
23103,23109885000,-40,1,1
23104,23110885000,40,0,0
23105,23111885000,-40,1,1
23106,23112885000,-46,1,1
23107,23113885000,-46,1,1
23108,23114885000,-42,1,1
23109,23115885000,42,0,0
23110,23116885000,40,0,0
23111,23117885000,-38,1,1
23112,23118885000,38,0,0
23113,23119885000,-38,1,1
23114,23120885000,40,0,0
23115,23121885000,40,0,0
23116,23122885000,-40,1,1
23117,23123885000,40,0,0
23118,23124885000,46,0,0
23119,23125885000,48,0,0
23120,23126885000,48,0,0
23121,23127885000,46,0,0
23122,23128885000,42,0,0
23123,23129885000,-42,1,1
23124,23130885000,-40,1,1
23125,23131885000,42,0,0
23126,23132885000,46,0,0
23127,23133885000,48,0,0
23128,23134885000,48,0,0
23129,23135885000,46,0,0
23130,23136885000,42,0,0
23131,23137885000,-42,1,1
23132,23138885000,-38,1,1
23133,23139885000,40,0,0
23134,23140885000,-40,1,1
23135,23141885000,-38,1,1
23136,23142885000,40,0,0
23137,23143885000,-40,1,1
23138,23144885000,-42,1,1
23139,23145885000,42,0,0
23140,23146885000,46,0,0
23141,23147885000,42,0,0
23142,23148885000,-42,1,1
23143,23149885000,-38,1,1
23144,23150885000,38,0,0
23145,23151885000,-38,1,1
23146,23152885000,40,0,0
23147,23153885000,46,0,0
23148,23154885000,42,0,0
23149,23155885000,-42,1,1
23150,23156885000,-40,1,1
23151,23157885000,42,0,0
23152,23158885000,42,0,0
23153,23159885000,-42,1,1
23154,23160885000,-38,1,1
23155,23161885000,40,0,0
23156,23162885000,-40,1,1
23157,23163885000,-40,1,1
23158,23164885000,40,0,0
23159,23165885000,-40,1,1
23160,23166885000,-40,1,1
23161,23167885000,38,0,0
23162,23168885000,-38,1,1
23163,23169885000,40,0,0
23164,23170885000,42,0,0
23165,23171885000,-42,1,1
23166,23172885000,-46,1,1
23167,23173885000,-48,1,1
23168,23174885000,-48,1,1
23169,23175885000,-46,1,1
23170,23176885000,-40,1,1
23171,23177885000,38,0,0
23172,23178885000,-38,1,1
23173,23179885000,40,0,0
23174,23180885000,46,0,0
23175,23181885000,46,0,0
23176,23182885000,42,0,0
23177,23183885000,-42,1,1
23178,23184885000,-46,1,1
23179,23185885000,-48,1,1
23180,23186885000,-46,1,1
23181,23187885000,-40,1,1
23182,23188885000,40,0,0
23183,23189885000,-40,1,1
23184,23190885000,-38,1,1
23185,23191885000,38,0,0
23186,23192885000,-38,1,1
23187,23193885000,38,0,0
23188,23194885000,-40,1,1
23189,23195885000,-38,1,1
23190,23196885000,38,0,0
23191,23197885000,-38,1,1
23192,23198885000,38,0,0
23193,23199885000,-38,1,1
23194,23200885000,38,0,0
23195,23201885000,-40,1,1
23196,23202885000,-40,1,1
23197,23203885000,40,0,0
23198,23204885000,-40,1,1
23199,23205885000,-46,1,1
23200,23206885000,-46,1,1
23201,23207885000,-38,1,1
23202,23208885000,40,0,0
23203,23209885000,-40,1,1
23204,23210885000,-46,1,1
23205,23211885000,-40,1,1
23206,23212885000,40,0,0
23207,23213885000,-40,1,1
23208,23214885000,-46,1,1
23209,23215885000,-46,1,1
23210,23216885000,-42,1,1
23211,23217885000,42,0,0
23212,23218885000,46,0,0
23213,23219885000,40,0,0
23214,23220885000,-40,1,1
23215,23221885000,40,0,0
23216,23222885000,42,0,0
23217,23223885000,-42,1,1
23218,23224885000,-46,1,1
23219,23225885000,-38,1,1
23220,23226885000,40,0,0
23221,23227885000,-40,1,1
23222,23228885000,-40,1,1
23223,23229885000,38,0,0
23224,23230885000,-38,1,1
23225,23231885000,38,0,0
23226,23232885000,-40,1,1
23227,23233885000,-46,1,1
23228,23234885000,-40,1,1
23229,23235885000,42,0,0
23230,23236885000,46,0,0
23231,23237885000,40,0,0
23232,23238885000,-38,1,1
23233,23239885000,38,0,0
23234,23240885000,-38,1,1
23235,23241885000,40,0,0
23236,23242885000,46,0,0
23237,23243885000,40,0,0
23238,23244885000,-38,1,1
23239,23245885000,38,0,0
23240,23246885000,-40,1,1
23241,23247885000,-46,1,1
23242,23248885000,-42,1,1
23243,23249885000,42,0,0
23244,23250885000,42,0,0
23245,23251885000,-42,1,1
23246,23252885000,-40,1,1
23247,23253885000,38,0,0
23248,23254885000,-38,1,1
23249,23255885000,40,0,0
23250,23256885000,40,0,0
23251,23257885000,-38,1,1
23252,23258885000,38,0,0
23253,23259885000,-38,1,1
23254,23260885000,40,0,0
23255,23261885000,40,0,0
23256,23262885000,-40,1,1
23257,23263885000,40,0,0
23258,23264885000,42,0,0
23259,23265885000,-42,1,1
23260,23266885000,-46,1,1
23261,23267885000,-40,1,1
23262,23268885000,42,0,0
23263,23269885000,46,0,0
23264,23270885000,48,0,0
23265,23271885000,46,0,0
23266,23272885000,40,0,0
23267,23273885000,-38,1,1
23268,23274885000,38,0,0
23269,23275885000,-40,1,1
23270,23276885000,-42,1,1
23271,23277885000,42,0,0
23272,23278885000,42,0,0
23273,23279885000,-42,1,1
23274,23280885000,-42,1,1
23275,23281885000,42,0,0
23276,23282885000,46,0,0
23277,23283885000,46,0,0
23278,23284885000,42,0,0
23279,23285885000,-42,1,1
23280,23286885000,-38,1,1
23281,23287885000,40,0,0
23282,23288885000,-40,1,1
23283,23289885000,-38,1,1
23284,23290885000,40,0,0
23285,23291885000,-40,1,1
23286,23292885000,-40,1,1
23287,23293885000,40,0,0
23288,23294885000,-40,1,1
23289,23295885000,-46,1,1
23290,23296885000,-48,1,1
23291,23297885000,-48,1,1
23292,23298885000,-46,1,1
23293,23299885000,-42,1,1
23294,23300885000,42,0,0
23295,23301885000,42,0,0
23296,23302885000,-42,1,1
23297,23303885000,-40,1,1
23298,23304885000,40,0,0
23299,23305885000,-40,1,1
23300,23306885000,-46,1,1
23301,23307885000,-40,1,1
23302,23308885000,42,0,0
23303,23309885000,46,0,0
23304,23310885000,48,0,0
23305,23311885000,46,0,0
23306,23312885000,40,0,0
23307,23313885000,-38,1,1
23308,23314885000,38,0,0
23309,23315885000,-38,1,1
23310,23316885000,40,0,0
23311,23317885000,46,0,0
23312,23318885000,40,0,0
23313,23319885000,-38,1,1
23314,23320885000,38,0,0
23315,23321885000,-40,1,1
23316,23322885000,-46,1,1
23317,23323885000,-40,1,1
23318,23324885000,42,0,0
23319,23325885000,46,0,0
23320,23326885000,48,0,0
23321,23327885000,48,0,0
23322,23328885000,48,0,0
23323,23329885000,48,0,0
23324,23330885000,48,0,0
23325,23331885000,48,0,0
23326,23332885000,48,0,0
23327,23333885000,48,0,0
23328,23334885000,46,0,0
23329,23335885000,40,0,0
23330,23336885000,-40,1,1
23331,23337885000,40,0,0
23332,23338885000,40,0,0
23333,23339885000,-38,1,1
23334,23340885000,38,0,0
23335,23341885000,-38,1,1
23336,23342885000,38,0,0
23337,23343885000,-38,1,1
23338,23344885000,40,0,0
23339,23345885000,46,0,0
23340,23346885000,46,0,0
23341,23347885000,42,0,0
23342,23348885000,-42,1,1
23343,23349885000,-46,1,1
23344,23350885000,-38,1,1
23345,23351885000,38,0,0
23346,23352885000,-38,1,1
23347,23353885000,38,0,0
23348,23354885000,-40,1,1
23349,23355885000,-46,1,1
23350,23356885000,-48,1,1
23351,23357885000,-48,1,1
23352,23358885000,-46,1,1
23353,23359885000,-40,1,1
23354,23360885000,42,0,0
23355,23361885000,46,0,0
23356,23362885000,40,0,0
23357,23363885000,-40,1,1
23358,23364885000,40,0,0
23359,23365885000,40,0,0
23360,23366885000,-40,1,1
23361,23367885000,40,0,0
23362,23368885000,42,0,0
23363,23369885000,-42,1,1
23364,23370885000,-46,1,1
23365,23371885000,-40,1,1
23366,23372885000,40,0,0
23367,23373885000,-40,1,1
23368,23374885000,-40,1,1
23369,23375885000,42,0,0
23370,23376885000,46,0,0
23371,23377885000,48,0,0
23372,23378885000,48,0,0
23373,23379885000,48,0,0
23374,23380885000,48,0,0
23375,23381885000,48,0,0
23376,23382885000,46,0,0
23377,23383885000,42,0,0
23378,23384885000,-42,1,1
23379,23385885000,-40,1,1
23380,23386885000,42,0,0
23381,23387885000,42,0,0
23382,23388885000,-42,1,1
23383,23389885000,-46,1,1
23384,23390885000,-40,1,1
23385,23391885000,40,0,0
23386,23392885000,-40,1,1
23387,23393885000,-40,1,1
23388,23394885000,38,0,0
23389,23395885000,-38,1,1
23390,23396885000,38,0,0
23391,23397885000,-38,1,1
23392,23398885000,40,0,0
23393,23399885000,46,0,0
23394,23400885000,46,0,0
23395,23401885000,40,0,0
23396,23402885000,-38,1,1
23397,23403885000,38,0,0
23398,23404885000,-38,1,1
23399,23405885000,40,0,0
23400,23406885000,46,0,0
23401,23407885000,40,0,0
23402,23408885000,-40,1,1
23403,23409885000,40,0,0
23404,23410885000,42,0,0
23405,23411885000,-42,1,1
23406,23412885000,-46,1,1
23407,23413885000,-46,1,1
23408,23414885000,-38,1,1
23409,23415885000,38,0,0
23410,23416885000,-38,1,1
23411,23417885000,38,0,0
23412,23418885000,-38,1,1
23413,23419885000,38,0,0
23414,23420885000,-38,1,1
23415,23421885000,40,0,0
23416,23422885000,40,0,0
23417,23423885000,-38,1,1
23418,23424885000,38,0,0
23419,23425885000,-40,1,1
23420,23426885000,-40,1,1
23421,23427885000,42,0,0
23422,23428885000,42,0,0
23423,23429885000,-42,1,1
23424,23430885000,-38,1,1
23425,23431885000,38,0,0
23426,23432885000,-38,1,1
23427,23433885000,38,0,0
23428,23434885000,-40,1,1
23429,23435885000,-40,1,1
23430,23436885000,42,0,0
23431,23437885000,46,0,0
23432,23438885000,42,0,0
23433,23439885000,-42,1,1
23434,23440885000,-38,1,1
23435,23441885000,38,0,0
23436,23442885000,-38,1,1
23437,23443885000,40,0,0
23438,23444885000,40,0,0
23439,23445885000,-40,1,1
23440,23446885000,40,0,0
23441,23447885000,46,0,0
23442,23448885000,46,0,0
23443,23449885000,40,0,0
23444,23450885000,-40,1,1
23445,23451885000,40,0,0
23446,23452885000,40,0,0
23447,23453885000,-40,1,1
23448,23454885000,40,0,0
23449,23455885000,46,0,0
23450,23456885000,46,0,0
23451,23457885000,42,0,0
23452,23458885000,-42,1,1
23453,23459885000,-38,1,1
23454,23460885000,40,0,0
23455,23461885000,-40,1,1
23456,23462885000,-46,1,1
23457,23463885000,-40,1,1
23458,23464885000,40,0,0
23459,23465885000,-40,1,1
23460,23466885000,-38,1,1
23461,23467885000,40,0,0
23462,23468885000,-40,1,1
23463,23469885000,-46,1,1
23464,23470885000,-48,1,1
23465,23471885000,-48,1,1
23466,23472885000,-48,1,1
23467,23473885000,-48,1,1
23468,23474885000,-46,1,1
23469,23475885000,-40,1,1
23470,23476885000,38,0,0
23471,23477885000,-38,1,1
23472,23478885000,40,0,0
23473,23479885000,40,0,0
23474,23480885000,-40,1,1
23475,23481885000,40,0,0
23476,23482885000,46,0,0
23477,23483885000,42,0,0
23478,23484885000,-42,1,1
23479,23485885000,-38,1,1
23480,23486885000,38,0,0
23481,23487885000,-38,1,1
23482,23488885000,40,0,0
23483,23489885000,42,0,0
23484,23490885000,-42,1,1
23485,23491885000,-38,1,1
23486,23492885000,38,0,0
23487,23493885000,-38,1,1
23488,23494885000,40,0,0
23489,23495885000,46,0,0
23490,23496885000,46,0,0
23491,23497885000,40,0,0
23492,23498885000,-40,1,1
23493,23499885000,40,0,0
23494,23500885000,46,0,0
23495,23501885000,40,0,0
23496,23502885000,-40,1,1
23497,23503885000,40,0,0
23498,23504885000,42,0,0
23499,23505885000,-42,1,1
23500,23506885000,-40,1,1
23501,23507885000,42,0,0
23502,23508885000,42,0,0
23503,23509885000,-42,1,1
23504,23510885000,-38,1,1
23505,23511885000,40,0,0
23506,23512885000,-40,1,1
23507,23513885000,-40,1,1
23508,23514885000,42,0,0
23509,23515885000,46,0,0
23510,23516885000,42,0,0
23511,23517885000,-42,1,1
23512,23518885000,-46,1,1
23513,23519885000,-48,1,1
23514,23520885000,-48,1,1
23515,23521885000,-46,1,1
23516,23522885000,-40,1,1
23517,23523885000,42,0,0
23518,23524885000,42,0,0
23519,23525885000,-42,1,1
23520,23526885000,-38,1,1
23521,23527885000,40,0,0
23522,23528885000,-40,1,1
23523,23529885000,-40,1,1
23524,23530885000,42,0,0
23525,23531885000,40,0,0
23526,23532885000,-40,1,1
23527,23533885000,40,0,0
23528,23534885000,46,0,0
23529,23535885000,40,0,0
23530,23536885000,-38,1,1
23531,23537885000,38,0,0
23532,23538885000,-40,1,1
23533,23539885000,-46,1,1
23534,23540885000,-38,1,1
23535,23541885000,40,0,0
23536,23542885000,-40,1,1
23537,23543885000,-46,1,1
23538,23544885000,-46,1,1
23539,23545885000,-42,1,1
23540,23546885000,42,0,0
23541,23547885000,46,0,0
23542,23548885000,46,0,0
23543,23549885000,42,0,0
23544,23550885000,-42,1,1
23545,23551885000,-40,1,1
23546,23552885000,42,0,0
23547,23553885000,40,0,0
23548,23554885000,-40,1,1
23549,23555885000,40,0,0
23550,23556885000,46,0,0
23551,23557885000,46,0,0
23552,23558885000,40,0,0
23553,23559885000,-38,1,1
23554,23560885000,38,0,0
23555,23561885000,-40,1,1
23556,23562885000,-46,1,1
23557,23563885000,-42,1,1
23558,23564885000,42,0,0
23559,23565885000,46,0,0
23560,23566885000,42,0,0
23561,23567885000,-42,1,1
23562,23568885000,-40,1,1
23563,23569885000,38,0,0
23564,23570885000,-38,1,1
23565,23571885000,38,0,0
23566,23572885000,-40,1,1
23567,23573885000,-46,1,1
23568,23574885000,-40,1,1
23569,23575885000,42,0,0
23570,23576885000,46,0,0
23571,23577885000,40,0,0
23572,23578885000,-38,1,1
23573,23579885000,38,0,0
23574,23580885000,-38,1,1
23575,23581885000,38,0,0
23576,23582885000,-38,1,1
23577,23583885000,38,0,0
23578,23584885000,-40,1,1
23579,23585885000,-40,1,1
23580,23586885000,40,0,0
23581,23587885000,-40,1,1
23582,23588885000,-46,1,1
23583,23589885000,-48,1,1
23584,23590885000,-48,1,1
23585,23591885000,-46,1,1
23586,23592885000,-38,1,1
23587,23593885000,38,0,0
23588,23594885000,-38,1,1
23589,23595885000,38,0,0
23590,23596885000,-38,1,1
23591,23597885000,40,0,0
23592,23598885000,46,0,0
23593,23599885000,42,0,0
23594,23600885000,-42,1,1
23595,23601885000,-46,1,1
23596,23602885000,-38,1,1
23597,23603885000,38,0,0
23598,23604885000,-38,1,1
23599,23605885000,38,0,0
23600,23606885000,-38,1,1
23601,23607885000,40,0,0
23602,23608885000,46,0,0
23603,23609885000,48,0,0
23604,23610885000,48,0,0
23605,23611885000,46,0,0
23606,23612885000,42,0,0
23607,23613885000,-42,1,1
23608,23614885000,-38,1,1
23609,23615885000,38,0,0
23610,23616885000,-38,1,1
23611,23617885000,38,0,0
23612,23618885000,-40,1,1
23613,23619885000,-40,1,1
23614,23620885000,42,0,0
23615,23621885000,46,0,0
23616,23622885000,40,0,0
23617,23623885000,-40,1,1
23618,23624885000,40,0,0
23619,23625885000,42,0,0
23620,23626885000,-42,1,1
23621,23627885000,-40,1,1
23622,23628885000,40,0,0
23623,23629885000,-40,1,1
23624,23630885000,-38,1,1
23625,23631885000,40,0,0
23626,23632885000,-40,1,1
23627,23633885000,-46,1,1
23628,23634885000,-40,1,1
23629,23635885000,40,0,0
23630,23636885000,-40,1,1
23631,23637885000,-46,1,1
23632,23638885000,-46,1,1
23633,23639885000,-38,1,1
23634,23640885000,40,0,0
23635,23641885000,-40,1,1
23636,23642885000,-40,1,1
23637,23643885000,40,0,0
23638,23644885000,-40,1,1
23639,23645885000,-40,1,1
23640,23646885000,38,0,0
23641,23647885000,-38,1,1
23642,23648885000,40,0,0
23643,23649885000,40,0,0
23644,23650885000,-40,1,1
23645,23651885000,40,0,0
23646,23652885000,42,0,0
23647,23653885000,-42,1,1
23648,23654885000,-42,1,1
23649,23655885000,42,0,0
23650,23656885000,40,0,0
23651,23657885000,-38,1,1
23652,23658885000,38,0,0
23653,23659885000,-40,1,1
23654,23660885000,-46,1,1
23655,23661885000,-42,1,1
23656,23662885000,42,0,0
23657,23663885000,46,0,0
23658,23664885000,40,0,0
23659,23665885000,-38,1,1
23660,23666885000,38,0,0
23661,23667885000,-38,1,1
23662,23668885000,38,0,0
23663,23669885000,-40,1,1
23664,23670885000,-40,1,1
23665,23671885000,38,0,0
23666,23672885000,-38,1,1
23667,23673885000,38,0,0
23668,23674885000,-40,1,1
23669,23675885000,-40,1,1
23670,23676885000,38,0,0
23671,23677885000,-38,1,1
23672,23678885000,40,0,0
23673,23679885000,42,0,0
23674,23680885000,-42,1,1
23675,23681885000,-46,1,1
23676,23682885000,-46,1,1
23677,23683885000,-38,1,1
23678,23684885000,40,0,0
23679,23685885000,-40,1,1
23680,23686885000,-46,1,1
23681,23687885000,-46,1,1
23682,23688885000,-38,1,1
23683,23689885000,40,0,0
23684,23690885000,-40,1,1
23685,23691885000,-40,1,1
23686,23692885000,42,0,0
23687,23693885000,40,0,0
23688,23694885000,-38,1,1
23689,23695885000,38,0,0
23690,23696885000,-38,1,1
23691,23697885000,38,0,0
23692,23698885000,-40,1,1
23693,23699885000,-46,1,1
23694,23700885000,-48,1,1
23695,23701885000,-46,1,1
23696,23702885000,-38,1,1
23697,23703885000,38,0,0
23698,23704885000,-38,1,1
23699,23705885000,38,0,0
23700,23706885000,-38,1,1
23701,23707885000,40,0,0
23702,23708885000,46,0,0
23703,23709885000,42,0,0
23704,23710885000,-42,1,1
23705,23711885000,-46,1,1
23706,23712885000,-48,1,1
23707,23713885000,-46,1,1
23708,23714885000,-42,1,1
23709,23715885000,42,0,0
23710,23716885000,46,0,0
23711,23717885000,46,0,0
23712,23718885000,40,0,0
23713,23719885000,-40,1,1
23714,23720885000,40,0,0
23715,23721885000,42,0,0
23716,23722885000,-42,1,1
23717,23723885000,-40,1,1
23718,23724885000,40,0,0
23719,23725885000,-40,1,1
23720,23726885000,-40,1,1
23721,23727885000,42,0,0
23722,23728885000,46,0,0
23723,23729885000,48,0,0
23724,23730885000,46,0,0
23725,23731885000,40,0,0
23726,23732885000,-38,1,1
23727,23733885000,38,0,0
23728,23734885000,-38,1,1
23729,23735885000,40,0,0
23730,23736885000,46,0,0
23731,23737885000,46,0,0
23732,23738885000,40,0,0
23733,23739885000,-40,1,1
23734,23740885000,40,0,0
23735,23741885000,46,0,0
23736,23742885000,46,0,0
23737,23743885000,42,0,0
23738,23744885000,-42,1,1
23739,23745885000,-46,1,1
23740,23746885000,-46,1,1
23741,23747885000,-38,1,1
23742,23748885000,40,0,0
23743,23749885000,-40,1,1
23744,23750885000,-40,1,1
23745,23751885000,38,0,0
23746,23752885000,-38,1,1
23747,23753885000,38,0,0
23748,23754885000,-38,1,1
23749,23755885000,38,0,0
23750,23756885000,-40,1,1
23751,23757885000,-40,1,1
23752,23758885000,40,0,0
23753,23759885000,-40,1,1
23754,23760885000,-38,1,1
23755,23761885000,38,0,0
23756,23762885000,-38,1,1
23757,23763885000,40,0,0
23758,23764885000,42,0,0
23759,23765885000,-42,1,1
23760,23766885000,-46,1,1
23761,23767885000,-40,1,1
23762,23768885000,42,0,0
23763,23769885000,46,0,0
23764,23770885000,48,0,0
23765,23771885000,46,0,0
23766,23772885000,40,0,0
23767,23773885000,-38,1,1
23768,23774885000,38,0,0
23769,23775885000,-38,1,1
23770,23776885000,38,0,0
23771,23777885000,-38,1,1
23772,23778885000,40,0,0
23773,23779885000,46,0,0
23774,23780885000,46,0,0
23775,23781885000,42,0,0
23776,23782885000,-42,1,1
23777,23783885000,-46,1,1
23778,23784885000,-46,1,1
23779,23785885000,-40,1,1
23780,23786885000,42,0,0
23781,23787885000,40,0,0
23782,23788885000,-38,1,1
23783,23789885000,38,0,0
23784,23790885000,-38,1,1
23785,23791885000,38,0,0
23786,23792885000,-38,1,1
23787,23793885000,40,0,0
23788,23794885000,46,0,0
23789,23795885000,40,0,0
23790,23796885000,-38,1,1
23791,23797885000,38,0,0
23792,23798885000,-40,1,1
23793,23799885000,-42,1,1
23794,23800885000,42,0,0
23795,23801885000,46,0,0
23796,23802885000,42,0,0
23797,23803885000,-42,1,1
23798,23804885000,-46,1,1
23799,23805885000,-46,1,1
23800,23806885000,-40,1,1
23801,23807885000,42,0,0
23802,23808885000,40,0,0
23803,23809885000,-38,1,1
23804,23810885000,38,0,0
23805,23811885000,-40,1,1
23806,23812885000,-46,1,1
23807,23813885000,-46,1,1
23808,23814885000,-42,1,1
23809,23815885000,42,0,0
23810,23816885000,42,0,0
23811,23817885000,-42,1,1
23812,23818885000,-40,1,1
23813,23819885000,38,0,0
23814,23820885000,-38,1,1
23815,23821885000,40,0,0
23816,23822885000,42,0,0
23817,23823885000,-42,1,1
23818,23824885000,-46,1,1
23819,23825885000,-40,1,1
23820,23826885000,38,0,0
23821,23827885000,-38,1,1
23822,23828885000,40,0,0
23823,23829885000,46,0,0
23824,23830885000,42,0,0
23825,23831885000,-42,1,1
23826,23832885000,-42,1,1
23827,23833885000,42,0,0
23828,23834885000,42,0,0
23829,23835885000,-42,1,1
23830,23836885000,-46,1,1
23831,23837885000,-42,1,1
23832,23838885000,42,0,0
23833,23839885000,42,0,0
23834,23840885000,-42,1,1
23835,23841885000,-40,1,1
23836,23842885000,38,0,0
23837,23843885000,-38,1,1
23838,23844885000,38,0,0
23839,23845885000,-40,1,1
23840,23846885000,-46,1,1
23841,23847885000,-48,1,1
23842,23848885000,-48,1,1
23843,23849885000,-48,1,1
23844,23850885000,-48,1,1
23845,23851885000,-48,1,1
23846,23852885000,-46,1,1
23847,23853885000,-40,1,1
23848,23854885000,38,0,0
23849,23855885000,-38,1,1
23850,23856885000,40,0,0
23851,23857885000,46,0,0
23852,23858885000,40,0,0
23853,23859885000,-40,1,1
23854,23860885000,40,0,0
23855,23861885000,46,0,0
23856,23862885000,40,0,0
23857,23863885000,-40,1,1
23858,23864885000,40,0,0
23859,23865885000,46,0,0
23860,23866885000,46,0,0
23861,23867885000,40,0,0
23862,23868885000,-40,1,1
23863,23869885000,40,0,0
23864,23870885000,46,0,0
23865,23871885000,40,0,0
23866,23872885000,-40,1,1
23867,23873885000,40,0,0
23868,23874885000,40,0,0
23869,23875885000,-40,1,1
23870,23876885000,40,0,0
23871,23877885000,40,0,0
23872,23878885000,-40,1,1
23873,23879885000,40,0,0
23874,23880885000,40,0,0
23875,23881885000,-40,1,1
23876,23882885000,40,0,0
23877,23883885000,46,0,0
23878,23884885000,42,0,0
23879,23885885000,-42,1,1
23880,23886885000,-42,1,1
23881,23887885000,42,0,0
23882,23888885000,46,0,0
23883,23889885000,42,0,0
23884,23890885000,-42,1,1
23885,23891885000,-46,1,1
23886,23892885000,-48,1,1
23887,23893885000,-48,1,1
23888,23894885000,-48,1,1
23889,23895885000,-48,1,1
23890,23896885000,-48,1,1
23891,23897885000,-48,1,1
23892,23898885000,-46,1,1
23893,23899885000,-40,1,1
23894,23900885000,42,0,0
23895,23901885000,46,0,0
23896,23902885000,42,0,0
23897,23903885000,-42,1,1
23898,23904885000,-46,1,1
23899,23905885000,-40,1,1
23900,23906885000,42,0,0
23901,23907885000,46,0,0
23902,23908885000,46,0,0
23903,23909885000,42,0,0
23904,23910885000,-42,1,1
23905,23911885000,-40,1,1
23906,23912885000,40,0,0
23907,23913885000,-40,1,1
23908,23914885000,-46,1,1
23909,23915885000,-48,1,1
23910,23916885000,-46,1,1
23911,23917885000,-42,1,1
23912,23918885000,42,0,0
23913,23919885000,40,0,0
23914,23920885000,-40,1,1
23915,23921885000,40,0,0
23916,23922885000,46,0,0
23917,23923885000,46,0,0
23918,23924885000,40,0,0
23919,23925885000,-38,1,1
23920,23926885000,38,0,0
23921,23927885000,-40,1,1
23922,23928885000,-46,1,1
23923,23929885000,-38,1,1
23924,23930885000,40,0,0
23925,23931885000,-40,1,1
23926,23932885000,-40,1,1
23927,23933885000,40,0,0
23928,23934885000,-40,1,1
23929,23935885000,-40,1,1
23930,23936885000,40,0,0
23931,23937885000,-40,1,1
23932,23938885000,-46,1,1
23933,23939885000,-46,1,1
23934,23940885000,-42,1,1
23935,23941885000,42,0,0
23936,23942885000,42,0,0
23937,23943885000,-42,1,1
23938,23944885000,-46,1,1
23939,23945885000,-40,1,1
23940,23946885000,38,0,0
23941,23947885000,-38,1,1
23942,23948885000,40,0,0
23943,23949885000,46,0,0
23944,23950885000,40,0,0
23945,23951885000,-40,1,1
23946,23952885000,40,0,0
23947,23953885000,46,0,0
23948,23954885000,48,0,0
23949,23955885000,46,0,0
23950,23956885000,40,0,0
23951,23957885000,-40,1,1
23952,23958885000,40,0,0
23953,23959885000,46,0,0
23954,23960885000,46,0,0
23955,23961885000,40,0,0
23956,23962885000,-40,1,1
23957,23963885000,40,0,0
23958,23964885000,46,0,0
23959,23965885000,48,0,0
23960,23966885000,48,0,0
23961,23967885000,46,0,0
23962,23968885000,40,0,0
23963,23969885000,-40,1,1
23964,23970885000,40,0,0
23965,23971885000,46,0,0
23966,23972885000,40,0,0
23967,23973885000,-40,1,1
23968,23974885000,40,0,0
23969,23975885000,46,0,0
23970,23976885000,46,0,0
23971,23977885000,42,0,0
23972,23978885000,-42,1,1
23973,23979885000,-38,1,1
23974,23980885000,40,0,0
23975,23981885000,-40,1,1
23976,23982885000,-40,1,1
23977,23983885000,40,0,0
23978,23984885000,-40,1,1
23979,23985885000,-42,1,1
23980,23986885000,42,0,0
23981,23987885000,40,0,0
23982,23988885000,-38,1,1
23983,23989885000,38,0,0
23984,23990885000,-40,1,1
23985,23991885000,-40,1,1
23986,23992885000,38,0,0
23987,23993885000,-38,1,1
23988,23994885000,38,0,0
23989,23995885000,-40,1,1
23990,23996885000,-46,1,1
23991,23997885000,-46,1,1
23992,23998885000,-40,1,1
23993,23999885000,40,0,0
23994,24000885000,-40,1,1
23995,24001885000,-46,1,1
23996,24002885000,-40,1,1
23997,24003885000,42,0,0
23998,24004885000,40,0,0
23999,24005885000,-40,1,1
24000,24006885000,40,0,0
24001,24007885000,40,0,0
24002,24008885000,-40,1,1
24003,24009885000,40,0,0
24004,24010885000,40,0,0
24005,24011885000,-38,1,1
24006,24012885000,38,0,0
24007,24013885000,-40,1,1
24008,24014885000,-46,1,1
24009,24015885000,-40,1,1
24010,24016885000,40,0,0
24011,24017885000,-40,1,1
24012,24018885000,-38,1,1
24013,24019885000,40,0,0
24014,24020885000,-40,1,1
24015,24021885000,-46,1,1
24016,24022885000,-48,1,1
24017,24023885000,-48,1,1
24018,24024885000,-48,1,1
24019,24025885000,-48,1,1
24020,24026885000,-46,1,1
24021,24027885000,-40,1,1
24022,24028885000,38,0,0
24023,24029885000,-38,1,1
24024,24030885000,40,0,0
24025,24031885000,40,0,0
24026,24032885000,-38,1,1
24027,24033885000,38,0,0
24028,24034885000,-38,1,1
24029,24035885000,38,0,0
24030,24036885000,-40,1,1
24031,24037885000,-46,1,1
24032,24038885000,-46,1,1
24033,24039885000,-38,1,1
24034,24040885000,38,0,0
24035,24041885000,-38,1,1
24036,24042885000,38,0,0
24037,24043885000,-38,1,1
24038,24044885000,40,0,0
24039,24045885000,46,0,0
24040,24046885000,42,0,0
24041,24047885000,-42,1,1
24042,24048885000,-46,1,1
24043,24049885000,-48,1,1
24044,24050885000,-48,1,1
24045,24051885000,-46,1,1
24046,24052885000,-38,1,1
24047,24053885000,40,0,0
24048,24054885000,-40,1,1
24049,24055885000,-38,1,1
24050,24056885000,38,0,0
24051,24057885000,-38,1,1
24052,24058885000,38,0,0
24053,24059885000,-40,1,1
24054,24060885000,-46,1,1
24055,24061885000,-42,1,1
24056,24062885000,42,0,0
24057,24063885000,42,0,0
24058,24064885000,-42,1,1
24059,24065885000,-46,1,1
24060,24066885000,-48,1,1
24061,24067885000,-46,1,1
24062,24068885000,-40,1,1
24063,24069885000,38,0,0
24064,24070885000,-38,1,1
24065,24071885000,38,0,0
24066,24072885000,-38,1,1
24067,24073885000,40,0,0
24068,24074885000,42,0,0
24069,24075885000,-42,1,1
24070,24076885000,-46,1,1
24071,24077885000,-48,1,1
24072,24078885000,-46,1,1
24073,24079885000,-40,1,1
24074,24080885000,42,0,0
24075,24081885000,42,0,0
24076,24082885000,-42,1,1
24077,24083885000,-46,1,1
24078,24084885000,-48,1,1
24079,24085885000,-48,1,1
24080,24086885000,-48,1,1
24081,24087885000,-46,1,1
24082,24088885000,-42,1,1
24083,24089885000,42,0,0
24084,24090885000,46,0,0
24085,24091885000,48,0,0
24086,24092885000,46,0,0
24087,24093885000,40,0,0
24088,24094885000,-38,1,1
24089,24095885000,38,0,0
24090,24096885000,-40,1,1
24091,24097885000,-42,1,1
24092,24098885000,42,0,0
24093,24099885000,46,0,0
24094,24100885000,42,0,0
24095,24101885000,-42,1,1
24096,24102885000,-40,1,1
24097,24103885000,38,0,0
24098,24104885000,-38,1,1
24099,24105885000,38,0,0
24100,24106885000,-40,1,1
24101,24107885000,-40,1,1
24102,24108885000,40,0,0
24103,24109885000,-40,1,1
24104,24110885000,-46,1,1
24105,24111885000,-46,1,1
24106,24112885000,-40,1,1
24107,24113885000,40,0,0
24108,24114885000,-40,1,1
24109,24115885000,-40,1,1
24110,24116885000,38,0,0
24111,24117885000,-38,1,1
24112,24118885000,40,0,0
24113,24119885000,46,0,0
24114,24120885000,48,0,0
24115,24121885000,48,0,0
24116,24122885000,48,0,0
24117,24123885000,46,0,0
24118,24124885000,40,0,0
24119,24125885000,-38,1,1
24120,24126885000,38,0,0
24121,24127885000,-38,1,1
24122,24128885000,38,0,0
24123,24129885000,-38,1,1
24124,24130885000,38,0,0
24125,24131885000,-38,1,1
24126,24132885000,38,0,0
24127,24133885000,-40,1,1
24128,24134885000,-46,1,1
24129,24135885000,-42,1,1
24130,24136885000,42,0,0
24131,24137885000,42,0,0
24132,24138885000,-42,1,1
24133,24139885000,-46,1,1
24134,24140885000,-38,1,1
24135,24141885000,38,0,0
24136,24142885000,-38,1,1
24137,24143885000,40,0,0
24138,24144885000,46,0,0
24139,24145885000,46,0,0
24140,24146885000,42,0,0
24141,24147885000,-42,1,1
24142,24148885000,-42,1,1
24143,24149885000,42,0,0
24144,24150885000,42,0,0
24145,24151885000,-42,1,1
24146,24152885000,-42,1,1
24147,24153885000,42,0,0
24148,24154885000,46,0,0
24149,24155885000,48,0,0
24150,24156885000,48,0,0
24151,24157885000,48,0,0
24152,24158885000,46,0,0
24153,24159885000,40,0,0
24154,24160885000,-40,1,1
24155,24161885000,40,0,0
24156,24162885000,46,0,0
24157,24163885000,48,0,0
24158,24164885000,48,0,0
24159,24165885000,48,0,0
24160,24166885000,46,0,0
24161,24167885000,42,0,0
24162,24168885000,-42,1,1
24163,24169885000,-42,1,1
24164,24170885000,42,0,0
24165,24171885000,46,0,0
24166,24172885000,40,0,0
24167,24173885000,-38,1,1
24168,24174885000,38,0,0
24169,24175885000,-38,1,1
24170,24176885000,40,0,0
24171,24177885000,46,0,0
24172,24178885000,40,0,0
24173,24179885000,-38,1,1
24174,24180885000,38,0,0
24175,24181885000,-38,1,1
24176,24182885000,38,0,0
24177,24183885000,-38,1,1
24178,24184885000,40,0,0
24179,24185885000,46,0,0
24180,24186885000,48,0,0
24181,24187885000,46,0,0
24182,24188885000,40,0,0
24183,24189885000,-38,1,1
24184,24190885000,38,0,0
24185,24191885000,-38,1,1
24186,24192885000,40,0,0
24187,24193885000,42,0,0
24188,24194885000,-42,1,1
24189,24195885000,-46,1,1
24190,24196885000,-38,1,1
24191,24197885000,38,0,0
24192,24198885000,-38,1,1
24193,24199885000,40,0,0
24194,24200885000,46,0,0
24195,24201885000,46,0,0
24196,24202885000,40,0,0
24197,24203885000,-40,1,1
24198,24204885000,40,0,0
24199,24205885000,42,0,0
24200,24206885000,-42,1,1
24201,24207885000,-46,1,1
24202,24208885000,-40,1,1
24203,24209885000,38,0,0
24204,24210885000,-38,1,1
24205,24211885000,40,0,0
24206,24212885000,46,0,0
24207,24213885000,40,0,0
24208,24214885000,-38,1,1
24209,24215885000,38,0,0
24210,24216885000,-38,1,1
24211,24217885000,38,0,0
24212,24218885000,-40,1,1
24213,24219885000,-46,1,1
24214,24220885000,-42,1,1
24215,24221885000,42,0,0
24216,24222885000,46,0,0
24217,24223885000,40,0,0
24218,24224885000,-40,1,1
24219,24225885000,40,0,0
24220,24226885000,40,0,0
24221,24227885000,-38,1,1
24222,24228885000,38,0,0
24223,24229885000,-38,1,1
24224,24230885000,40,0,0
24225,24231885000,46,0,0
24226,24232885000,42,0,0
24227,24233885000,-42,1,1
24228,24234885000,-42,1,1
24229,24235885000,42,0,0
24230,24236885000,42,0,0
24231,24237885000,-42,1,1
24232,24238885000,-40,1,1
24233,24239885000,38,0,0
24234,24240885000,-38,1,1
24235,24241885000,40,0,0
24236,24242885000,40,0,0
24237,24243885000,-38,1,1
24238,24244885000,38,0,0
24239,24245885000,-38,1,1
24240,24246885000,38,0,0
24241,24247885000,-38,1,1
24242,24248885000,40,0,0
24243,24249885000,40,0,0
24244,24250885000,-40,1,1
24245,24251885000,40,0,0
24246,24252885000,40,0,0
24247,24253885000,-40,1,1
24248,24254885000,40,0,0
24249,24255885000,42,0,0
24250,24256885000,-42,1,1
24251,24257885000,-40,1,1
24252,24258885000,38,0,0
24253,24259885000,-38,1,1
24254,24260885000,40,0,0
24255,24261885000,42,0,0
24256,24262885000,-42,1,1
24257,24263885000,-42,1,1
24258,24264885000,42,0,0
24259,24265885000,46,0,0
24260,24266885000,40,0,0
24261,24267885000,-38,1,1
24262,24268885000,38,0,0
24263,24269885000,-40,1,1
24264,24270885000,-46,1,1
24265,24271885000,-48,1,1
24266,24272885000,-46,1,1
24267,24273885000,-40,1,1
24268,24274885000,42,0,0
24269,24275885000,40,0,0
24270,24276885000,-40,1,1
24271,24277885000,40,0,0
24272,24278885000,42,0,0
24273,24279885000,-42,1,1
24274,24280885000,-40,1,1
24275,24281885000,42,0,0
24276,24282885000,40,0,0
24277,24283885000,-38,1,1
24278,24284885000,38,0,0
24279,24285885000,-40,1,1
24280,24286885000,-40,1,1
24281,24287885000,42,0,0
24282,24288885000,40,0,0
24283,24289885000,-38,1,1
24284,24290885000,38,0,0
24285,24291885000,-40,1,1
24286,24292885000,-40,1,1
24287,24293885000,42,0,0
24288,24294885000,46,0,0
24289,24295885000,42,0,0
24290,24296885000,-42,1,1
24291,24297885000,-46,1,1
24292,24298885000,-48,1,1
24293,24299885000,-48,1,1
24294,24300885000,-48,1,1
24295,24301885000,-48,1,1
24296,24302885000,-46,1,1
24297,24303885000,-38,1,1
24298,24304885000,40,0,0
24299,24305885000,-40,1,1
24300,24306885000,-46,1,1
24301,24307885000,-48,1,1
24302,24308885000,-46,1,1
24303,24309885000,-38,1,1
24304,24310885000,40,0,0
24305,24311885000,-40,1,1
24306,24312885000,-40,1,1
24307,24313885000,40,0,0
24308,24314885000,-40,1,1
24309,24315885000,-40,1,1
24310,24316885000,40,0,0
24311,24317885000,-40,1,1
24312,24318885000,-40,1,1
24313,24319885000,42,0,0
24314,24320885000,46,0,0
24315,24321885000,46,0,0
24316,24322885000,42,0,0
24317,24323885000,-42,1,1
24318,24324885000,-42,1,1
24319,24325885000,42,0,0
24320,24326885000,46,0,0
24321,24327885000,46,0,0
24322,24328885000,42,0,0
24323,24329885000,-42,1,1
24324,24330885000,-40,1,1
24325,24331885000,42,0,0
24326,24332885000,46,0,0
24327,24333885000,48,0,0
24328,24334885000,46,0,0
24329,24335885000,40,0,0
24330,24336885000,-38,1,1
24331,24337885000,38,0,0
24332,24338885000,-38,1,1
24333,24339885000,40,0,0
24334,24340885000,46,0,0
24335,24341885000,46,0,0
24336,24342885000,42,0,0
24337,24343885000,-42,1,1
24338,24344885000,-40,1,1
24339,24345885000,38,0,0
24340,24346885000,-38,1,1
24341,24347885000,40,0,0
24342,24348885000,46,0,0
24343,24349885000,48,0,0
24344,24350885000,46,0,0
24345,24351885000,40,0,0
24346,24352885000,-40,1,1
24347,24353885000,40,0,0
24348,24354885000,40,0,0
24349,24355885000,-38,1,1
24350,24356885000,38,0,0
24351,24357885000,-38,1,1
24352,24358885000,38,0,0
24353,24359885000,-40,1,1
24354,24360885000,-42,1,1
24355,24361885000,42,0,0
24356,24362885000,40,0,0
24357,24363885000,-40,1,1
24358,24364885000,40,0,0
24359,24365885000,46,0,0
24360,24366885000,48,0,0
24361,24367885000,46,0,0
24362,24368885000,40,0,0
24363,24369885000,-38,1,1
24364,24370885000,38,0,0
24365,24371885000,-40,1,1
24366,24372885000,-46,1,1
24367,24373885000,-42,1,1
24368,24374885000,42,0,0
24369,24375885000,42,0,0
24370,24376885000,-42,1,1
24371,24377885000,-42,1,1
24372,24378885000,42,0,0
24373,24379885000,42,0,0
24374,24380885000,-42,1,1
24375,24381885000,-46,1,1
24376,24382885000,-48,1,1
24377,24383885000,-46,1,1
24378,24384885000,-42,1,1
24379,24385885000,42,0,0
24380,24386885000,46,0,0
24381,24387885000,46,0,0
24382,24388885000,42,0,0
24383,24389885000,-42,1,1
24384,24390885000,-46,1,1
24385,24391885000,-38,1,1
24386,24392885000,40,0,0
24387,24393885000,-40,1,1
24388,24394885000,-46,1,1
24389,24395885000,-48,1,1
24390,24396885000,-46,1,1
24391,24397885000,-38,1,1
24392,24398885000,38,0,0
24393,24399885000,-38,1,1
24394,24400885000,38,0,0
24395,24401885000,-38,1,1
24396,24402885000,38,0,0
24397,24403885000,-38,1,1
24398,24404885000,40,0,0
24399,24405885000,46,0,0
24400,24406885000,46,0,0
24401,24407885000,42,0,0
24402,24408885000,-42,1,1
24403,24409885000,-46,1,1
24404,24410885000,-48,1,1
24405,24411885000,-46,1,1
24406,24412885000,-42,1,1
24407,24413885000,42,0,0
24408,24414885000,42,0,0
24409,24415885000,-42,1,1
24410,24416885000,-46,1,1
24411,24417885000,-42,1,1
24412,24418885000,42,0,0
24413,24419885000,40,0,0
24414,24420885000,-38,1,1
24415,24421885000,38,0,0
24416,24422885000,-38,1,1
24417,24423885000,38,0,0
24418,24424885000,-38,1,1
24419,24425885000,38,0,0
24420,24426885000,-38,1,1
24421,24427885000,40,0,0
24422,24428885000,42,0,0
24423,24429885000,-42,1,1
24424,24430885000,-40,1,1
24425,24431885000,40,0,0
24426,24432885000,-40,1,1
24427,24433885000,-46,1,1
24428,24434885000,-38,1,1
24429,24435885000,40,0,0
24430,24436885000,-40,1,1
24431,24437885000,-38,1,1
24432,24438885000,40,0,0
24433,24439885000,-40,1,1
24434,24440885000,-42,1,1
24435,24441885000,42,0,0
24436,24442885000,42,0,0
24437,24443885000,-42,1,1
24438,24444885000,-40,1,1
24439,24445885000,40,0,0
24440,24446885000,-40,1,1
24441,24447885000,-46,1,1
24442,24448885000,-46,1,1
24443,24449885000,-40,1,1
24444,24450885000,42,0,0
24445,24451885000,40,0,0
24446,24452885000,-38,1,1
24447,24453885000,38,0,0
24448,24454885000,-38,1,1
24449,24455885000,38,0,0
24450,24456885000,-40,1,1
24451,24457885000,-38,1,1
24452,24458885000,38,0,0
24453,24459885000,-38,1,1
24454,24460885000,40,0,0
24455,24461885000,46,0,0
24456,24462885000,48,0,0
24457,24463885000,46,0,0
24458,24464885000,40,0,0
24459,24465885000,-40,1,1
24460,24466885000,40,0,0
24461,24467885000,46,0,0
24462,24468885000,46,0,0
24463,24469885000,42,0,0
24464,24470885000,-42,1,1
24465,24471885000,-42,1,1
24466,24472885000,42,0,0
24467,24473885000,46,0,0
24468,24474885000,42,0,0
24469,24475885000,-42,1,1
24470,24476885000,-40,1,1
24471,24477885000,40,0,0
24472,24478885000,-40,1,1
24473,24479885000,-46,1,1
24474,24480885000,-46,1,1
24475,24481885000,-40,1,1
24476,24482885000,42,0,0
24477,24483885000,42,0,0
24478,24484885000,-42,1,1
24479,24485885000,-46,1,1
24480,24486885000,-40,1,1
24481,24487885000,40,0,0
24482,24488885000,-40,1,1
24483,24489885000,-40,1,1
24484,24490885000,40,0,0
24485,24491885000,-40,1,1
24486,24492885000,-46,1,1
24487,24493885000,-40,1,1
24488,24494885000,42,0,0
24489,24495885000,40,0,0
24490,24496885000,-40,1,1
24491,24497885000,40,0,0
24492,24498885000,46,0,0
24493,24499885000,40,0,0
24494,24500885000,-38,1,1
24495,24501885000,38,0,0
24496,24502885000,-38,1,1
24497,24503885000,38,0,0
24498,24504885000,-38,1,1
24499,24505885000,38,0,0
24500,24506885000,-38,1,1
24501,24507885000,38,0,0
24502,24508885000,-38,1,1
24503,24509885000,40,0,0
24504,24510885000,46,0,0
24505,24511885000,48,0,0
24506,24512885000,48,0,0
24507,24513885000,46,0,0
24508,24514885000,42,0,0
24509,24515885000,-42,1,1
24510,24516885000,-42,1,1
24511,24517885000,42,0,0
24512,24518885000,40,0,0
24513,24519885000,-38,1,1
24514,24520885000,38,0,0
24515,24521885000,-40,1,1
24516,24522885000,-46,1,1
24517,24523885000,-46,1,1
24518,24524885000,-38,1,1
24519,24525885000,40,0,0
24520,24526885000,-40,1,1
24521,24527885000,-38,1,1
24522,24528885000,40,0,0
24523,24529885000,-40,1,1
24524,24530885000,-40,1,1
24525,24531885000,38,0,0
24526,24532885000,-38,1,1
24527,24533885000,38,0,0
24528,24534885000,-38,1,1
24529,24535885000,40,0,0
24530,24536885000,46,0,0
24531,24537885000,48,0,0
24532,24538885000,46,0,0
24533,24539885000,40,0,0
24534,24540885000,-40,1,1
24535,24541885000,40,0,0
24536,24542885000,46,0,0
24537,24543885000,48,0,0
24538,24544885000,48,0,0
24539,24545885000,46,0,0
24540,24546885000,40,0,0
24541,24547885000,-40,1,1
24542,24548885000,40,0,0
24543,24549885000,46,0,0
24544,24550885000,42,0,0
24545,24551885000,-42,1,1
24546,24552885000,-46,1,1
24547,24553885000,-46,1,1
24548,24554885000,-42,1,1
24549,24555885000,42,0,0
24550,24556885000,46,0,0
24551,24557885000,42,0,0
24552,24558885000,-42,1,1
24553,24559885000,-46,1,1
24554,24560885000,-40,1,1
24555,24561885000,38,0,0
24556,24562885000,-38,1,1
24557,24563885000,38,0,0
24558,24564885000,-38,1,1
24559,24565885000,40,0,0
24560,24566885000,40,0,0
24561,24567885000,-38,1,1
24562,24568885000,38,0,0
24563,24569885000,-40,1,1
24564,24570885000,-46,1,1
24565,24571885000,-46,1,1
24566,24572885000,-38,1,1
24567,24573885000,40,0,0
24568,24574885000,-40,1,1
24569,24575885000,-38,1,1
24570,24576885000,38,0,0
24571,24577885000,-38,1,1
24572,24578885000,40,0,0
24573,24579885000,40,0,0
24574,24580885000,-40,1,1
24575,24581885000,40,0,0
24576,24582885000,40,0,0
24577,24583885000,-38,1,1
24578,24584885000,38,0,0
24579,24585885000,-40,1,1
24580,24586885000,-38,1,1
24581,24587885000,40,0,0
24582,24588885000,-40,1,1
24583,24589885000,-46,1,1
24584,24590885000,-48,1,1
24585,24591885000,-48,1,1
24586,24592885000,-48,1,1
24587,24593885000,-48,1,1
24588,24594885000,-48,1,1
24589,24595885000,-46,1,1
24590,24596885000,-40,1,1
24591,24597885000,42,0,0
24592,24598885000,46,0,0
24593,24599885000,46,0,0
24594,24600885000,40,0,0
24595,24601885000,-38,1,1
24596,24602885000,38,0,0
24597,24603885000,-40,1,1
24598,24604885000,-46,1,1
24599,24605885000,-40,1,1
24600,24606885000,38,0,0
24601,24607885000,-38,1,1
24602,24608885000,40,0,0
24603,24609885000,42,0,0
24604,24610885000,-42,1,1
24605,24611885000,-46,1,1
24606,24612885000,-40,1,1
24607,24613885000,42,0,0
24608,24614885000,42,0,0
24609,24615885000,-42,1,1
24610,24616885000,-46,1,1
24611,24617885000,-46,1,1
24612,24618885000,-40,1,1
24613,24619885000,38,0,0
24614,24620885000,-38,1,1
24615,24621885000,40,0,0
24616,24622885000,46,0,0
24617,24623885000,42,0,0
24618,24624885000,-42,1,1
24619,24625885000,-40,1,1
24620,24626885000,42,0,0
24621,24627885000,42,0,0
24622,24628885000,-42,1,1
24623,24629885000,-40,1,1
24624,24630885000,42,0,0
24625,24631885000,46,0,0
24626,24632885000,40,0,0
24627,24633885000,-40,1,1
24628,24634885000,40,0,0
24629,24635885000,42,0,0
24630,24636885000,-42,1,1
24631,24637885000,-40,1,1
24632,24638885000,40,0,0
24633,24639885000,-40,1,1
24634,24640885000,-46,1,1
24635,24641885000,-46,1,1
24636,24642885000,-42,1,1
24637,24643885000,42,0,0
24638,24644885000,46,0,0
24639,24645885000,40,0,0
24640,24646885000,-38,1,1
24641,24647885000,38,0,0
24642,24648885000,-38,1,1
24643,24649885000,38,0,0
24644,24650885000,-40,1,1
24645,24651885000,-40,1,1
24646,24652885000,42,0,0
24647,24653885000,42,0,0
24648,24654885000,-42,1,1
24649,24655885000,-40,1,1
24650,24656885000,42,0,0
24651,24657885000,42,0,0
24652,24658885000,-42,1,1
24653,24659885000,-38,1,1
24654,24660885000,38,0,0
24655,24661885000,-38,1,1
24656,24662885000,40,0,0
24657,24663885000,40,0,0
24658,24664885000,-38,1,1
24659,24665885000,38,0,0
24660,24666885000,-40,1,1
24661,24667885000,-46,1,1
24662,24668885000,-46,1,1
24663,24669885000,-42,1,1
24664,24670885000,42,0,0
24665,24671885000,40,0,0
24666,24672885000,-40,1,1
24667,24673885000,40,0,0
24668,24674885000,40,0,0
24669,24675885000,-38,1,1
24670,24676885000,38,0,0
24671,24677885000,-38,1,1
24672,24678885000,38,0,0
24673,24679885000,-40,1,1
24674,24680885000,-46,1,1
24675,24681885000,-48,1,1
24676,24682885000,-46,1,1
24677,24683885000,-38,1,1
24678,24684885000,40,0,0
24679,24685885000,-40,1,1
24680,24686885000,-46,1,1
24681,24687885000,-40,1,1
24682,24688885000,40,0,0
24683,24689885000,-40,1,1
24684,24690885000,-38,1,1
24685,24691885000,40,0,0
24686,24692885000,-40,1,1
24687,24693885000,-38,1,1
24688,24694885000,40,0,0
24689,24695885000,-40,1,1
24690,24696885000,-46,1,1
24691,24697885000,-48,1,1
24692,24698885000,-46,1,1
24693,24699885000,-38,1,1
24694,24700885000,40,0,0
24695,24701885000,-40,1,1
24696,24702885000,-46,1,1
24697,24703885000,-48,1,1
24698,24704885000,-46,1,1
24699,24705885000,-40,1,1
24700,24706885000,42,0,0
24701,24707885000,46,0,0
24702,24708885000,42,0,0
24703,24709885000,-42,1,1
24704,24710885000,-40,1,1
24705,24711885000,42,0,0
24706,24712885000,46,0,0
24707,24713885000,40,0,0
24708,24714885000,-40,1,1
24709,24715885000,40,0,0
24710,24716885000,40,0,0
24711,24717885000,-40,1,1
24712,24718885000,40,0,0
24713,24719885000,42,0,0
24714,24720885000,-42,1,1
24715,24721885000,-46,1,1
24716,24722885000,-42,1,1
24717,24723885000,42,0,0
24718,24724885000,40,0,0
24719,24725885000,-40,1,1
24720,24726885000,40,0,0
24721,24727885000,42,0,0
24722,24728885000,-42,1,1
24723,24729885000,-46,1,1
24724,24730885000,-46,1,1
24725,24731885000,-42,1,1
24726,24732885000,42,0,0
24727,24733885000,46,0,0
24728,24734885000,48,0,0
24729,24735885000,48,0,0
24730,24736885000,46,0,0
24731,24737885000,40,0,0
24732,24738885000,-40,1,1
24733,24739885000,40,0,0
24734,24740885000,42,0,0
24735,24741885000,-42,1,1
24736,24742885000,-40,1,1
24737,24743885000,40,0,0
24738,24744885000,-40,1,1
24739,24745885000,-40,1,1
24740,24746885000,40,0,0
24741,24747885000,-40,1,1
24742,24748885000,-40,1,1
24743,24749885000,42,0,0
24744,24750885000,46,0,0
24745,24751885000,48,0,0
24746,24752885000,48,0,0
24747,24753885000,46,0,0
24748,24754885000,40,0,0
24749,24755885000,-40,1,1
24750,24756885000,40,0,0
24751,24757885000,46,0,0
24752,24758885000,48,0,0
24753,24759885000,48,0,0
24754,24760885000,48,0,0
24755,24761885000,48,0,0
24756,24762885000,46,0,0
24757,24763885000,40,0,0
24758,24764885000,-38,1,1
24759,24765885000,38,0,0
24760,24766885000,-40,1,1
24761,24767885000,-38,1,1
24762,24768885000,40,0,0
24763,24769885000,-40,1,1
24764,24770885000,-42,1,1
24765,24771885000,42,0,0
24766,24772885000,42,0,0
24767,24773885000,-42,1,1
24768,24774885000,-46,1,1
24769,24775885000,-42,1,1
24770,24776885000,42,0,0
24771,24777885000,46,0,0
24772,24778885000,48,0,0
24773,24779885000,46,0,0
24774,24780885000,40,0,0
24775,24781885000,-38,1,1
24776,24782885000,38,0,0
24777,24783885000,-38,1,1
24778,24784885000,38,0,0
24779,24785885000,-38,1,1
24780,24786885000,38,0,0
24781,24787885000,-40,1,1
24782,24788885000,-46,1,1
24783,24789885000,-48,1,1
24784,24790885000,-48,1,1
24785,24791885000,-46,1,1
24786,24792885000,-38,1,1
24787,24793885000,38,0,0
24788,24794885000,-38,1,1
24789,24795885000,40,0,0
24790,24796885000,46,0,0
24791,24797885000,46,0,0
24792,24798885000,42,0,0
24793,24799885000,-42,1,1
24794,24800885000,-46,1,1
24795,24801885000,-40,1,1
24796,24802885000,38,0,0
24797,24803885000,-38,1,1
24798,24804885000,40,0,0
24799,24805885000,46,0,0
24800,24806885000,42,0,0
24801,24807885000,-42,1,1
24802,24808885000,-46,1,1
24803,24809885000,-40,1,1
24804,24810885000,38,0,0
24805,24811885000,-38,1,1
24806,24812885000,40,0,0
24807,24813885000,42,0,0
24808,24814885000,-42,1,1
24809,24815885000,-46,1,1
24810,24816885000,-48,1,1
24811,24817885000,-46,1,1
24812,24818885000,-42,1,1
24813,24819885000,42,0,0
24814,24820885000,46,0,0
24815,24821885000,40,0,0
24816,24822885000,-40,1,1
24817,24823885000,40,0,0
24818,24824885000,42,0,0
24819,24825885000,-42,1,1
24820,24826885000,-46,1,1
24821,24827885000,-40,1,1
24822,24828885000,42,0,0
24823,24829885000,46,0,0
24824,24830885000,42,0,0
24825,24831885000,-42,1,1
24826,24832885000,-46,1,1
24827,24833885000,-48,1,1
24828,24834885000,-46,1,1
24829,24835885000,-40,1,1
24830,24836885000,42,0,0
24831,24837885000,40,0,0
24832,24838885000,-38,1,1
24833,24839885000,38,0,0
24834,24840885000,-40,1,1
24835,24841885000,-42,1,1
24836,24842885000,42,0,0
24837,24843885000,46,0,0
24838,24844885000,42,0,0
24839,24845885000,-42,1,1
24840,24846885000,-46,1,1
24841,24847885000,-46,1,1
24842,24848885000,-38,1,1
24843,24849885000,40,0,0
24844,24850885000,-40,1,1
24845,24851885000,-40,1,1
24846,24852885000,42,0,0
24847,24853885000,42,0,0
24848,24854885000,-42,1,1
24849,24855885000,-46,1,1
24850,24856885000,-40,1,1
24851,24857885000,38,0,0
24852,24858885000,-38,1,1
24853,24859885000,38,0,0
24854,24860885000,-38,1,1
24855,24861885000,40,0,0
24856,24862885000,46,0,0
24857,24863885000,48,0,0
24858,24864885000,46,0,0
24859,24865885000,42,0,0
24860,24866885000,-42,1,1
24861,24867885000,-42,1,1
24862,24868885000,42,0,0
24863,24869885000,46,0,0
24864,24870885000,46,0,0
24865,24871885000,42,0,0
24866,24872885000,-42,1,1
24867,24873885000,-38,1,1
24868,24874885000,40,0,0
24869,24875885000,-40,1,1
24870,24876885000,-42,1,1
24871,24877885000,42,0,0
24872,24878885000,46,0,0
24873,24879885000,46,0,0
24874,24880885000,40,0,0
24875,24881885000,-38,1,1
24876,24882885000,38,0,0
24877,24883885000,-40,1,1
24878,24884885000,-46,1,1
24879,24885885000,-38,1,1
24880,24886885000,40,0,0
24881,24887885000,-40,1,1
24882,24888885000,-40,1,1
24883,24889885000,38,0,0
24884,24890885000,-38,1,1
24885,24891885000,38,0,0
24886,24892885000,-38,1,1
24887,24893885000,38,0,0
24888,24894885000,-38,1,1
24889,24895885000,40,0,0
24890,24896885000,46,0,0
24891,24897885000,46,0,0
24892,24898885000,42,0,0
24893,24899885000,-42,1,1
24894,24900885000,-40,1,1
24895,24901885000,42,0,0
24896,24902885000,46,0,0
24897,24903885000,40,0,0
24898,24904885000,-38,1,1
24899,24905885000,38,0,0
24900,24906885000,-40,1,1
24901,24907885000,-46,1,1
24902,24908885000,-38,1,1
24903,24909885000,40,0,0
24904,24910885000,-40,1,1
24905,24911885000,-46,1,1
24906,24912885000,-48,1,1
24907,24913885000,-48,1,1
24908,24914885000,-46,1,1
24909,24915885000,-38,1,1
24910,24916885000,38,0,0
24911,24917885000,-38,1,1
24912,24918885000,38,0,0
24913,24919885000,-40,1,1
24914,24920885000,-40,1,1
24915,24921885000,40,0,0
24916,24922885000,-40,1,1
24917,24923885000,-46,1,1
24918,24924885000,-38,1,1
24919,24925885000,38,0,0
24920,24926885000,-38,1,1
24921,24927885000,40,0,0
24922,24928885000,40,0,0
24923,24929885000,-38,1,1
24924,24930885000,38,0,0
24925,24931885000,-40,1,1
24926,24932885000,-40,1,1
24927,24933885000,42,0,0
24928,24934885000,40,0,0
24929,24935885000,-38,1,1
24930,24936885000,38,0,0
24931,24937885000,-40,1,1
24932,24938885000,-46,1,1
24933,24939885000,-48,1,1
24934,24940885000,-48,1,1
24935,24941885000,-48,1,1
24936,24942885000,-46,1,1
24937,24943885000,-40,1,1
24938,24944885000,42,0,0
24939,24945885000,46,0,0
24940,24946885000,40,0,0
24941,24947885000,-38,1,1
24942,24948885000,38,0,0
24943,24949885000,-40,1,1
24944,24950885000,-38,1,1
24945,24951885000,40,0,0
24946,24952885000,-40,1,1
24947,24953885000,-46,1,1
24948,24954885000,-46,1,1
24949,24955885000,-38,1,1
24950,24956885000,40,0,0
24951,24957885000,-40,1,1
24952,24958885000,-46,1,1
24953,24959885000,-40,1,1
24954,24960885000,42,0,0
24955,24961885000,46,0,0
24956,24962885000,46,0,0
24957,24963885000,40,0,0
24958,24964885000,-38,1,1
24959,24965885000,38,0,0
24960,24966885000,-40,1,1
24961,24967885000,-42,1,1
24962,24968885000,42,0,0
24963,24969885000,46,0,0
24964,24970885000,42,0,0
24965,24971885000,-42,1,1
24966,24972885000,-40,1,1
24967,24973885000,38,0,0
24968,24974885000,-38,1,1
24969,24975885000,38,0,0
24970,24976885000,-38,1,1
24971,24977885000,40,0,0
24972,24978885000,42,0,0
24973,24979885000,-42,1,1
24974,24980885000,-40,1,1
24975,24981885000,38,0,0
24976,24982885000,-38,1,1
24977,24983885000,40,0,0
24978,24984885000,46,0,0
24979,24985885000,40,0,0
24980,24986885000,-40,1,1
24981,24987885000,40,0,0
24982,24988885000,40,0,0
24983,24989885000,-38,1,1
24984,24990885000,38,0,0
24985,24991885000,-38,1,1
24986,24992885000,40,0,0
24987,24993885000,40,0,0
24988,24994885000,-38,1,1
24989,24995885000,38,0,0
24990,24996885000,-40,1,1
24991,24997885000,-46,1,1
24992,24998885000,-40,1,1
24993,24999885000,42,0,0
24994,25000885000,42,0,0
24995,25001885000,-42,1,1
24996,25002885000,-38,1,1
24997,25003885000,38,0,0
24998,25004885000,-38,1,1
24999,25005885000,38,0,0
25000,25006885000,-38,1,1
25001,25007885000,40,0,0
25002,25008885000,42,0,0
25003,25009885000,-42,1,1
25004,25010885000,-40,1,1
25005,25011885000,42,0,0
25006,25012885000,46,0,0
25007,25013885000,48,0,0
25008,25014885000,48,0,0
25009,25015885000,46,0,0
25010,25016885000,42,0,0
25011,25017885000,-42,1,1
25012,25018885000,-46,1,1
25013,25019885000,-38,1,1
25014,25020885000,38,0,0
25015,25021885000,-38,1,1
25016,25022885000,40,0,0
25017,25023885000,40,0,0
25018,25024885000,-40,1,1
25019,25025885000,40,0,0
25020,25026885000,42,0,0
25021,25027885000,-42,1,1
25022,25028885000,-40,1,1
25023,25029885000,42,0,0
25024,25030885000,40,0,0
25025,25031885000,-40,1,1
25026,25032885000,40,0,0
25027,25033885000,46,0,0
25028,25034885000,40,0,0
25029,25035885000,-38,1,1
25030,25036885000,38,0,0
25031,25037885000,-40,1,1
25032,25038885000,-46,1,1
25033,25039885000,-40,1,1
25034,25040885000,42,0,0
25035,25041885000,42,0,0
25036,25042885000,-42,1,1
25037,25043885000,-42,1,1
25038,25044885000,42,0,0
25039,25045885000,42,0,0
25040,25046885000,-42,1,1
25041,25047885000,-46,1,1
25042,25048885000,-48,1,1
25043,25049885000,-48,1,1
25044,25050885000,-48,1,1
25045,25051885000,-46,1,1
25046,25052885000,-38,1,1
25047,25053885000,38,0,0
25048,25054885000,-38,1,1
25049,25055885000,40,0,0
25050,25056885000,46,0,0
25051,25057885000,40,0,0
25052,25058885000,-38,1,1
25053,25059885000,38,0,0
25054,25060885000,-38,1,1
25055,25061885000,38,0,0
25056,25062885000,-40,1,1
25057,25063885000,-40,1,1
25058,25064885000,38,0,0
25059,25065885000,-38,1,1
25060,25066885000,40,0,0
25061,25067885000,40,0,0
25062,25068885000,-38,1,1
25063,25069885000,38,0,0
25064,25070885000,-40,1,1
25065,25071885000,-42,1,1
25066,25072885000,42,0,0
25067,25073885000,46,0,0
25068,25074885000,46,0,0
25069,25075885000,42,0,0
25070,25076885000,-42,1,1
25071,25077885000,-40,1,1
25072,25078885000,42,0,0
25073,25079885000,40,0,0
25074,25080885000,-38,1,1
25075,25081885000,38,0,0
25076,25082885000,-40,1,1
25077,25083885000,-38,1,1
25078,25084885000,38,0,0
25079,25085885000,-38,1,1
25080,25086885000,38,0,0
25081,25087885000,-38,1,1
25082,25088885000,38,0,0
25083,25089885000,-40,1,1
25084,25090885000,-46,1,1
25085,25091885000,-46,1,1
25086,25092885000,-38,1,1
25087,25093885000,38,0,0
25088,25094885000,-38,1,1
25089,25095885000,40,0,0
25090,25096885000,46,0,0
25091,25097885000,48,0,0
25092,25098885000,48,0,0
25093,25099885000,46,0,0
25094,25100885000,40,0,0
25095,25101885000,-38,1,1
25096,25102885000,38,0,0
25097,25103885000,-38,1,1
25098,25104885000,40,0,0
25099,25105885000,46,0,0
25100,25106885000,42,0,0
25101,25107885000,-42,1,1
25102,25108885000,-46,1,1
25103,25109885000,-38,1,1
25104,25110885000,38,0,0
25105,25111885000,-38,1,1
25106,25112885000,40,0,0
25107,25113885000,42,0,0
25108,25114885000,-42,1,1
25109,25115885000,-42,1,1
25110,25116885000,42,0,0
25111,25117885000,46,0,0
25112,25118885000,42,0,0
25113,25119885000,-42,1,1
25114,25120885000,-42,1,1
25115,25121885000,42,0,0
25116,25122885000,42,0,0
25117,25123885000,-42,1,1
25118,25124885000,-46,1,1
25119,25125885000,-40,1,1
25120,25126885000,42,0,0
25121,25127885000,46,0,0
25122,25128885000,46,0,0
25123,25129885000,42,0,0
25124,25130885000,-42,1,1
25125,25131885000,-46,1,1
25126,25132885000,-40,1,1
25127,25133885000,42,0,0
25128,25134885000,40,0,0
25129,25135885000,-40,1,1
25130,25136885000,40,0,0
25131,25137885000,40,0,0
25132,25138885000,-40,1,1
25133,25139885000,40,0,0
25134,25140885000,40,0,0
25135,25141885000,-40,1,1
25136,25142885000,40,0,0
25137,25143885000,46,0,0
25138,25144885000,42,0,0
25139,25145885000,-42,1,1
25140,25146885000,-42,1,1
25141,25147885000,42,0,0
25142,25148885000,46,0,0
25143,25149885000,40,0,0
25144,25150885000,-38,1,1
25145,25151885000,38,0,0
25146,25152885000,-38,1,1
25147,25153885000,40,0,0
25148,25154885000,46,0,0
25149,25155885000,40,0,0
25150,25156885000,-40,1,1
25151,25157885000,40,0,0
25152,25158885000,46,0,0
25153,25159885000,48,0,0
25154,25160885000,48,0,0
25155,25161885000,48,0,0
25156,25162885000,48,0,0
25157,25163885000,46,0,0
25158,25164885000,42,0,0
25159,25165885000,-42,1,1
25160,25166885000,-40,1,1
25161,25167885000,42,0,0
25162,25168885000,40,0,0
25163,25169885000,-40,1,1
25164,25170885000,40,0,0
25165,25171885000,46,0,0
25166,25172885000,40,0,0
25167,25173885000,-40,1,1
25168,25174885000,40,0,0
25169,25175885000,42,0,0
25170,25176885000,-42,1,1
25171,25177885000,-38,1,1
25172,25178885000,38,0,0
25173,25179885000,-38,1,1
25174,25180885000,38,0,0
25175,25181885000,-40,1,1
25176,25182885000,-40,1,1
25177,25183885000,38,0,0
25178,25184885000,-38,1,1
25179,25185885000,38,0,0
25180,25186885000,-38,1,1
25181,25187885000,38,0,0
25182,25188885000,-38,1,1
25183,25189885000,40,0,0
25184,25190885000,46,0,0
25185,25191885000,48,0,0
25186,25192885000,48,0,0
25187,25193885000,46,0,0
25188,25194885000,40,0,0
25189,25195885000,-38,1,1
25190,25196885000,38,0,0
25191,25197885000,-38,1,1
25192,25198885000,38,0,0
25193,25199885000,-40,1,1
25194,25200885000,-46,1,1
25195,25201885000,-40,1,1
25196,25202885000,42,0,0
25197,25203885000,46,0,0
25198,25204885000,42,0,0
25199,25205885000,-42,1,1
25200,25206885000,-40,1,1
25201,25207885000,38,0,0
25202,25208885000,-38,1,1
25203,25209885000,40,0,0
25204,25210885000,42,0,0
25205,25211885000,-42,1,1
25206,25212885000,-40,1,1
25207,25213885000,38,0,0
25208,25214885000,-38,1,1
25209,25215885000,38,0,0
25210,25216885000,-38,1,1
25211,25217885000,38,0,0
25212,25218885000,-40,1,1
25213,25219885000,-40,1,1
25214,25220885000,38,0,0
25215,25221885000,-38,1,1
25216,25222885000,40,0,0
25217,25223885000,42,0,0
25218,25224885000,-42,1,1
25219,25225885000,-42,1,1
25220,25226885000,42,0,0
25221,25227885000,42,0,0
25222,25228885000,-42,1,1
25223,25229885000,-46,1,1
25224,25230885000,-38,1,1
25225,25231885000,40,0,0
25226,25232885000,-40,1,1
25227,25233885000,-46,1,1
25228,25234885000,-48,1,1
25229,25235885000,-46,1,1
25230,25236885000,-40,1,1
25231,25237885000,42,0,0
25232,25238885000,46,0,0
25233,25239885000,42,0,0
25234,25240885000,-42,1,1
25235,25241885000,-40,1,1
25236,25242885000,38,0,0
25237,25243885000,-38,1,1
25238,25244885000,40,0,0
25239,25245885000,42,0,0
25240,25246885000,-42,1,1
25241,25247885000,-42,1,1
25242,25248885000,42,0,0
25243,25249885000,46,0,0
25244,25250885000,46,0,0
25245,25251885000,40,0,0
25246,25252885000,-38,1,1
25247,25253885000,38,0,0
25248,25254885000,-38,1,1
25249,25255885000,40,0,0
25250,25256885000,46,0,0
25251,25257885000,40,0,0
25252,25258885000,-38,1,1
25253,25259885000,38,0,0
25254,25260885000,-40,1,1
25255,25261885000,-42,1,1
25256,25262885000,42,0,0
25257,25263885000,46,0,0
25258,25264885000,40,0,0
25259,25265885000,-38,1,1
25260,25266885000,38,0,0
25261,25267885000,-38,1,1
25262,25268885000,40,0,0
25263,25269885000,40,0,0
25264,25270885000,-40,1,1
25265,25271885000,40,0,0
25266,25272885000,40,0,0
25267,25273885000,-40,1,1
25268,25274885000,40,0,0
25269,25275885000,46,0,0
25270,25276885000,42,0,0
25271,25277885000,-42,1,1
25272,25278885000,-42,1,1
25273,25279885000,42,0,0
25274,25280885000,46,0,0
25275,25281885000,42,0,0
25276,25282885000,-42,1,1
25277,25283885000,-40,1,1
25278,25284885000,42,0,0
25279,25285885000,46,0,0
25280,25286885000,48,0,0
25281,25287885000,46,0,0
25282,25288885000,42,0,0
25283,25289885000,-42,1,1
25284,25290885000,-46,1,1
25285,25291885000,-48,1,1
25286,25292885000,-48,1,1
25287,25293885000,-48,1,1
25288,25294885000,-46,1,1
25289,25295885000,-40,1,1
25290,25296885000,42,0,0
25291,25297885000,46,0,0
25292,25298885000,48,0,0
25293,25299885000,46,0,0
25294,25300885000,42,0,0
25295,25301885000,-42,1,1
25296,25302885000,-40,1,1
25297,25303885000,42,0,0
25298,25304885000,40,0,0
25299,25305885000,-40,1,1
25300,25306885000,40,0,0
25301,25307885000,46,0,0
25302,25308885000,46,0,0
25303,25309885000,42,0,0
25304,25310885000,-42,1,1
25305,25311885000,-40,1,1
25306,25312885000,42,0,0
25307,25313885000,40,0,0
25308,25314885000,-40,1,1
25309,25315885000,40,0,0
25310,25316885000,42,0,0
25311,25317885000,-42,1,1
25312,25318885000,-46,1,1
25313,25319885000,-46,1,1
25314,25320885000,-38,1,1
25315,25321885000,40,0,0
25316,25322885000,-40,1,1
25317,25323885000,-46,1,1
25318,25324885000,-46,1,1
25319,25325885000,-40,1,1
25320,25326885000,42,0,0
25321,25327885000,46,0,0
25322,25328885000,46,0,0
25323,25329885000,40,0,0
25324,25330885000,-38,1,1
25325,25331885000,38,0,0
25326,25332885000,-40,1,1
25327,25333885000,-46,1,1
25328,25334885000,-48,1,1
25329,25335885000,-46,1,1
25330,25336885000,-40,1,1
25331,25337885000,42,0,0
25332,25338885000,40,0,0
25333,25339885000,-38,1,1
25334,25340885000,38,0,0
25335,25341885000,-38,1,1
25336,25342885000,38,0,0
25337,25343885000,-40,1,1
25338,25344885000,-46,1,1
25339,25345885000,-40,1,1
25340,25346885000,42,0,0
25341,25347885000,46,0,0
25342,25348885000,46,0,0
25343,25349885000,42,0,0
25344,25350885000,-42,1,1
25345,25351885000,-40,1,1
25346,25352885000,42,0,0
25347,25353885000,40,0,0
25348,25354885000,-40,1,1
25349,25355885000,40,0,0
25350,25356885000,42,0,0
25351,25357885000,-42,1,1
25352,25358885000,-38,1,1
25353,25359885000,38,0,0
25354,25360885000,-38,1,1
25355,25361885000,40,0,0
25356,25362885000,40,0,0
25357,25363885000,-38,1,1
25358,25364885000,38,0,0
25359,25365885000,-38,1,1
25360,25366885000,40,0,0
25361,25367885000,40,0,0
25362,25368885000,-38,1,1
25363,25369885000,38,0,0
25364,25370885000,-40,1,1
25365,25371885000,-46,1,1
25366,25372885000,-38,1,1
25367,25373885000,40,0,0
25368,25374885000,-40,1,1
25369,25375885000,-46,1,1
25370,25376885000,-46,1,1
25371,25377885000,-38,1,1
25372,25378885000,38,0,0
25373,25379885000,-38,1,1
25374,25380885000,40,0,0
25375,25381885000,42,0,0
25376,25382885000,-42,1,1
25377,25383885000,-46,1,1
25378,25384885000,-38,1,1
25379,25385885000,38,0,0
25380,25386885000,-38,1,1
25381,25387885000,40,0,0
25382,25388885000,42,0,0
25383,25389885000,-42,1,1
25384,25390885000,-46,1,1
25385,25391885000,-48,1,1
25386,25392885000,-46,1,1
25387,25393885000,-40,1,1
25388,25394885000,42,0,0
25389,25395885000,40,0,0
25390,25396885000,-38,1,1
25391,25397885000,38,0,0
25392,25398885000,-40,1,1
25393,25399885000,-46,1,1
25394,25400885000,-38,1,1
25395,25401885000,38,0,0
25396,25402885000,-38,1,1
25397,25403885000,40,0,0
25398,25404885000,40,0,0
25399,25405885000,-38,1,1
25400,25406885000,38,0,0
25401,25407885000,-38,1,1
25402,25408885000,38,0,0
25403,25409885000,-38,1,1
25404,25410885000,40,0,0
25405,25411885000,42,0,0
25406,25412885000,-42,1,1
25407,25413885000,-40,1,1
25408,25414885000,38,0,0
25409,25415885000,-38,1,1
25410,25416885000,40,0,0
25411,25417885000,46,0,0
25412,25418885000,42,0,0
25413,25419885000,-42,1,1
25414,25420885000,-46,1,1
25415,25421885000,-38,1,1
25416,25422885000,38,0,0
25417,25423885000,-38,1,1
25418,25424885000,40,0,0
25419,25425885000,46,0,0
25420,25426885000,40,0,0
25421,25427885000,-40,1,1
25422,25428885000,40,0,0
25423,25429885000,46,0,0
25424,25430885000,40,0,0
25425,25431885000,-40,1,1
25426,25432885000,40,0,0
25427,25433885000,46,0,0
25428,25434885000,48,0,0
25429,25435885000,46,0,0
25430,25436885000,40,0,0
25431,25437885000,-38,1,1
25432,25438885000,38,0,0
25433,25439885000,-38,1,1
25434,25440885000,40,0,0
25435,25441885000,42,0,0
25436,25442885000,-42,1,1
25437,25443885000,-42,1,1
25438,25444885000,42,0,0
25439,25445885000,42,0,0
25440,25446885000,-42,1,1
25441,25447885000,-46,1,1
25442,25448885000,-46,1,1
25443,25449885000,-40,1,1
25444,25450885000,42,0,0
25445,25451885000,46,0,0
25446,25452885000,40,0,0
25447,25453885000,-38,1,1
25448,25454885000,38,0,0
25449,25455885000,-38,1,1
25450,25456885000,38,0,0
25451,25457885000,-40,1,1
25452,25458885000,-38,1,1
25453,25459885000,38,0,0
25454,25460885000,-38,1,1
25455,25461885000,38,0,0
25456,25462885000,-38,1,1
25457,25463885000,38,0,0
25458,25464885000,-40,1,1
25459,25465885000,-46,1,1
25460,25466885000,-48,1,1
25461,25467885000,-48,1,1
25462,25468885000,-46,1,1
25463,25469885000,-40,1,1
25464,25470885000,42,0,0
25465,25471885000,40,0,0
25466,25472885000,-38,1,1
25467,25473885000,38,0,0
25468,25474885000,-40,1,1
25469,25475885000,-46,1,1
25470,25476885000,-40,1,1
25471,25477885000,42,0,0
25472,25478885000,40,0,0
25473,25479885000,-40,1,1
25474,25480885000,40,0,0
25475,25481885000,46,0,0
25476,25482885000,40,0,0
25477,25483885000,-38,1,1
25478,25484885000,38,0,0
25479,25485885000,-40,1,1
25480,25486885000,-46,1,1
25481,25487885000,-40,1,1
25482,25488885000,42,0,0
25483,25489885000,46,0,0
25484,25490885000,46,0,0
25485,25491885000,40,0,0
25486,25492885000,-38,1,1
25487,25493885000,38,0,0
25488,25494885000,-38,1,1
25489,25495885000,40,0,0
25490,25496885000,42,0,0
25491,25497885000,-42,1,1
25492,25498885000,-46,1,1
25493,25499885000,-46,1,1
25494,25500885000,-40,1,1
25495,25501885000,42,0,0
25496,25502885000,46,0,0
25497,25503885000,46,0,0
25498,25504885000,40,0,0
25499,25505885000,-38,1,1
25500,25506885000,38,0,0
25501,25507885000,-40,1,1
25502,25508885000,-42,1,1
25503,25509885000,42,0,0
25504,25510885000,42,0,0
25505,25511885000,-42,1,1
25506,25512885000,-42,1,1
25507,25513885000,42,0,0
25508,25514885000,40,0,0
25509,25515885000,-38,1,1
25510,25516885000,38,0,0
25511,25517885000,-40,1,1
25512,25518885000,-46,1,1
25513,25519885000,-46,1,1
25514,25520885000,-40,1,1
25515,25521885000,42,0,0
25516,25522885000,42,0,0
25517,25523885000,-42,1,1
25518,25524885000,-40,1,1
25519,25525885000,42,0,0
25520,25526885000,42,0,0
25521,25527885000,-42,1,1
25522,25528885000,-46,1,1
25523,25529885000,-40,1,1
25524,25530885000,42,0,0
25525,25531885000,42,0,0
25526,25532885000,-42,1,1
25527,25533885000,-38,1,1
25528,25534885000,38,0,0
25529,25535885000,-38,1,1
25530,25536885000,40,0,0
25531,25537885000,40,0,0
25532,25538885000,-40,1,1
25533,25539885000,40,0,0
25534,25540885000,46,0,0
25535,25541885000,42,0,0
25536,25542885000,-42,1,1
25537,25543885000,-46,1,1
25538,25544885000,-48,1,1
25539,25545885000,-48,1,1
25540,25546885000,-48,1,1
25541,25547885000,-46,1,1
25542,25548885000,-38,1,1
25543,25549885000,38,0,0
25544,25550885000,-38,1,1
25545,25551885000,40,0,0
25546,25552885000,46,0,0
25547,25553885000,42,0,0
25548,25554885000,-42,1,1
25549,25555885000,-42,1,1
25550,25556885000,42,0,0
25551,25557885000,40,0,0
25552,25558885000,-38,1,1
25553,25559885000,38,0,0
25554,25560885000,-40,1,1
25555,25561885000,-42,1,1
25556,25562885000,42,0,0
25557,25563885000,42,0,0
25558,25564885000,-42,1,1
25559,25565885000,-40,1,1
25560,25566885000,40,0,0
25561,25567885000,-40,1,1
25562,25568885000,-46,1,1
25563,25569885000,-40,1,1
25564,25570885000,42,0,0
25565,25571885000,46,0,0
25566,25572885000,40,0,0
25567,25573885000,-38,1,1
25568,25574885000,38,0,0
25569,25575885000,-38,1,1
25570,25576885000,40,0,0
25571,25577885000,42,0,0
25572,25578885000,-42,1,1
25573,25579885000,-42,1,1
25574,25580885000,42,0,0
25575,25581885000,40,0,0
25576,25582885000,-38,1,1
25577,25583885000,38,0,0
25578,25584885000,-38,1,1
25579,25585885000,40,0,0
25580,25586885000,46,0,0
25581,25587885000,42,0,0
25582,25588885000,-42,1,1
25583,25589885000,-40,1,1
25584,25590885000,42,0,0
25585,25591885000,40,0,0
25586,25592885000,-38,1,1
25587,25593885000,38,0,0
25588,25594885000,-40,1,1
25589,25595885000,-46,1,1
25590,25596885000,-40,1,1
25591,25597885000,42,0,0
25592,25598885000,46,0,0
25593,25599885000,42,0,0
25594,25600885000,-42,1,1
25595,25601885000,-40,1,1
25596,25602885000,42,0,0
25597,25603885000,46,0,0
25598,25604885000,40,0,0
25599,25605885000,-38,1,1
25600,25606885000,38,0,0
25601,25607885000,-40,1,1
25602,25608885000,-46,1,1
25603,25609885000,-38,1,1
25604,25610885000,38,0,0
25605,25611885000,-38,1,1
25606,25612885000,38,0,0
25607,25613885000,-40,1,1
25608,25614885000,-40,1,1
25609,25615885000,40,0,0
25610,25616885000,-40,1,1
25611,25617885000,-46,1,1
25612,25618885000,-48,1,1
25613,25619885000,-48,1,1
25614,25620885000,-48,1,1
25615,25621885000,-46,1,1
25616,25622885000,-40,1,1
25617,25623885000,42,0,0
25618,25624885000,46,0,0
25619,25625885000,42,0,0
25620,25626885000,-42,1,1
25621,25627885000,-46,1,1
25622,25628885000,-40,1,1
25623,25629885000,42,0,0
25624,25630885000,40,0,0
25625,25631885000,-38,1,1
25626,25632885000,38,0,0
25627,25633885000,-38,1,1
25628,25634885000,38,0,0
25629,25635885000,-38,1,1
25630,25636885000,38,0,0
25631,25637885000,-40,1,1
25632,25638885000,-46,1,1
25633,25639885000,-48,1,1
25634,25640885000,-48,1,1
25635,25641885000,-46,1,1
25636,25642885000,-40,1,1
25637,25643885000,42,0,0
25638,25644885000,42,0,0
25639,25645885000,-42,1,1
25640,25646885000,-46,1,1
25641,25647885000,-46,1,1
25642,25648885000,-42,1,1
25643,25649885000,42,0,0
25644,25650885000,42,0,0
25645,25651885000,-42,1,1
25646,25652885000,-42,1,1
25647,25653885000,42,0,0
25648,25654885000,42,0,0
25649,25655885000,-42,1,1
25650,25656885000,-40,1,1
25651,25657885000,40,0,0
25652,25658885000,-40,1,1
25653,25659885000,-42,1,1
25654,25660885000,42,0,0
25655,25661885000,42,0,0
25656,25662885000,-42,1,1
25657,25663885000,-46,1,1
25658,25664885000,-40,1,1
25659,25665885000,42,0,0
25660,25666885000,40,0,0
25661,25667885000,-40,1,1
25662,25668885000,40,0,0
25663,25669885000,46,0,0
25664,25670885000,42,0,0
25665,25671885000,-42,1,1
25666,25672885000,-40,1,1
25667,25673885000,38,0,0
25668,25674885000,-38,1,1
25669,25675885000,40,0,0
25670,25676885000,42,0,0
25671,25677885000,-42,1,1
25672,25678885000,-40,1,1
25673,25679885000,40,0,0
25674,25680885000,-40,1,1
25675,25681885000,-40,1,1
25676,25682885000,38,0,0
25677,25683885000,-38,1,1
25678,25684885000,40,0,0
25679,25685885000,46,0,0
25680,25686885000,42,0,0
25681,25687885000,-42,1,1
25682,25688885000,-46,1,1
25683,25689885000,-46,1,1
25684,25690885000,-38,1,1
25685,25691885000,38,0,0
25686,25692885000,-38,1,1
25687,25693885000,38,0,0
25688,25694885000,-40,1,1
25689,25695885000,-46,1,1
25690,25696885000,-42,1,1
25691,25697885000,42,0,0
25692,25698885000,46,0,0
25693,25699885000,46,0,0
25694,25700885000,42,0,0
25695,25701885000,-42,1,1
25696,25702885000,-46,1,1
25697,25703885000,-48,1,1
25698,25704885000,-48,1,1
25699,25705885000,-46,1,1
25700,25706885000,-40,1,1
25701,25707885000,42,0,0
25702,25708885000,42,0,0
25703,25709885000,-42,1,1
25704,25710885000,-40,1,1
25705,25711885000,42,0,0
25706,25712885000,46,0,0
25707,25713885000,46,0,0
25708,25714885000,40,0,0
25709,25715885000,-38,1,1
25710,25716885000,38,0,0
25711,25717885000,-38,1,1
25712,25718885000,38,0,0
25713,25719885000,-40,1,1
25714,25720885000,-46,1,1
25715,25721885000,-38,1,1
25716,25722885000,40,0,0
25717,25723885000,-40,1,1
25718,25724885000,-38,1,1
25719,25725885000,40,0,0
25720,25726885000,-40,1,1
25721,25727885000,-46,1,1
25722,25728885000,-42,1,1
25723,25729885000,42,0,0
25724,25730885000,46,0,0
25725,25731885000,46,0,0
25726,25732885000,40,0,0
25727,25733885000,-38,1,1
25728,25734885000,38,0,0
25729,25735885000,-40,1,1
25730,25736885000,-38,1,1
25731,25737885000,38,0,0
25732,25738885000,-38,1,1
25733,25739885000,40,0,0
25734,25740885000,40,0,0
25735,25741885000,-38,1,1
25736,25742885000,38,0,0
25737,25743885000,-40,1,1
25738,25744885000,-38,1,1
25739,25745885000,40,0,0
25740,25746885000,-40,1,1
25741,25747885000,-46,1,1
25742,25748885000,-46,1,1
25743,25749885000,-40,1,1
25744,25750885000,42,0,0
25745,25751885000,42,0,0
25746,25752885000,-42,1,1
25747,25753885000,-40,1,1
25748,25754885000,40,0,0
25749,25755885000,-40,1,1
25750,25756885000,-38,1,1
25751,25757885000,40,0,0
25752,25758885000,-40,1,1
25753,25759885000,-46,1,1
25754,25760885000,-38,1,1
25755,25761885000,38,0,0
25756,25762885000,-38,1,1
25757,25763885000,40,0,0
25758,25764885000,42,0,0
25759,25765885000,-42,1,1
25760,25766885000,-46,1,1
25761,25767885000,-38,1,1
25762,25768885000,40,0,0
25763,25769885000,-40,1,1
25764,25770885000,-46,1,1
25765,25771885000,-48,1,1
25766,25772885000,-48,1,1
25767,25773885000,-46,1,1
25768,25774885000,-40,1,1
25769,25775885000,42,0,0
25770,25776885000,46,0,0
25771,25777885000,40,0,0
25772,25778885000,-40,1,1
25773,25779885000,40,0,0
25774,25780885000,46,0,0
25775,25781885000,46,0,0
25776,25782885000,42,0,0
25777,25783885000,-42,1,1
25778,25784885000,-38,1,1
25779,25785885000,40,0,0
25780,25786885000,-40,1,1
25781,25787885000,-40,1,1
25782,25788885000,42,0,0
25783,25789885000,42,0,0
25784,25790885000,-42,1,1
25785,25791885000,-46,1,1
25786,25792885000,-38,1,1
25787,25793885000,38,0,0
25788,25794885000,-38,1,1
25789,25795885000,38,0,0
25790,25796885000,-38,1,1
25791,25797885000,38,0,0
25792,25798885000,-38,1,1
25793,25799885000,38,0,0
25794,25800885000,-40,1,1
25795,25801885000,-42,1,1
25796,25802885000,42,0,0
25797,25803885000,46,0,0
25798,25804885000,40,0,0
25799,25805885000,-38,1,1
25800,25806885000,38,0,0
25801,25807885000,-38,1,1
25802,25808885000,38,0,0
25803,25809885000,-40,1,1
25804,25810885000,-46,1,1
25805,25811885000,-48,1,1
25806,25812885000,-46,1,1
25807,25813885000,-38,1,1
25808,25814885000,40,0,0
25809,25815885000,-40,1,1
25810,25816885000,-42,1,1
25811,25817885000,42,0,0
25812,25818885000,46,0,0
25813,25819885000,42,0,0
25814,25820885000,-42,1,1
25815,25821885000,-38,1,1
25816,25822885000,40,0,0
25817,25823885000,-40,1,1
25818,25824885000,-46,1,1
25819,25825885000,-38,1,1
25820,25826885000,38,0,0
25821,25827885000,-38,1,1
25822,25828885000,38,0,0
25823,25829885000,-38,1,1
25824,25830885000,38,0,0
25825,25831885000,-40,1,1
25826,25832885000,-40,1,1
25827,25833885000,42,0,0
25828,25834885000,46,0,0
25829,25835885000,40,0,0
25830,25836885000,-40,1,1
25831,25837885000,40,0,0
25832,25838885000,46,0,0
25833,25839885000,40,0,0
25834,25840885000,-38,1,1
25835,25841885000,38,0,0
25836,25842885000,-38,1,1
25837,25843885000,38,0,0
25838,25844885000,-38,1,1
25839,25845885000,40,0,0
25840,25846885000,42,0,0
25841,25847885000,-42,1,1
25842,25848885000,-40,1,1
25843,25849885000,42,0,0
25844,25850885000,42,0,0
25845,25851885000,-42,1,1
25846,25852885000,-40,1,1
25847,25853885000,42,0,0
25848,25854885000,42,0,0
25849,25855885000,-42,1,1
25850,25856885000,-40,1,1
25851,25857885000,42,0,0
25852,25858885000,46,0,0
25853,25859885000,42,0,0
25854,25860885000,-42,1,1
25855,25861885000,-40,1,1
25856,25862885000,40,0,0
25857,25863885000,-40,1,1
25858,25864885000,-46,1,1
25859,25865885000,-40,1,1
25860,25866885000,42,0,0
25861,25867885000,46,0,0
25862,25868885000,46,0,0
25863,25869885000,42,0,0
25864,25870885000,-42,1,1
25865,25871885000,-46,1,1
25866,25872885000,-40,1,1
25867,25873885000,42,0,0
25868,25874885000,40,0,0
25869,25875885000,-38,1,1
25870,25876885000,38,0,0
25871,25877885000,-38,1,1
25872,25878885000,38,0,0
25873,25879885000,-40,1,1
25874,25880885000,-46,1,1
25875,25881885000,-46,1,1
25876,25882885000,-40,1,1
25877,25883885000,42,0,0
25878,25884885000,42,0,0
25879,25885885000,-42,1,1
25880,25886885000,-40,1,1
25881,25887885000,40,0,0
25882,25888885000,-40,1,1
25883,25889885000,-46,1,1
25884,25890885000,-38,1,1
25885,25891885000,38,0,0
25886,25892885000,-38,1,1
25887,25893885000,38,0,0
25888,25894885000,-38,1,1
25889,25895885000,38,0,0
25890,25896885000,-38,1,1
25891,25897885000,38,0,0
25892,25898885000,-38,1,1
25893,25899885000,40,0,0
25894,25900885000,40,0,0
25895,25901885000,-38,1,1
25896,25902885000,38,0,0
25897,25903885000,-40,1,1
25898,25904885000,-46,1,1
25899,25905885000,-48,1,1
25900,25906885000,-46,1,1
25901,25907885000,-38,1,1
25902,25908885000,40,0,0
25903,25909885000,-40,1,1
25904,25910885000,-46,1,1
25905,25911885000,-40,1,1
25906,25912885000,42,0,0
25907,25913885000,46,0,0
25908,25914885000,42,0,0
25909,25915885000,-42,1,1
25910,25916885000,-40,1,1
25911,25917885000,42,0,0
25912,25918885000,46,0,0
25913,25919885000,42,0,0
25914,25920885000,-42,1,1
25915,25921885000,-46,1,1
25916,25922885000,-46,1,1
25917,25923885000,-40,1,1
25918,25924885000,42,0,0
25919,25925885000,42,0,0
25920,25926885000,-42,1,1
25921,25927885000,-38,1,1
25922,25928885000,38,0,0
25923,25929885000,-38,1,1
25924,25930885000,40,0,0
25925,25931885000,46,0,0
25926,25932885000,46,0,0
25927,25933885000,42,0,0
25928,25934885000,-42,1,1
25929,25935885000,-42,1,1
25930,25936885000,42,0,0
25931,25937885000,42,0,0
25932,25938885000,-42,1,1
25933,25939885000,-46,1,1
25934,25940885000,-38,1,1
25935,25941885000,38,0,0
25936,25942885000,-38,1,1
25937,25943885000,38,0,0
25938,25944885000,-38,1,1
25939,25945885000,40,0,0
25940,25946885000,46,0,0
25941,25947885000,42,0,0
25942,25948885000,-42,1,1
25943,25949885000,-46,1,1
25944,25950885000,-38,1,1
25945,25951885000,38,0,0
25946,25952885000,-38,1,1
25947,25953885000,40,0,0
25948,25954885000,46,0,0
25949,25955885000,48,0,0
25950,25956885000,48,0,0
25951,25957885000,48,0,0
25952,25958885000,46,0,0
25953,25959885000,42,0,0
25954,25960885000,-42,1,1
25955,25961885000,-40,1,1
25956,25962885000,38,0,0
25957,25963885000,-38,1,1
25958,25964885000,38,0,0
25959,25965885000,-38,1,1
25960,25966885000,40,0,0
25961,25967885000,40,0,0
25962,25968885000,-38,1,1
25963,25969885000,38,0,0
25964,25970885000,-38,1,1
25965,25971885000,38,0,0
25966,25972885000,-40,1,1
25967,25973885000,-40,1,1
25968,25974885000,40,0,0
25969,25975885000,-40,1,1
25970,25976885000,-40,1,1
25971,25977885000,42,0,0
25972,25978885000,46,0,0
25973,25979885000,48,0,0
25974,25980885000,48,0,0
25975,25981885000,46,0,0
25976,25982885000,42,0,0
25977,25983885000,-42,1,1
25978,25984885000,-46,1,1
25979,25985885000,-40,1,1
25980,25986885000,42,0,0
25981,25987885000,42,0,0
25982,25988885000,-42,1,1
25983,25989885000,-46,1,1
25984,25990885000,-40,1,1
25985,25991885000,42,0,0
25986,25992885000,46,0,0
25987,25993885000,42,0,0
25988,25994885000,-42,1,1
25989,25995885000,-46,1,1
25990,25996885000,-38,1,1
25991,25997885000,38,0,0
25992,25998885000,-38,1,1
25993,25999885000,38,0,0
25994,26000885000,-40,1,1
25995,26001885000,-46,1,1
25996,26002885000,-40,1,1
25997,26003885000,42,0,0
25998,26004885000,42,0,0
25999,26005885000,-42,1,1
26000,26006885000,-46,1,1
26001,26007885000,-48,1,1
26002,26008885000,-46,1,1
26003,26009885000,-38,1,1
26004,26010885000,38,0,0
26005,26011885000,-38,1,1
26006,26012885000,40,0,0
26007,26013885000,46,0,0
26008,26014885000,42,0,0
26009,26015885000,-42,1,1
26010,26016885000,-46,1,1
26011,26017885000,-48,1,1
26012,26018885000,-46,1,1
26013,26019885000,-40,1,1
26014,26020885000,42,0,0
26015,26021885000,40,0,0
26016,26022885000,-38,1,1
26017,26023885000,38,0,0
26018,26024885000,-38,1,1
26019,26025885000,40,0,0
26020,26026885000,40,0,0
26021,26027885000,-38,1,1
26022,26028885000,38,0,0
26023,26029885000,-40,1,1
26024,26030885000,-46,1,1
26025,26031885000,-48,1,1
26026,26032885000,-46,1,1
26027,26033885000,-40,1,1
26028,26034885000,42,0,0
26029,26035885000,42,0,0
26030,26036885000,-42,1,1
26031,26037885000,-46,1,1
26032,26038885000,-38,1,1
26033,26039885000,38,0,0
26034,26040885000,-38,1,1
26035,26041885000,40,0,0
26036,26042885000,40,0,0
26037,26043885000,-38,1,1
26038,26044885000,38,0,0
26039,26045885000,-38,1,1
26040,26046885000,38,0,0
26041,26047885000,-38,1,1
26042,26048885000,38,0,0
26043,26049885000,-40,1,1
26044,26050885000,-40,1,1
26045,26051885000,42,0,0
26046,26052885000,42,0,0
26047,26053885000,-42,1,1
26048,26054885000,-46,1,1
26049,26055885000,-40,1,1
26050,26056885000,42,0,0
26051,26057885000,46,0,0
26052,26058885000,42,0,0
26053,26059885000,-42,1,1
26054,26060885000,-38,1,1
26055,26061885000,38,0,0
26056,26062885000,-38,1,1
26057,26063885000,40,0,0
26058,26064885000,46,0,0
26059,26065885000,48,0,0
26060,26066885000,46,0,0
26061,26067885000,42,0,0
26062,26068885000,-42,1,1
26063,26069885000,-40,1,1
26064,26070885000,42,0,0
26065,26071885000,42,0,0
26066,26072885000,-42,1,1
26067,26073885000,-46,1,1
26068,26074885000,-40,1,1
26069,26075885000,42,0,0
26070,26076885000,42,0,0
26071,26077885000,-42,1,1
26072,26078885000,-46,1,1
26073,26079885000,-40,1,1
26074,26080885000,42,0,0
26075,26081885000,42,0,0
26076,26082885000,-42,1,1
26077,26083885000,-46,1,1
26078,26084885000,-48,1,1
26079,26085885000,-48,1,1
26080,26086885000,-46,1,1
26081,26087885000,-40,1,1
26082,26088885000,42,0,0
26083,26089885000,46,0,0
26084,26090885000,48,0,0
26085,26091885000,46,0,0
26086,26092885000,42,0,0
26087,26093885000,-42,1,1
26088,26094885000,-46,1,1
26089,26095885000,-48,1,1
26090,26096885000,-48,1,1
26091,26097885000,-46,1,1
26092,26098885000,-38,1,1
26093,26099885000,40,0,0
26094,26100885000,-40,1,1
26095,26101885000,-46,1,1
26096,26102885000,-38,1,1
26097,26103885000,40,0,0
26098,26104885000,-40,1,1
26099,26105885000,-42,1,1
26100,26106885000,42,0,0
26101,26107885000,42,0,0
26102,26108885000,-42,1,1
26103,26109885000,-46,1,1
26104,26110885000,-48,1,1
26105,26111885000,-48,1,1
26106,26112885000,-46,1,1
26107,26113885000,-40,1,1
26108,26114885000,42,0,0
26109,26115885000,40,0,0
26110,26116885000,-40,1,1
26111,26117885000,40,0,0
26112,26118885000,46,0,0
26113,26119885000,40,0,0
26114,26120885000,-40,1,1
26115,26121885000,40,0,0
26116,26122885000,46,0,0
26117,26123885000,46,0,0
26118,26124885000,42,0,0
26119,26125885000,-42,1,1
26120,26126885000,-42,1,1
26121,26127885000,42,0,0
26122,26128885000,46,0,0
26123,26129885000,40,0,0
26124,26130885000,-38,1,1
26125,26131885000,38,0,0
26126,26132885000,-40,1,1
26127,26133885000,-38,1,1
26128,26134885000,38,0,0
26129,26135885000,-38,1,1
26130,26136885000,40,0,0
26131,26137885000,40,0,0
26132,26138885000,-40,1,1
26133,26139885000,40,0,0
26134,26140885000,46,0,0
26135,26141885000,40,0,0
26136,26142885000,-38,1,1
26137,26143885000,38,0,0
26138,26144885000,-40,1,1
26139,26145885000,-46,1,1
26140,26146885000,-48,1,1
26141,26147885000,-46,1,1
26142,26148885000,-40,1,1
26143,26149885000,42,0,0
26144,26150885000,46,0,0
26145,26151885000,42,0,0
26146,26152885000,-42,1,1
26147,26153885000,-38,1,1
26148,26154885000,40,0,0
26149,26155885000,-40,1,1
26150,26156885000,-40,1,1
26151,26157885000,40,0,0
26152,26158885000,-40,1,1
26153,26159885000,-40,1,1
26154,26160885000,42,0,0
26155,26161885000,46,0,0
26156,26162885000,40,0,0
26157,26163885000,-40,1,1
26158,26164885000,40,0,0
26159,26165885000,42,0,0
26160,26166885000,-42,1,1
26161,26167885000,-46,1,1
26162,26168885000,-48,1,1
26163,26169885000,-46,1,1
26164,26170885000,-40,1,1
26165,26171885000,42,0,0
26166,26172885000,46,0,0
26167,26173885000,40,0,0
26168,26174885000,-40,1,1
26169,26175885000,40,0,0
26170,26176885000,42,0,0
26171,26177885000,-42,1,1
26172,26178885000,-46,1,1
26173,26179885000,-38,1,1
26174,26180885000,38,0,0
26175,26181885000,-38,1,1
26176,26182885000,38,0,0
26177,26183885000,-38,1,1
26178,26184885000,40,0,0
26179,26185885000,40,0,0
26180,26186885000,-40,1,1
26181,26187885000,40,0,0
26182,26188885000,46,0,0
26183,26189885000,42,0,0
26184,26190885000,-42,1,1
26185,26191885000,-38,1,1
26186,26192885000,40,0,0
26187,26193885000,-40,1,1
26188,26194885000,-42,1,1
26189,26195885000,42,0,0
26190,26196885000,46,0,0
26191,26197885000,48,0,0
26192,26198885000,46,0,0
26193,26199885000,42,0,0
26194,26200885000,-42,1,1
26195,26201885000,-38,1,1
26196,26202885000,38,0,0
26197,26203885000,-38,1,1
26198,26204885000,38,0,0
26199,26205885000,-38,1,1
26200,26206885000,40,0,0
26201,26207885000,40,0,0
26202,26208885000,-38,1,1
26203,26209885000,38,0,0
26204,26210885000,-40,1,1
26205,26211885000,-46,1,1
26206,26212885000,-38,1,1
26207,26213885000,38,0,0
26208,26214885000,-38,1,1
26209,26215885000,38,0,0
26210,26216885000,-38,1,1
26211,26217885000,38,0,0
26212,26218885000,-38,1,1
26213,26219885000,38,0,0
26214,26220885000,-40,1,1
26215,26221885000,-40,1,1
26216,26222885000,42,0,0
26217,26223885000,42,0,0
26218,26224885000,-42,1,1
26219,26225885000,-38,1,1
26220,26226885000,38,0,0
26221,26227885000,-38,1,1
26222,26228885000,38,0,0
26223,26229885000,-40,1,1
26224,26230885000,-40,1,1
26225,26231885000,38,0,0
26226,26232885000,-38,1,1
26227,26233885000,38,0,0
26228,26234885000,-38,1,1
26229,26235885000,38,0,0
26230,26236885000,-38,1,1
26231,26237885000,40,0,0
26232,26238885000,46,0,0
26233,26239885000,48,0,0
26234,26240885000,46,0,0
26235,26241885000,40,0,0
26236,26242885000,-38,1,1
26237,26243885000,38,0,0
26238,26244885000,-38,1,1
26239,26245885000,40,0,0
26240,26246885000,46,0,0
26241,26247885000,46,0,0
26242,26248885000,40,0,0
26243,26249885000,-40,1,1
26244,26250885000,40,0,0
26245,26251885000,46,0,0
26246,26252885000,48,0,0
26247,26253885000,48,0,0
26248,26254885000,46,0,0
26249,26255885000,42,0,0
26250,26256885000,-42,1,1
26251,26257885000,-40,1,1
26252,26258885000,42,0,0
26253,26259885000,46,0,0
26254,26260885000,46,0,0
26255,26261885000,42,0,0
26256,26262885000,-42,1,1
26257,26263885000,-46,1,1
26258,26264885000,-40,1,1
26259,26265885000,42,0,0
26260,26266885000,42,0,0
26261,26267885000,-42,1,1
26262,26268885000,-46,1,1
26263,26269885000,-38,1,1
26264,26270885000,40,0,0
26265,26271885000,-40,1,1
26266,26272885000,-40,1,1
26267,26273885000,42,0,0
26268,26274885000,40,0,0
26269,26275885000,-40,1,1
26270,26276885000,40,0,0
26271,26277885000,42,0,0
26272,26278885000,-42,1,1
26273,26279885000,-46,1,1
26274,26280885000,-38,1,1
26275,26281885000,40,0,0
26276,26282885000,-40,1,1
26277,26283885000,-40,1,1
26278,26284885000,42,0,0
26279,26285885000,42,0,0
26280,26286885000,-42,1,1
26281,26287885000,-46,1,1
26282,26288885000,-38,1,1
26283,26289885000,38,0,0
26284,26290885000,-38,1,1
26285,26291885000,40,0,0
26286,26292885000,42,0,0
26287,26293885000,-42,1,1
26288,26294885000,-46,1,1
26289,26295885000,-38,1,1
26290,26296885000,38,0,0
26291,26297885000,-38,1,1
26292,26298885000,40,0,0
26293,26299885000,46,0,0
26294,26300885000,48,0,0
26295,26301885000,48,0,0
26296,26302885000,48,0,0
26297,26303885000,46,0,0
26298,26304885000,42,0,0
26299,26305885000,-42,1,1
26300,26306885000,-46,1,1
26301,26307885000,-38,1,1
26302,26308885000,38,0,0
26303,26309885000,-38,1,1
26304,26310885000,40,0,0
26305,26311885000,46,0,0
26306,26312885000,42,0,0
26307,26313885000,-42,1,1
26308,26314885000,-40,1,1
26309,26315885000,38,0,0
26310,26316885000,-38,1,1
26311,26317885000,38,0,0
26312,26318885000,-38,1,1
26313,26319885000,38,0,0
26314,26320885000,-38,1,1
26315,26321885000,38,0,0
26316,26322885000,-38,1,1
26317,26323885000,38,0,0
26318,26324885000,-38,1,1
26319,26325885000,40,0,0
26320,26326885000,42,0,0
26321,26327885000,-42,1,1
26322,26328885000,-46,1,1
26323,26329885000,-48,1,1
26324,26330885000,-48,1,1
26325,26331885000,-46,1,1
26326,26332885000,-40,1,1
26327,26333885000,42,0,0
26328,26334885000,46,0,0
26329,26335885000,40,0,0
26330,26336885000,-40,1,1
26331,26337885000,40,0,0
26332,26338885000,46,0,0
26333,26339885000,40,0,0
26334,26340885000,-38,1,1
26335,26341885000,38,0,0
26336,26342885000,-38,1,1
26337,26343885000,40,0,0
26338,26344885000,42,0,0
26339,26345885000,-42,1,1
26340,26346885000,-46,1,1
26341,26347885000,-38,1,1
26342,26348885000,40,0,0
26343,26349885000,-40,1,1
26344,26350885000,-46,1,1
26345,26351885000,-40,1,1
26346,26352885000,42,0,0
26347,26353885000,42,0,0
26348,26354885000,-42,1,1
26349,26355885000,-46,1,1
26350,26356885000,-38,1,1
26351,26357885000,38,0,0
26352,26358885000,-38,1,1
26353,26359885000,38,0,0
26354,26360885000,-40,1,1
26355,26361885000,-38,1,1
26356,26362885000,40,0,0
26357,26363885000,-40,1,1
26358,26364885000,-40,1,1
26359,26365885000,42,0,0
26360,26366885000,46,0,0
26361,26367885000,48,0,0
26362,26368885000,48,0,0
26363,26369885000,46,0,0
26364,26370885000,42,0,0
26365,26371885000,-42,1,1
26366,26372885000,-40,1,1
26367,26373885000,42,0,0
26368,26374885000,46,0,0
26369,26375885000,42,0,0
26370,26376885000,-42,1,1
26371,26377885000,-46,1,1
26372,26378885000,-38,1,1
26373,26379885000,40,0,0
26374,26380885000,-40,1,1
26375,26381885000,-38,1,1
26376,26382885000,40,0,0
26377,26383885000,-40,1,1
26378,26384885000,-46,1,1
26379,26385885000,-38,1,1
26380,26386885000,38,0,0
26381,26387885000,-38,1,1
26382,26388885000,38,0,0
26383,26389885000,-40,1,1
26384,26390885000,-46,1,1
26385,26391885000,-40,1,1
26386,26392885000,42,0,0
26387,26393885000,42,0,0
26388,26394885000,-42,1,1
26389,26395885000,-38,1,1
26390,26396885000,38,0,0
26391,26397885000,-38,1,1
26392,26398885000,38,0,0
26393,26399885000,-38,1,1
26394,26400885000,38,0,0
26395,26401885000,-38,1,1
26396,26402885000,40,0,0
26397,26403885000,46,0,0
26398,26404885000,42,0,0
26399,26405885000,-42,1,1
26400,26406885000,-46,1,1
26401,26407885000,-48,1,1
26402,26408885000,-48,1,1
26403,26409885000,-48,1,1
26404,26410885000,-46,1,1
26405,26411885000,-40,1,1
26406,26412885000,42,0,0
26407,26413885000,42,0,0
26408,26414885000,-42,1,1
26409,26415885000,-46,1,1
26410,26416885000,-38,1,1
26411,26417885000,38,0,0
26412,26418885000,-38,1,1
26413,26419885000,40,0,0
26414,26420885000,42,0,0
26415,26421885000,-42,1,1
26416,26422885000,-46,1,1
26417,26423885000,-38,1,1
26418,26424885000,38,0,0
26419,26425885000,-38,1,1
26420,26426885000,38,0,0
26421,26427885000,-38,1,1
26422,26428885000,38,0,0
26423,26429885000,-38,1,1
26424,26430885000,38,0,0
26425,26431885000,-38,1,1
26426,26432885000,40,0,0
26427,26433885000,46,0,0
26428,26434885000,40,0,0
26429,26435885000,-38,1,1
26430,26436885000,38,0,0
26431,26437885000,-40,1,1
26432,26438885000,-40,1,1
26433,26439885000,40,0,0
26434,26440885000,-40,1,1
26435,26441885000,-46,1,1
26436,26442885000,-48,1,1
26437,26443885000,-48,1,1
26438,26444885000,-48,1,1
26439,26445885000,-46,1,1
26440,26446885000,-38,1,1
26441,26447885000,38,0,0
26442,26448885000,-38,1,1
26443,26449885000,40,0,0
26444,26450885000,40,0,0
26445,26451885000,-40,1,1
26446,26452885000,40,0,0
26447,26453885000,40,0,0
26448,26454885000,-38,1,1
26449,26455885000,38,0,0
26450,26456885000,-40,1,1
26451,26457885000,-38,1,1
26452,26458885000,38,0,0
26453,26459885000,-38,1,1
26454,26460885000,40,0,0
26455,26461885000,40,0,0
26456,26462885000,-40,1,1
26457,26463885000,40,0,0
26458,26464885000,40,0,0
26459,26465885000,-40,1,1
26460,26466885000,40,0,0
26461,26467885000,46,0,0
26462,26468885000,40,0,0
26463,26469885000,-38,1,1
26464,26470885000,38,0,0
26465,26471885000,-40,1,1
26466,26472885000,-46,1,1
26467,26473885000,-40,1,1
26468,26474885000,42,0,0
26469,26475885000,40,0,0
26470,26476885000,-38,1,1
26471,26477885000,38,0,0
26472,26478885000,-38,1,1
26473,26479885000,40,0,0
26474,26480885000,46,0,0
26475,26481885000,40,0,0
26476,26482885000,-40,1,1
26477,26483885000,40,0,0
26478,26484885000,42,0,0
26479,26485885000,-42,1,1
26480,26486885000,-40,1,1
26481,26487885000,42,0,0
26482,26488885000,40,0,0
26483,26489885000,-38,1,1
26484,26490885000,38,0,0
26485,26491885000,-40,1,1
26486,26492885000,-36,1,1
26487,26493885000,36,0,0
26488,26494885000,-36,1,1
26489,26495885000,38,0,0
26490,26496885000,-40,1,1
26491,26497885000,-40,1,1
26492,26498885000,42,0,0
26493,26499885000,46,0,0
26494,26500885000,42,0,0
26495,26501885000,-42,1,1
26496,26502885000,-38,1,1
26497,26503885000,40,0,0
26498,26504885000,-40,1,1
26499,26505885000,-46,1,1
26500,26506885000,-46,1,1
26501,26507885000,-46,1,1
26502,26508885000,-38,1,1
26503,26509885000,40,0,0
26504,26510885000,-40,1,1
26505,26511885000,-46,1,1
26506,26512885000,-40,1,1
26507,26513885000,42,0,0
26508,26514885000,46,0,0
26509,26515885000,48,0,0
26510,26516885000,46,0,0
26511,26517885000,42,0,0
26512,26518885000,-42,1,1
26513,26519885000,-40,1,1
26514,26520885000,42,0,0
26515,26521885000,42,0,0
26516,26522885000,-42,1,1
26517,26523885000,-40,1,1
26518,26524885000,42,0,0
26519,26525885000,42,0,0
26520,26526885000,-42,1,1
26521,26527885000,-38,1,1
26522,26528885000,40,0,0
26523,26529885000,-40,1,1
26524,26530885000,-38,1,1
26525,26531885000,40,0,0
26526,26532885000,-40,1,1
26527,26533885000,-46,1,1
26528,26534885000,-46,1,1
26529,26535885000,-48,1,1
26530,26536885000,-46,1,1
26531,26537885000,-40,1,1
26532,26538885000,42,0,0
26533,26539885000,40,0,0
26534,26540885000,-38,1,1
26535,26541885000,38,0,0
26536,26542885000,-40,1,1
26537,26543885000,-38,1,1
26538,26544885000,40,0,0
26539,26545885000,-40,1,1
26540,26546885000,-46,1,1
26541,26547885000,-46,1,1
26542,26548885000,-40,1,1
26543,26549885000,42,0,0
26544,26550885000,46,0,0
26545,26551885000,42,0,0
26546,26552885000,-42,1,1
26547,26553885000,-46,1,1
26548,26554885000,-36,1,1
26549,26555885000,36,0,0
26550,26556885000,-34,1,1
26551,26557885000,36,0,0
26552,26558885000,-36,1,1
26553,26559885000,40,0,0
26554,26560885000,46,0,0
26555,26561885000,42,0,0
26556,26562885000,-42,1,1
26557,26563885000,-46,1,1
26558,26564885000,-48,1,1
26559,26565885000,-46,1,1
26560,26566885000,-40,1,1
26561,26567885000,42,0,0
26562,26568885000,42,0,0
26563,26569885000,-42,1,1
26564,26570885000,-40,1,1
26565,26571885000,42,0,0
26566,26572885000,40,0,0
26567,26573885000,-40,1,1
26568,26574885000,40,0,0
26569,26575885000,46,0,0
26570,26576885000,42,0,0
26571,26577885000,-42,1,1
26572,26578885000,-46,1,1
26573,26579885000,-48,1,1
26574,26580885000,-44,1,1
26575,26581885000,-38,1,1
26576,26582885000,40,0,0
26577,26583885000,-40,1,1
26578,26584885000,-40,1,1
26579,26585885000,42,0,0
26580,26586885000,46,0,0
26581,26587885000,40,0,0
26582,26588885000,-38,1,1
26583,26589885000,38,0,0
26584,26590885000,-38,1,1
26585,26591885000,40,0,0
26586,26592885000,46,0,0
26587,26593885000,48,0,0
26588,26594885000,48,0,0
26589,26595885000,48,0,0
26590,26596885000,48,0,0
26591,26597885000,48,0,0
26592,26598885000,48,0,0
26593,26599885000,46,0,0
26594,26600885000,40,0,0
26595,26601885000,-38,1,1
26596,26602885000,38,0,0
26597,26603885000,-40,1,1
26598,26604885000,-46,1,1
26599,26605885000,-40,1,1
26600,26606885000,42,0,0
26601,26607885000,46,0,0
26602,26608885000,40,0,0
26603,26609885000,-38,1,1
26604,26610885000,38,0,0
26605,26611885000,-40,1,1
26606,26612885000,-38,1,1
26607,26613885000,38,0,0
26608,26614885000,-38,1,1
26609,26615885000,40,0,0
26610,26616885000,46,0,0
26611,26617885000,42,0,0
26612,26618885000,-42,1,1
26613,26619885000,-40,1,1
26614,26620885000,42,0,0
26615,26621885000,46,0,0
26616,26622885000,40,0,0
26617,26623885000,-40,1,1
26618,26624885000,40,0,0
26619,26625885000,46,0,0
26620,26626885000,48,0,0
26621,26627885000,46,0,0
26622,26628885000,42,0,0
26623,26629885000,-42,1,1
26624,26630885000,-46,1,1
26625,26631885000,-46,1,1
26626,26632885000,-38,1,1
26627,26633885000,40,0,0
26628,26634885000,-40,1,1
26629,26635885000,-40,1,1
26630,26636885000,42,0,0
26631,26637885000,40,0,0
26632,26638885000,-38,1,1
26633,26639885000,38,0,0
26634,26640885000,-40,1,1
26635,26641885000,-38,1,1
26636,26642885000,38,0,0
26637,26643885000,-38,1,1
26638,26644885000,38,0,0
26639,26645885000,-40,1,1
26640,26646885000,-46,1,1
26641,26647885000,-40,1,1
26642,26648885000,42,0,0
26643,26649885000,46,0,0
26644,26650885000,46,0,0
26645,26651885000,40,0,0
26646,26652885000,-40,1,1
26647,26653885000,40,0,0
26648,26654885000,40,0,0
26649,26655885000,-38,1,1
26650,26656885000,38,0,0
26651,26657885000,-40,1,1
26652,26658885000,-46,1,1
26653,26659885000,-40,1,1
26654,26660885000,42,0,0
26655,26661885000,40,0,0
26656,26662885000,-40,1,1
26657,26663885000,40,0,0
26658,26664885000,46,0,0
26659,26665885000,46,0,0
26660,26666885000,42,0,0
26661,26667885000,-42,1,1
26662,26668885000,-46,1,1
26663,26669885000,-46,1,1
26664,26670885000,-38,1,1
26665,26671885000,40,0,0
26666,26672885000,-40,1,1
26667,26673885000,-38,1,1
26668,26674885000,38,0,0
26669,26675885000,-38,1,1
26670,26676885000,40,0,0
26671,26677885000,40,0,0
26672,26678885000,-40,1,1
26673,26679885000,40,0,0
26674,26680885000,46,0,0
26675,26681885000,40,0,0
26676,26682885000,-38,1,1
26677,26683885000,38,0,0
26678,26684885000,-38,1,1
26679,26685885000,40,0,0
26680,26686885000,46,0,0
26681,26687885000,42,0,0
26682,26688885000,-42,1,1
26683,26689885000,-38,1,1
26684,26690885000,38,0,0
26685,26691885000,-38,1,1
26686,26692885000,38,0,0
26687,26693885000,-40,1,1
26688,26694885000,-38,1,1
26689,26695885000,40,0,0
26690,26696885000,-40,1,1
26691,26697885000,-46,1,1
26692,26698885000,-46,1,1
26693,26699885000,-46,1,1
26694,26700885000,-40,1,1
26695,26701885000,42,0,0
26696,26702885000,46,0,0
26697,26703885000,48,0,0
26698,26704885000,46,0,0
26699,26705885000,42,0,0
26700,26706885000,-42,1,1
26701,26707885000,-38,1,1
26702,26708885000,38,0,0
26703,26709885000,-38,1,1
26704,26710885000,40,0,0
26705,26711885000,42,0,0
26706,26712885000,-42,1,1
26707,26713885000,-38,1,1
26708,26714885000,40,0,0
26709,26715885000,-40,1,1
26710,26716885000,-46,1,1
26711,26717885000,-48,1,1
26712,26718885000,-46,1,1
26713,26719885000,-38,1,1
26714,26720885000,40,0,0
26715,26721885000,-40,1,1
26716,26722885000,-46,1,1
26717,26723885000,-38,1,1
26718,26724885000,40,0,0
26719,26725885000,-40,1,1
26720,26726885000,-46,1,1
26721,26727885000,-48,1,1
26722,26728885000,-46,1,1
26723,26729885000,-48,1,1
26724,26730885000,-48,1,1
26725,26731885000,-46,1,1
26726,26732885000,-38,1,1
26727,26733885000,38,0,0
26728,26734885000,-38,1,1
26729,26735885000,40,0,0
26730,26736885000,46,0,0
26731,26737885000,46,0,0
26732,26738885000,42,0,0
26733,26739885000,-42,1,1
26734,26740885000,-40,1,1
26735,26741885000,42,0,0
26736,26742885000,46,0,0
26737,26743885000,48,0,0
26738,26744885000,48,0,0
26739,26745885000,46,0,0
26740,26746885000,42,0,0
26741,26747885000,-42,1,1
26742,26748885000,-46,1,1
26743,26749885000,-46,1,1
26744,26750885000,-38,1,1
26745,26751885000,40,0,0
26746,26752885000,-40,1,1
26747,26753885000,-46,1,1
26748,26754885000,-46,1,1
26749,26755885000,-38,1,1
26750,26756885000,38,0,0
26751,26757885000,-38,1,1
26752,26758885000,40,0,0
26753,26759885000,46,0,0
26754,26760885000,48,0,0
26755,26761885000,48,0,0
26756,26762885000,48,0,0
26757,26763885000,46,0,0
26758,26764885000,42,0,0
26759,26765885000,-42,1,1
26760,26766885000,-38,1,1
26761,26767885000,40,0,0
26762,26768885000,-40,1,1
26763,26769885000,-46,1,1
26764,26770885000,-40,1,1
26765,26771885000,42,0,0
26766,26772885000,46,0,0
26767,26773885000,46,0,0
26768,26774885000,42,0,0
26769,26775885000,-42,1,1
26770,26776885000,-40,1,1
26771,26777885000,42,0,0
26772,26778885000,46,0,0
26773,26779885000,42,0,0
26774,26780885000,-42,1,1
26775,26781885000,-40,1,1
26776,26782885000,42,0,0
26777,26783885000,46,0,0
26778,26784885000,48,0,0
26779,26785885000,46,0,0
26780,26786885000,42,0,0
26781,26787885000,-42,1,1
26782,26788885000,-40,1,1
26783,26789885000,42,0,0
26784,26790885000,46,0,0
26785,26791885000,46,0,0
26786,26792885000,40,0,0
26787,26793885000,-38,1,1
26788,26794885000,38,0,0
26789,26795885000,-38,1,1
26790,26796885000,38,0,0
26791,26797885000,-38,1,1
26792,26798885000,38,0,0
26793,26799885000,-40,1,1
26794,26800885000,-46,1,1
26795,26801885000,-38,1,1
26796,26802885000,38,0,0
26797,26803885000,-38,1,1
26798,26804885000,40,0,0
26799,26805885000,42,0,0
26800,26806885000,-42,1,1
26801,26807885000,-46,1,1
26802,26808885000,-48,1,1
26803,26809885000,-46,1,1
26804,26810885000,-40,1,1
26805,26811885000,42,0,0
26806,26812885000,42,0,0
26807,26813885000,-42,1,1
26808,26814885000,-38,1,1
26809,26815885000,38,0,0
26810,26816885000,-38,1,1
26811,26817885000,40,0,0
26812,26818885000,40,0,0
26813,26819885000,-38,1,1
26814,26820885000,38,0,0
26815,26821885000,-40,1,1
26816,26822885000,-46,1,1
26817,26823885000,-44,1,1
26818,26824885000,-40,1,1
26819,26825885000,42,0,0
26820,26826885000,42,0,0
26821,26827885000,-42,1,1
26822,26828885000,-46,1,1
26823,26829885000,-40,1,1
26824,26830885000,42,0,0
26825,26831885000,40,0,0
26826,26832885000,-38,1,1
26827,26833885000,38,0,0
26828,26834885000,-40,1,1
26829,26835885000,-46,1,1
26830,26836885000,-38,1,1
26831,26837885000,40,0,0
26832,26838885000,-40,1,1
26833,26839885000,-40,1,1
26834,26840885000,42,0,0
26835,26841885000,46,0,0
26836,26842885000,40,0,0
26837,26843885000,-40,1,1
26838,26844885000,40,0,0
26839,26845885000,42,0,0
26840,26846885000,-42,1,1
26841,26847885000,-46,1,1
26842,26848885000,-38,1,1
26843,26849885000,38,0,0
26844,26850885000,-38,1,1
26845,26851885000,40,0,0
26846,26852885000,46,0,0
26847,26853885000,46,0,0
26848,26854885000,40,0,0
26849,26855885000,-40,1,1
26850,26856885000,40,0,0
26851,26857885000,46,0,0
26852,26858885000,40,0,0
26853,26859885000,-40,1,1
26854,26860885000,40,0,0
26855,26861885000,42,0,0
26856,26862885000,-42,1,1
26857,26863885000,-38,1,1
26858,26864885000,38,0,0
26859,26865885000,-38,1,1
26860,26866885000,40,0,0
26861,26867885000,46,0,0
26862,26868885000,48,0,0
26863,26869885000,48,0,0
26864,26870885000,48,0,0
26865,26871885000,48,0,0
26866,26872885000,46,0,0
26867,26873885000,40,0,0
26868,26874885000,-38,1,1
26869,26875885000,38,0,0
26870,26876885000,-40,1,1
26871,26877885000,-38,1,1
26872,26878885000,38,0,0
26873,26879885000,-38,1,1
26874,26880885000,38,0,0
26875,26881885000,-40,1,1
26876,26882885000,-46,1,1
26877,26883885000,-46,1,1
26878,26884885000,-38,1,1
26879,26885885000,38,0,0
26880,26886885000,-38,1,1
26881,26887885000,38,0,0
26882,26888885000,-38,1,1
26883,26889885000,38,0,0
26884,26890885000,-40,1,1
26885,26891885000,-40,1,1
26886,26892885000,42,0,0
26887,26893885000,42,0,0
26888,26894885000,-42,1,1
26889,26895885000,-46,1,1
26890,26896885000,-38,1,1
26891,26897885000,40,0,0
26892,26898885000,-40,1,1
26893,26899885000,-46,1,1
26894,26900885000,-44,1,1
26895,26901885000,-38,1,1
26896,26902885000,40,0,0
26897,26903885000,-40,1,1
26898,26904885000,-40,1,1
26899,26905885000,42,0,0
26900,26906885000,46,0,0
26901,26907885000,40,0,0
26902,26908885000,-38,1,1
26903,26909885000,38,0,0
26904,26910885000,-38,1,1
26905,26911885000,40,0,0
26906,26912885000,40,0,0
26907,26913885000,-38,1,1
26908,26914885000,38,0,0
26909,26915885000,-38,1,1
26910,26916885000,40,0,0
26911,26917885000,40,0,0
26912,26918885000,-38,1,1
26913,26919885000,38,0,0
26914,26920885000,-40,1,1
26915,26921885000,-38,1,1
26916,26922885000,38,0,0
26917,26923885000,-38,1,1
26918,26924885000,38,0,0
26919,26925885000,-40,1,1
26920,26926885000,-46,1,1
26921,26927885000,-46,1,1
26922,26928885000,-46,1,1
26923,26929885000,-40,1,1
26924,26930885000,42,0,0
26925,26931885000,46,0,0
26926,26932885000,46,0,0
26927,26933885000,42,0,0
26928,26934885000,-42,1,1
26929,26935885000,-40,1,1
26930,26936885000,42,0,0
26931,26937885000,42,0,0
26932,26938885000,-42,1,1
26933,26939885000,-46,1,1
26934,26940885000,-48,1,1
26935,26941885000,-46,1,1
26936,26942885000,-40,1,1
26937,26943885000,42,0,0
26938,26944885000,46,0,0
26939,26945885000,46,0,0
26940,26946885000,42,0,0
26941,26947885000,-42,1,1
26942,26948885000,-46,1,1
26943,26949885000,-48,1,1
26944,26950885000,-44,1,1
26945,26951885000,-38,1,1
26946,26952885000,40,0,0
26947,26953885000,-40,1,1
26948,26954885000,-38,1,1
26949,26955885000,38,0,0
26950,26956885000,-38,1,1
26951,26957885000,40,0,0
26952,26958885000,40,0,0
26953,26959885000,-40,1,1
26954,26960885000,40,0,0
26955,26961885000,46,0,0
26956,26962885000,42,0,0
26957,26963885000,-42,1,1
26958,26964885000,-40,1,1
26959,26965885000,42,0,0
26960,26966885000,42,0,0
26961,26967885000,-42,1,1
26962,26968885000,-46,1,1
26963,26969885000,-44,1,1
26964,26970885000,-40,1,1
26965,26971885000,42,0,0
26966,26972885000,46,0,0
26967,26973885000,48,0,0
26968,26974885000,48,0,0
26969,26975885000,46,0,0
26970,26976885000,42,0,0
26971,26977885000,-42,1,1
26972,26978885000,-40,1,1
26973,26979885000,42,0,0
26974,26980885000,46,0,0
26975,26981885000,42,0,0
26976,26982885000,-42,1,1
26977,26983885000,-38,1,1
26978,26984885000,40,0,0
26979,26985885000,-40,1,1
26980,26986885000,-40,1,1
26981,26987885000,42,0,0
26982,26988885000,46,0,0
26983,26989885000,42,0,0
26984,26990885000,-42,1,1
26985,26991885000,-46,1,1
26986,26992885000,-46,1,1
26987,26993885000,-40,1,1
26988,26994885000,42,0,0
26989,26995885000,46,0,0
26990,26996885000,40,0,0
26991,26997885000,-38,1,1
26992,26998885000,38,0,0
26993,26999885000,-40,1,1
26994,27000885000,-38,1,1
26995,27001885000,38,0,0
26996,27002885000,-38,1,1
26997,27003885000,40,0,0
26998,27004885000,46,0,0
26999,27005885000,48,0,0
27000,27006885000,48,0,0
27001,27007885000,46,0,0
27002,27008885000,40,0,0
27003,27009885000,-38,1,1
27004,27010885000,38,0,0
27005,27011885000,-40,1,1
27006,27012885000,-38,1,1
27007,27013885000,38,0,0
27008,27014885000,-38,1,1
27009,27015885000,38,0,0
27010,27016885000,-38,1,1
27011,27017885000,38,0,0
27012,27018885000,-38,1,1
27013,27019885000,40,0,0
27014,27020885000,46,0,0
27015,27021885000,46,0,0
27016,27022885000,42,0,0
27017,27023885000,-42,1,1
27018,27024885000,-38,1,1
27019,27025885000,38,0,0
27020,27026885000,-38,1,1
27021,27027885000,40,0,0
27022,27028885000,42,0,0
27023,27029885000,-42,1,1
27024,27030885000,-40,1,1
27025,27031885000,42,0,0
27026,27032885000,42,0,0
27027,27033885000,-42,1,1
27028,27034885000,-40,1,1
27029,27035885000,42,0,0
27030,27036885000,42,0,0
27031,27037885000,-42,1,1
27032,27038885000,-38,1,1
27033,27039885000,40,0,0
27034,27040885000,-40,1,1
27035,27041885000,-38,1,1
27036,27042885000,38,0,0
27037,27043885000,-38,1,1
27038,27044885000,40,0,0
27039,27045885000,42,0,0
27040,27046885000,-42,1,1
27041,27047885000,-38,1,1
27042,27048885000,40,0,0
27043,27049885000,-40,1,1
27044,27050885000,-40,1,1
27045,27051885000,42,0,0
27046,27052885000,46,0,0
27047,27053885000,46,0,0
27048,27054885000,42,0,0
27049,27055885000,-42,1,1
27050,27056885000,-40,1,1
27051,27057885000,42,0,0
27052,27058885000,46,0,0
27053,27059885000,40,0,0
27054,27060885000,-38,1,1
27055,27061885000,38,0,0
27056,27062885000,-40,1,1
27057,27063885000,-38,1,1
27058,27064885000,40,0,0
27059,27065885000,-40,1,1
27060,27066885000,-46,1,1
27061,27067885000,-44,1,1
27062,27068885000,-40,1,1
27063,27069885000,42,0,0
27064,27070885000,42,0,0
27065,27071885000,-42,1,1
27066,27072885000,-46,1,1
27067,27073885000,-48,1,1
27068,27074885000,-46,1,1
27069,27075885000,-46,1,1
27070,27076885000,-46,1,1
27071,27077885000,-38,1,1
27072,27078885000,38,0,0
27073,27079885000,-38,1,1
27074,27080885000,40,0,0
27075,27081885000,40,0,0
27076,27082885000,-38,1,1
27077,27083885000,38,0,0
27078,27084885000,-40,1,1
27079,27085885000,-46,1,1
27080,27086885000,-46,1,1
27081,27087885000,-46,1,1
27082,27088885000,-46,1,1
27083,27089885000,-38,1,1
27084,27090885000,40,0,0
27085,27091885000,-40,1,1
27086,27092885000,-46,1,1
27087,27093885000,-40,1,1
27088,27094885000,42,0,0
27089,27095885000,40,0,0
27090,27096885000,-38,1,1
27091,27097885000,38,0,0
27092,27098885000,-38,1,1
27093,27099885000,38,0,0
27094,27100885000,-40,1,1
27095,27101885000,-38,1,1
27096,27102885000,40,0,0
27097,27103885000,-40,1,1
27098,27104885000,-38,1,1
27099,27105885000,40,0,0
27100,27106885000,-40,1,1
27101,27107885000,-46,1,1
27102,27108885000,-46,1,1
27103,27109885000,-44,1,1
27104,27110885000,-38,1,1
27105,27111885000,38,0,0
27106,27112885000,-38,1,1
27107,27113885000,38,0,0
27108,27114885000,-40,1,1
27109,27115885000,-40,1,1
27110,27116885000,42,0,0
27111,27117885000,42,0,0
27112,27118885000,-42,1,1
27113,27119885000,-38,1,1
27114,27120885000,38,0,0
27115,27121885000,-38,1,1
27116,27122885000,38,0,0
27117,27123885000,-38,1,1
27118,27124885000,40,0,0
27119,27125885000,42,0,0
27120,27126885000,-42,1,1
27121,27127885000,-40,1,1
27122,27128885000,42,0,0
27123,27129885000,42,0,0
27124,27130885000,-42,1,1
27125,27131885000,-40,1,1
27126,27132885000,42,0,0
27127,27133885000,46,0,0
27128,27134885000,46,0,0
27129,27135885000,42,0,0
27130,27136885000,-42,1,1
27131,27137885000,-46,1,1
27132,27138885000,-46,1,1
27133,27139885000,-40,1,1
27134,27140885000,42,0,0
27135,27141885000,46,0,0
27136,27142885000,42,0,0
27137,27143885000,-42,1,1
27138,27144885000,-46,1,1
27139,27145885000,-46,1,1
27140,27146885000,-38,1,1
27141,27147885000,40,0,0
27142,27148885000,-40,1,1
27143,27149885000,-40,1,1
27144,27150885000,42,0,0
27145,27151885000,42,0,0
27146,27152885000,-42,1,1
27147,27153885000,-38,1,1
27148,27154885000,40,0,0
27149,27155885000,-40,1,1
27150,27156885000,-38,1,1
27151,27157885000,38,0,0
27152,27158885000,-38,1,1
27153,27159885000,40,0,0
27154,27160885000,42,0,0
27155,27161885000,-42,1,1
27156,27162885000,-46,1,1
27157,27163885000,-46,1,1
27158,27164885000,-38,1,1
27159,27165885000,40,0,0
27160,27166885000,-40,1,1
27161,27167885000,-46,1,1
27162,27168885000,-38,1,1
27163,27169885000,38,0,0
27164,27170885000,-38,1,1
27165,27171885000,38,0,0
27166,27172885000,-38,1,1
27167,27173885000,38,0,0
27168,27174885000,-38,1,1
27169,27175885000,40,0,0
27170,27176885000,46,0,0
27171,27177885000,40,0,0
27172,27178885000,-40,1,1
27173,27179885000,40,0,0
27174,27180885000,42,0,0
27175,27181885000,-42,1,1
27176,27182885000,-38,1,1
27177,27183885000,40,0,0
27178,27184885000,-40,1,1
27179,27185885000,-46,1,1
27180,27186885000,-40,1,1
27181,27187885000,42,0,0
27182,27188885000,46,0,0
27183,27189885000,42,0,0
27184,27190885000,-42,1,1
27185,27191885000,-40,1,1
27186,27192885000,42,0,0
27187,27193885000,46,0,0
27188,27194885000,48,0,0
27189,27195885000,48,0,0
27190,27196885000,48,0,0
27191,27197885000,46,0,0
27192,27198885000,40,0,0
27193,27199885000,-40,1,1
27194,27200885000,40,0,0
27195,27201885000,42,0,0
27196,27202885000,-42,1,1
27197,27203885000,-38,1,1
27198,27204885000,40,0,0
27199,27205885000,-40,1,1
27200,27206885000,-40,1,1
27201,27207885000,42,0,0
27202,27208885000,40,0,0
27203,27209885000,-40,1,1
27204,27210885000,40,0,0
27205,27211885000,46,0,0
27206,27212885000,48,0,0
27207,27213885000,46,0,0
27208,27214885000,42,0,0
27209,27215885000,-42,1,1
27210,27216885000,-46,1,1
27211,27217885000,-44,1,1
27212,27218885000,-40,1,1
27213,27219885000,42,0,0
27214,27220885000,42,0,0
27215,27221885000,-42,1,1
27216,27222885000,-38,1,1
27217,27223885000,38,0,0
27218,27224885000,-38,1,1
27219,27225885000,40,0,0
27220,27226885000,46,0,0
27221,27227885000,40,0,0
27222,27228885000,-38,1,1
27223,27229885000,38,0,0
27224,27230885000,-38,1,1
27225,27231885000,40,0,0
27226,27232885000,46,0,0
27227,27233885000,48,0,0
27228,27234885000,48,0,0
27229,27235885000,48,0,0
27230,27236885000,46,0,0
27231,27237885000,40,0,0
27232,27238885000,-38,1,1
27233,27239885000,38,0,0
27234,27240885000,-40,1,1
27235,27241885000,-46,1,1
27236,27242885000,-40,1,1
27237,27243885000,42,0,0
27238,27244885000,40,0,0
27239,27245885000,-40,1,1
27240,27246885000,40,0,0
27241,27247885000,46,0,0
27242,27248885000,40,0,0
27243,27249885000,-38,1,1
27244,27250885000,38,0,0
27245,27251885000,-40,1,1
27246,27252885000,-46,1,1
27247,27253885000,-40,1,1
27248,27254885000,42,0,0
27249,27255885000,46,0,0
27250,27256885000,48,0,0
27251,27257885000,48,0,0
27252,27258885000,46,0,0
27253,27259885000,42,0,0
27254,27260885000,-42,1,1
27255,27261885000,-40,1,1
27256,27262885000,42,0,0
27257,27263885000,46,0,0
27258,27264885000,46,0,0
27259,27265885000,40,0,0
27260,27266885000,-38,1,1
27261,27267885000,38,0,0
27262,27268885000,-40,1,1
27263,27269885000,-46,1,1
27264,27270885000,-48,1,1
27265,27271885000,-48,1,1
27266,27272885000,-44,1,1
27267,27273885000,-38,1,1
27268,27274885000,40,0,0
27269,27275885000,-40,1,1
27270,27276885000,-46,1,1
27271,27277885000,-38,1,1
27272,27278885000,40,0,0
27273,27279885000,-40,1,1
27274,27280885000,-38,1,1
27275,27281885000,38,0,0
27276,27282885000,-38,1,1
27277,27283885000,38,0,0
27278,27284885000,-38,1,1
27279,27285885000,38,0,0
27280,27286885000,-38,1,1
27281,27287885000,38,0,0
27282,27288885000,-38,1,1
27283,27289885000,40,0,0
27284,27290885000,46,0,0
27285,27291885000,46,0,0
27286,27292885000,42,0,0
27287,27293885000,-42,1,1
27288,27294885000,-40,1,1
27289,27295885000,42,0,0
27290,27296885000,40,0,0
27291,27297885000,-38,1,1
27292,27298885000,38,0,0
27293,27299885000,-40,1,1
27294,27300885000,-40,1,1
27295,27301885000,42,0,0
27296,27302885000,42,0,0
27297,27303885000,-42,1,1
27298,27304885000,-46,1,1
27299,27305885000,-48,1,1
27300,27306885000,-44,1,1
27301,27307885000,-38,1,1
27302,27308885000,38,0,0
27303,27309885000,-38,1,1
27304,27310885000,40,0,0
27305,27311885000,40,0,0
27306,27312885000,-40,1,1
27307,27313885000,40,0,0
27308,27314885000,46,0,0
27309,27315885000,42,0,0
27310,27316885000,-42,1,1
27311,27317885000,-38,1,1
27312,27318885000,40,0,0
27313,27319885000,-40,1,1
27314,27320885000,-40,1,1
27315,27321885000,42,0,0
27316,27322885000,42,0,0
27317,27323885000,-42,1,1
27318,27324885000,-44,1,1
27319,27325885000,-38,1,1
27320,27326885000,40,0,0
27321,27327885000,-40,1,1
27322,27328885000,-38,1,1
27323,27329885000,38,0,0
27324,27330885000,-38,1,1
27325,27331885000,38,0,0
27326,27332885000,-40,1,1
27327,27333885000,-46,1,1
27328,27334885000,-46,1,1
27329,27335885000,-46,1,1
27330,27336885000,-46,1,1
27331,27337885000,-38,1,1
27332,27338885000,38,0,0
27333,27339885000,-38,1,1
27334,27340885000,38,0,0
27335,27341885000,-40,1,1
27336,27342885000,-38,1,1
27337,27343885000,40,0,0
27338,27344885000,-40,1,1
27339,27345885000,-38,1,1
27340,27346885000,38,0,0
27341,27347885000,-38,1,1
27342,27348885000,40,0,0
27343,27349885000,46,0,0
27344,27350885000,48,0,0
27345,27351885000,48,0,0
27346,27352885000,48,0,0
27347,27353885000,46,0,0
27348,27354885000,42,0,0
27349,27355885000,-42,1,1
27350,27356885000,-46,1,1
27351,27357885000,-44,1,1
27352,27358885000,-40,1,1
27353,27359885000,42,0,0
27354,27360885000,46,0,0
27355,27361885000,48,0,0
27356,27362885000,48,0,0
27357,27363885000,48,0,0
27358,27364885000,46,0,0
27359,27365885000,42,0,0
27360,27366885000,-42,1,1
27361,27367885000,-38,1,1
27362,27368885000,40,0,0
27363,27369885000,-40,1,1
27364,27370885000,-46,1,1
27365,27371885000,-46,1,1
27366,27372885000,-38,1,1
27367,27373885000,38,0,0
27368,27374885000,-38,1,1
27369,27375885000,40,0,0
27370,27376885000,46,0,0
27371,27377885000,48,0,0
27372,27378885000,48,0,0
27373,27379885000,46,0,0
27374,27380885000,42,0,0
27375,27381885000,-42,1,1
27376,27382885000,-44,1,1
27377,27383885000,-40,1,1
27378,27384885000,42,0,0
27379,27385885000,46,0,0
27380,27386885000,42,0,0
27381,27387885000,-42,1,1
27382,27388885000,-38,1,1
27383,27389885000,40,0,0
27384,27390885000,-40,1,1
27385,27391885000,-40,1,1
27386,27392885000,42,0,0
27387,27393885000,40,0,0
27388,27394885000,-38,1,1
27389,27395885000,38,0,0
27390,27396885000,-40,1,1
27391,27397885000,-44,1,1
27392,27398885000,-38,1,1
27393,27399885000,40,0,0
27394,27400885000,-40,1,1
27395,27401885000,-40,1,1
27396,27402885000,42,0,0
27397,27403885000,40,0,0
27398,27404885000,-38,1,1
27399,27405885000,38,0,0
27400,27406885000,-40,1,1
27401,27407885000,-46,1,1
27402,27408885000,-40,1,1
27403,27409885000,42,0,0
27404,27410885000,42,0,0
27405,27411885000,-42,1,1
27406,27412885000,-44,1,1
27407,27413885000,-38,1,1
27408,27414885000,38,0,0
27409,27415885000,-38,1,1
27410,27416885000,40,0,0
27411,27417885000,42,0,0
27412,27418885000,-42,1,1
27413,27419885000,-40,1,1
27414,27420885000,42,0,0
27415,27421885000,46,0,0
27416,27422885000,46,0,0
27417,27423885000,42,0,0
27418,27424885000,-42,1,1
27419,27425885000,-46,1,1
27420,27426885000,-38,1,1
27421,27427885000,38,0,0
27422,27428885000,-38,1,1
27423,27429885000,40,0,0
27424,27430885000,46,0,0
27425,27431885000,46,0,0
27426,27432885000,40,0,0
27427,27433885000,-40,1,1
27428,27434885000,40,0,0
27429,27435885000,46,0,0
27430,27436885000,48,0,0
27431,27437885000,48,0,0
27432,27438885000,46,0,0
27433,27439885000,40,0,0
27434,27440885000,-38,1,1
27435,27441885000,38,0,0
27436,27442885000,-40,1,1
27437,27443885000,-44,1,1
27438,27444885000,-40,1,1
27439,27445885000,42,0,0
27440,27446885000,46,0,0
27441,27447885000,42,0,0
27442,27448885000,-42,1,1
27443,27449885000,-44,1,1
27444,27450885000,-40,1,1
27445,27451885000,42,0,0
27446,27452885000,46,0,0
27447,27453885000,46,0,0
27448,27454885000,42,0,0
27449,27455885000,-42,1,1
27450,27456885000,-38,1,1
27451,27457885000,40,0,0
27452,27458885000,-40,1,1
27453,27459885000,-40,1,1
27454,27460885000,42,0,0
27455,27461885000,40,0,0
27456,27462885000,-38,1,1
27457,27463885000,38,0,0
27458,27464885000,-40,1,1
27459,27465885000,-40,1,1
27460,27466885000,42,0,0
27461,27467885000,46,0,0
27462,27468885000,42,0,0
27463,27469885000,-42,1,1
27464,27470885000,-40,1,1
27465,27471885000,42,0,0
27466,27472885000,40,0,0
27467,27473885000,-38,1,1
27468,27474885000,38,0,0
27469,27475885000,-38,1,1
27470,27476885000,40,0,0
27471,27477885000,46,0,0
27472,27478885000,40,0,0
27473,27479885000,-38,1,1
27474,27480885000,38,0,0
27475,27481885000,-38,1,1
27476,27482885000,38,0,0
27477,27483885000,-38,1,1
27478,27484885000,40,0,0
27479,27485885000,46,0,0
27480,27486885000,48,0,0
27481,27487885000,46,0,0
27482,27488885000,42,0,0
27483,27489885000,-42,1,1
27484,27490885000,-46,1,1
27485,27491885000,-46,1,1
27486,27492885000,-38,1,1
27487,27493885000,38,0,0
27488,27494885000,-38,1,1
27489,27495885000,38,0,0
27490,27496885000,-38,1,1
27491,27497885000,40,0,0
27492,27498885000,40,0,0
27493,27499885000,-40,1,1
27494,27500885000,40,0,0
27495,27501885000,46,0,0
27496,27502885000,48,0,0
27497,27503885000,46,0,0
27498,27504885000,40,0,0
27499,27505885000,-40,1,1
27500,27506885000,40,0,0
27501,27507885000,46,0,0
27502,27508885000,40,0,0
27503,27509885000,-40,1,1
27504,27510885000,40,0,0
27505,27511885000,42,0,0
27506,27512885000,-42,1,1
27507,27513885000,-38,1,1
27508,27514885000,40,0,0
27509,27515885000,-40,1,1
27510,27516885000,-46,1,1
27511,27517885000,-38,1,1
27512,27518885000,38,0,0
27513,27519885000,-38,1,1
27514,27520885000,40,0,0
27515,27521885000,40,0,0
27516,27522885000,-38,1,1
27517,27523885000,38,0,0
27518,27524885000,-40,1,1
27519,27525885000,-38,1,1
27520,27526885000,40,0,0
27521,27527885000,-40,1,1
27522,27528885000,-46,1,1
27523,27529885000,-44,1,1
27524,27530885000,-40,1,1
27525,27531885000,42,0,0
27526,27532885000,40,0,0
27527,27533885000,-40,1,1
27528,27534885000,40,0,0
27529,27535885000,46,0,0
27530,27536885000,46,0,0
27531,27537885000,42,0,0
27532,27538885000,-42,1,1
27533,27539885000,-40,1,1
27534,27540885000,42,0,0
27535,27541885000,46,0,0
27536,27542885000,46,0,0
27537,27543885000,42,0,0
27538,27544885000,-42,1,1
27539,27545885000,-38,1,1
27540,27546885000,38,0,0
27541,27547885000,-38,1,1
27542,27548885000,40,0,0
27543,27549885000,46,0,0
27544,27550885000,40,0,0
27545,27551885000,-40,1,1
27546,27552885000,40,0,0
27547,27553885000,46,0,0
27548,27554885000,48,0,0
27549,27555885000,46,0,0
27550,27556885000,40,0,0
27551,27557885000,-38,1,1
27552,27558885000,38,0,0
27553,27559885000,-38,1,1
27554,27560885000,40,0,0
27555,27561885000,46,0,0
27556,27562885000,46,0,0
27557,27563885000,40,0,0
27558,27564885000,-38,1,1
27559,27565885000,38,0,0
27560,27566885000,-38,1,1
27561,27567885000,38,0,0
27562,27568885000,-40,1,1
27563,27569885000,-38,1,1
27564,27570885000,38,0,0
27565,27571885000,-38,1,1
27566,27572885000,40,0,0
27567,27573885000,40,0,0
27568,27574885000,-38,1,1
27569,27575885000,38,0,0
27570,27576885000,-38,1,1
27571,27577885000,40,0,0
27572,27578885000,46,0,0
27573,27579885000,42,0,0
27574,27580885000,-42,1,1
27575,27581885000,-46,1,1
27576,27582885000,-44,1,1
27577,27583885000,-38,1,1
27578,27584885000,40,0,0
27579,27585885000,-40,1,1
27580,27586885000,-46,1,1
27581,27587885000,-40,1,1
27582,27588885000,42,0,0
27583,27589885000,40,0,0
27584,27590885000,-40,1,1
27585,27591885000,40,0,0
27586,27592885000,46,0,0
27587,27593885000,46,0,0
27588,27594885000,42,0,0
27589,27595885000,-42,1,1
27590,27596885000,-44,1,1
27591,27597885000,-38,1,1
27592,27598885000,38,0,0
27593,27599885000,-38,1,1
27594,27600885000,38,0,0
27595,27601885000,-38,1,1
27596,27602885000,40,0,0
27597,27603885000,42,0,0
27598,27604885000,-42,1,1
27599,27605885000,-46,1,1
27600,27606885000,-48,1,1
27601,27607885000,-46,1,1
27602,27608885000,-40,1,1
27603,27609885000,42,0,0
27604,27610885000,46,0,0
27605,27611885000,40,0,0
27606,27612885000,-40,1,1
27607,27613885000,40,0,0
27608,27614885000,42,0,0
27609,27615885000,-42,1,1
27610,27616885000,-46,1,1
27611,27617885000,-48,1,1
27612,27618885000,-44,1,1
27613,27619885000,-38,1,1
27614,27620885000,38,0,0
27615,27621885000,-38,1,1
27616,27622885000,40,0,0
27617,27623885000,46,0,0
27618,27624885000,40,0,0
27619,27625885000,-40,1,1
27620,27626885000,40,0,0
27621,27627885000,42,0,0
27622,27628885000,-42,1,1
27623,27629885000,-40,1,1
27624,27630885000,42,0,0
27625,27631885000,42,0,0
27626,27632885000,-42,1,1
27627,27633885000,-46,1,1
27628,27634885000,-46,1,1
27629,27635885000,-44,1,1
27630,27636885000,-38,1,1
27631,27637885000,38,0,0
27632,27638885000,-38,1,1
27633,27639885000,40,0,0
27634,27640885000,40,0,0
27635,27641885000,-40,1,1
27636,27642885000,40,0,0
27637,27643885000,46,0,0
27638,27644885000,42,0,0
27639,27645885000,-42,1,1
27640,27646885000,-44,1,1
27641,27647885000,-38,1,1
27642,27648885000,38,0,0
27643,27649885000,-38,1,1
27644,27650885000,40,0,0
27645,27651885000,40,0,0
27646,27652885000,-38,1,1
27647,27653885000,38,0,0
27648,27654885000,-38,1,1
27649,27655885000,38,0,0
27650,27656885000,-40,1,1
27651,27657885000,-38,1,1
27652,27658885000,40,0,0
27653,27659885000,-40,1,1
27654,27660885000,-46,1,1
27655,27661885000,-46,1,1
27656,27662885000,-38,1,1
27657,27663885000,38,0,0
27658,27664885000,-38,1,1
27659,27665885000,40,0,0
27660,27666885000,40,0,0
27661,27667885000,-40,1,1
27662,27668885000,40,0,0
27663,27669885000,40,0,0
27664,27670885000,-38,1,1
27665,27671885000,38,0,0
27666,27672885000,-40,1,1
27667,27673885000,-46,1,1
27668,27674885000,-38,1,1
27669,27675885000,38,0,0
27670,27676885000,-38,1,1
27671,27677885000,40,0,0
27672,27678885000,46,0,0
27673,27679885000,46,0,0
27674,27680885000,42,0,0
27675,27681885000,-42,1,1
27676,27682885000,-38,1,1
27677,27683885000,38,0,0
27678,27684885000,-38,1,1
27679,27685885000,40,0,0
27680,27686885000,46,0,0
27681,27687885000,46,0,0
27682,27688885000,40,0,0
27683,27689885000,-38,1,1
27684,27690885000,38,0,0
27685,27691885000,-38,1,1
27686,27692885000,40,0,0
27687,27693885000,40,0,0
27688,27694885000,-40,1,1
27689,27695885000,40,0,0
27690,27696885000,40,0,0
27691,27697885000,-40,1,1
27692,27698885000,40,0,0
27693,27699885000,42,0,0
27694,27700885000,-42,1,1
27695,27701885000,-46,1,1
27696,27702885000,-48,1,1
27697,27703885000,-48,1,1
27698,27704885000,-46,1,1
27699,27705885000,-44,1,1
27700,27706885000,-38,1,1
27701,27707885000,38,0,0
27702,27708885000,-38,1,1
27703,27709885000,38,0,0
27704,27710885000,-40,1,1
27705,27711885000,-46,1,1
27706,27712885000,-46,1,1
27707,27713885000,-46,1,1
27708,27714885000,-48,1,1
27709,27715885000,-48,1,1
27710,27716885000,-44,1,1
27711,27717885000,-38,1,1
27712,27718885000,40,0,0
27713,27719885000,-40,1,1
27714,27720885000,-46,1,1
27715,27721885000,-48,1,1
27716,27722885000,-44,1,1
27717,27723885000,-40,1,1
27718,27724885000,42,0,0
27719,27725885000,42,0,0
27720,27726885000,-42,1,1
27721,27727885000,-44,1,1
27722,27728885000,-40,1,1
27723,27729885000,42,0,0
27724,27730885000,42,0,0
27725,27731885000,-42,1,1
27726,27732885000,-46,1,1
27727,27733885000,-46,1,1
27728,27734885000,-40,1,1
27729,27735885000,42,0,0
27730,27736885000,46,0,0
27731,27737885000,48,0,0
27732,27738885000,48,0,0
27733,27739885000,46,0,0
27734,27740885000,42,0,0
27735,27741885000,-42,1,1
27736,27742885000,-44,1,1
27737,27743885000,-40,1,1
27738,27744885000,42,0,0
27739,27745885000,46,0,0
27740,27746885000,40,0,0
27741,27747885000,-38,1,1
27742,27748885000,38,0,0
27743,27749885000,-40,1,1
27744,27750885000,-38,1,1
27745,27751885000,40,0,0
27746,27752885000,-40,1,1
27747,27753885000,-38,1,1
27748,27754885000,38,0,0
27749,27755885000,-38,1,1
27750,27756885000,38,0,0
27751,27757885000,-40,1,1
27752,27758885000,-46,1,1
27753,27759885000,-46,1,1
27754,27760885000,-38,1,1
27755,27761885000,38,0,0
27756,27762885000,-38,1,1
27757,27763885000,40,0,0
27758,27764885000,42,0,0
27759,27765885000,-42,1,1
27760,27766885000,-46,1,1
27761,27767885000,-44,1,1
27762,27768885000,-38,1,1
27763,27769885000,40,0,0
27764,27770885000,-40,1,1
27765,27771885000,-46,1,1
27766,27772885000,-40,1,1
27767,27773885000,42,0,0
27768,27774885000,46,0,0
27769,27775885000,40,0,0
27770,27776885000,-38,1,1
27771,27777885000,38,0,0
27772,27778885000,-40,1,1
27773,27779885000,-40,1,1
27774,27780885000,42,0,0
27775,27781885000,46,0,0
27776,27782885000,42,0,0
27777,27783885000,-42,1,1
27778,27784885000,-46,1,1
27779,27785885000,-40,1,1
27780,27786885000,42,0,0
27781,27787885000,42,0,0
27782,27788885000,-42,1,1
27783,27789885000,-40,1,1
27784,27790885000,42,0,0
27785,27791885000,40,0,0
27786,27792885000,-40,1,1
27787,27793885000,40,0,0
27788,27794885000,46,0,0
27789,27795885000,46,0,0
27790,27796885000,42,0,0
27791,27797885000,-42,1,1
27792,27798885000,-40,1,1
27793,27799885000,42,0,0
27794,27800885000,46,0,0
27795,27801885000,48,0,0
27796,27802885000,48,0,0
27797,27803885000,46,0,0
27798,27804885000,42,0,0
27799,27805885000,-42,1,1
27800,27806885000,-40,1,1
27801,27807885000,42,0,0
27802,27808885000,40,0,0
27803,27809885000,-38,1,1
27804,27810885000,38,0,0
27805,27811885000,-38,1,1
27806,27812885000,38,0,0
27807,27813885000,-40,1,1
27808,27814885000,-46,1,1
27809,27815885000,-46,1,1
27810,27816885000,-46,1,1
27811,27817885000,-40,1,1
27812,27818885000,42,0,0
27813,27819885000,42,0,0
27814,27820885000,-42,1,1
27815,27821885000,-38,1,1
27816,27822885000,38,0,0
27817,27823885000,-38,1,1
27818,27824885000,38,0,0
27819,27825885000,-40,1,1
27820,27826885000,-38,1,1
27821,27827885000,38,0,0
27822,27828885000,-38,1,1
27823,27829885000,40,0,0
27824,27830885000,46,0,0
27825,27831885000,48,0,0
27826,27832885000,46,0,0
27827,27833885000,42,0,0
27828,27834885000,-42,1,1
27829,27835885000,-40,1,1
27830,27836885000,42,0,0
27831,27837885000,42,0,0
27832,27838885000,-42,1,1
27833,27839885000,-38,1,1
27834,27840885000,40,0,0
27835,27841885000,-40,1,1
27836,27842885000,-46,1,1
27837,27843885000,-46,1,1
27838,27844885000,-40,1,1
27839,27845885000,42,0,0
27840,27846885000,46,0,0
27841,27847885000,42,0,0
27842,27848885000,-42,1,1
27843,27849885000,-40,1,1
27844,27850885000,42,0,0
27845,27851885000,46,0,0
27846,27852885000,46,0,0
27847,27853885000,40,0,0
27848,27854885000,-40,1,1
27849,27855885000,40,0,0
27850,27856885000,46,0,0
27851,27857885000,42,0,0
27852,27858885000,-42,1,1
27853,27859885000,-38,1,1
27854,27860885000,40,0,0
27855,27861885000,-40,1,1
27856,27862885000,-38,1,1
27857,27863885000,40,0,0
27858,27864885000,-40,1,1
27859,27865885000,-46,1,1
27860,27866885000,-46,1,1
27861,27867885000,-38,1,1
27862,27868885000,40,0,0
27863,27869885000,-40,1,1
27864,27870885000,-46,1,1
27865,27871885000,-46,1,1
27866,27872885000,-46,1,1
27867,27873885000,-38,1,1
27868,27874885000,38,0,0
27869,27875885000,-38,1,1
27870,27876885000,40,0,0
27871,27877885000,42,0,0
27872,27878885000,-42,1,1
27873,27879885000,-38,1,1
27874,27880885000,38,0,0
27875,27881885000,-38,1,1
27876,27882885000,38,0,0
27877,27883885000,-40,1,1
27878,27884885000,-44,1,1
27879,27885885000,-40,1,1
27880,27886885000,42,0,0
27881,27887885000,40,0,0
27882,27888885000,-38,1,1
27883,27889885000,38,0,0
27884,27890885000,-40,1,1
27885,27891885000,-40,1,1
27886,27892885000,42,0,0
27887,27893885000,40,0,0
27888,27894885000,-40,1,1
27889,27895885000,40,0,0
27890,27896885000,46,0,0
27891,27897885000,48,0,0
27892,27898885000,46,0,0
27893,27899885000,40,0,0
27894,27900885000,-38,1,1
27895,27901885000,38,0,0
27896,27902885000,-38,1,1
27897,27903885000,40,0,0
27898,27904885000,40,0,0
27899,27905885000,-38,1,1
27900,27906885000,38,0,0
27901,27907885000,-38,1,1
27902,27908885000,40,0,0
27903,27909885000,46,0,0
27904,27910885000,42,0,0
27905,27911885000,-42,1,1
27906,27912885000,-46,1,1
27907,27913885000,-40,1,1
27908,27914885000,42,0,0
27909,27915885000,42,0,0
27910,27916885000,-42,1,1
27911,27917885000,-46,1,1
27912,27918885000,-46,1,1
27913,27919885000,-44,1,1
27914,27920885000,-40,1,1
27915,27921885000,42,0,0
27916,27922885000,42,0,0
27917,27923885000,-42,1,1
27918,27924885000,-40,1,1
27919,27925885000,42,0,0
27920,27926885000,42,0,0
27921,27927885000,-42,1,1
27922,27928885000,-46,1,1
27923,27929885000,-38,1,1
27924,27930885000,40,0,0
27925,27931885000,-40,1,1
27926,27932885000,-44,1,1
27927,27933885000,-40,1,1
27928,27934885000,42,0,0
27929,27935885000,40,0,0
27930,27936885000,-38,1,1
27931,27937885000,38,0,0
27932,27938885000,-38,1,1
27933,27939885000,40,0,0
27934,27940885000,46,0,0
27935,27941885000,42,0,0
27936,27942885000,-42,1,1
27937,27943885000,-46,1,1
27938,27944885000,-46,1,1
27939,27945885000,-44,1,1
27940,27946885000,-40,1,1
27941,27947885000,42,0,0
27942,27948885000,42,0,0
27943,27949885000,-42,1,1
27944,27950885000,-46,1,1
27945,27951885000,-48,1,1
27946,27952885000,-44,1,1
27947,27953885000,-40,1,1
27948,27954885000,42,0,0
27949,27955885000,46,0,0
27950,27956885000,40,0,0
27951,27957885000,-40,1,1
27952,27958885000,40,0,0
27953,27959885000,46,0,0
27954,27960885000,42,0,0
27955,27961885000,-42,1,1
27956,27962885000,-38,1,1
27957,27963885000,38,0,0
27958,27964885000,-38,1,1
27959,27965885000,40,0,0
27960,27966885000,42,0,0
27961,27967885000,-42,1,1
27962,27968885000,-46,1,1
27963,27969885000,-40,1,1
27964,27970885000,42,0,0
27965,27971885000,40,0,0
27966,27972885000,-40,1,1
27967,27973885000,40,0,0
27968,27974885000,46,0,0
27969,27975885000,40,0,0
27970,27976885000,-40,1,1
27971,27977885000,40,0,0
27972,27978885000,46,0,0
27973,27979885000,48,0,0
27974,27980885000,48,0,0
27975,27981885000,46,0,0
27976,27982885000,40,0,0
27977,27983885000,-38,1,1
27978,27984885000,38,0,0
27979,27985885000,-40,1,1
27980,27986885000,-40,1,1
27981,27987885000,42,0,0
27982,27988885000,42,0,0
27983,27989885000,-42,1,1
27984,27990885000,-46,1,1
27985,27991885000,-44,1,1
27986,27992885000,-38,1,1
27987,27993885000,40,0,0
27988,27994885000,-40,1,1
27989,27995885000,-40,1,1
27990,27996885000,42,0,0
27991,27997885000,46,0,0
27992,27998885000,42,0,0
27993,27999885000,-42,1,1
27994,28000885000,-46,1,1
27995,28001885000,-40,1,1
27996,28002885000,42,0,0
27997,28003885000,40,0,0
27998,28004885000,-38,1,1
27999,28005885000,38,0,0
28000,28006885000,-38,1,1
28001,28007885000,40,0,0
28002,28008885000,42,0,0
28003,28009885000,-42,1,1
28004,28010885000,-46,1,1
28005,28011885000,-48,1,1
28006,28012885000,-44,1,1
28007,28013885000,-40,1,1
28008,28014885000,42,0,0
28009,28015885000,40,0,0
28010,28016885000,-40,1,1
28011,28017885000,40,0,0
28012,28018885000,40,0,0
28013,28019885000,-38,1,1
28014,28020885000,38,0,0
28015,28021885000,-38,1,1
28016,28022885000,40,0,0
28017,28023885000,40,0,0
28018,28024885000,-40,1,1
28019,28025885000,40,0,0
28020,28026885000,42,0,0
28021,28027885000,-42,1,1
28022,28028885000,-46,1,1
28023,28029885000,-40,1,1
28024,28030885000,42,0,0
28025,28031885000,46,0,0
28026,28032885000,46,0,0
28027,28033885000,40,0,0
28028,28034885000,-38,1,1
28029,28035885000,38,0,0
28030,28036885000,-40,1,1
28031,28037885000,-38,1,1
28032,28038885000,38,0,0
28033,28039885000,-38,1,1
28034,28040885000,40,0,0
28035,28041885000,42,0,0
28036,28042885000,-42,1,1
28037,28043885000,-40,1,1
28038,28044885000,42,0,0
28039,28045885000,46,0,0
28040,28046885000,48,0,0
28041,28047885000,46,0,0
28042,28048885000,40,0,0
28043,28049885000,-40,1,1
28044,28050885000,40,0,0
28045,28051885000,46,0,0
28046,28052885000,48,0,0
28047,28053885000,46,0,0
28048,28054885000,40,0,0
28049,28055885000,-40,1,1
28050,28056885000,40,0,0
28051,28057885000,46,0,0
28052,28058885000,46,0,0
28053,28059885000,42,0,0
28054,28060885000,-42,1,1
28055,28061885000,-46,1,1
28056,28062885000,-46,1,1
28057,28063885000,-44,1,1
28058,28064885000,-40,1,1
28059,28065885000,42,0,0
28060,28066885000,40,0,0
28061,28067885000,-38,1,1
28062,28068885000,38,0,0
28063,28069885000,-40,1,1
28064,28070885000,-46,1,1
28065,28071885000,-48,1,1
28066,28072885000,-44,1,1
28067,28073885000,-38,1,1
28068,28074885000,40,0,0
28069,28075885000,-40,1,1
28070,28076885000,-46,1,1
28071,28077885000,-48,1,1
28072,28078885000,-44,1,1
28073,28079885000,-40,1,1
28074,28080885000,42,0,0
28075,28081885000,46,0,0
28076,28082885000,42,0,0
28077,28083885000,-42,1,1
28078,28084885000,-44,1,1
28079,28085885000,-40,1,1
28080,28086885000,42,0,0
28081,28087885000,42,0,0
28082,28088885000,-42,1,1
28083,28089885000,-44,1,1
28084,28090885000,-40,1,1
28085,28091885000,42,0,0
28086,28092885000,42,0,0
28087,28093885000,-42,1,1
28088,28094885000,-38,1,1
28089,28095885000,38,0,0
28090,28096885000,-38,1,1
28091,28097885000,40,0,0
28092,28098885000,42,0,0
28093,28099885000,-42,1,1
28094,28100885000,-38,1,1
28095,28101885000,38,0,0
28096,28102885000,-38,1,1
28097,28103885000,38,0,0
28098,28104885000,-38,1,1
28099,28105885000,38,0,0
28100,28106885000,-40,1,1
28101,28107885000,-46,1,1
28102,28108885000,-44,1,1
28103,28109885000,-38,1,1
28104,28110885000,38,0,0
28105,28111885000,-38,1,1
28106,28112885000,38,0,0
28107,28113885000,-38,1,1
28108,28114885000,38,0,0
28109,28115885000,-40,1,1
28110,28116885000,-40,1,1
28111,28117885000,42,0,0
28112,28118885000,40,0,0
28113,28119885000,-40,1,1
28114,28120885000,40,0,0
28115,28121885000,42,0,0
28116,28122885000,-42,1,1
28117,28123885000,-40,1,1
28118,28124885000,42,0,0
28119,28125885000,46,0,0
28120,28126885000,42,0,0
28121,28127885000,-42,1,1
28122,28128885000,-40,1,1
28123,28129885000,42,0,0
28124,28130885000,42,0,0
28125,28131885000,-42,1,1
28126,28132885000,-38,1,1
28127,28133885000,40,0,0
28128,28134885000,-40,1,1
28129,28135885000,-44,1,1
28130,28136885000,-38,1,1
28131,28137885000,38,0,0
28132,28138885000,-38,1,1
28133,28139885000,40,0,0
28134,28140885000,46,0,0
28135,28141885000,48,0,0
28136,28142885000,46,0,0
28137,28143885000,42,0,0
28138,28144885000,-42,1,1
28139,28145885000,-46,1,1
28140,28146885000,-46,1,1
28141,28147885000,-44,1,1
28142,28148885000,-38,1,1
28143,28149885000,38,0,0
28144,28150885000,-38,1,1
28145,28151885000,40,0,0
28146,28152885000,46,0,0
28147,28153885000,46,0,0
28148,28154885000,42,0,0
28149,28155885000,-42,1,1
28150,28156885000,-40,1,1
28151,28157885000,42,0,0
28152,28158885000,40,0,0
28153,28159885000,-38,1,1
28154,28160885000,38,0,0
28155,28161885000,-40,1,1
28156,28162885000,-44,1,1
28157,28163885000,-38,1,1
28158,28164885000,38,0,0
28159,28165885000,-38,1,1
28160,28166885000,40,0,0
28161,28167885000,42,0,0
28162,28168885000,-42,1,1
28163,28169885000,-38,1,1
28164,28170885000,38,0,0
28165,28171885000,-38,1,1
28166,28172885000,38,0,0
28167,28173885000,-40,1,1
28168,28174885000,-46,1,1
28169,28175885000,-46,1,1
28170,28176885000,-40,1,1
28171,28177885000,42,0,0
28172,28178885000,46,0,0
28173,28179885000,48,0,0
28174,28180885000,48,0,0
28175,28181885000,46,0,0
28176,28182885000,40,0,0
28177,28183885000,-38,1,1
28178,28184885000,38,0,0
28179,28185885000,-38,1,1
28180,28186885000,40,0,0
28181,28187885000,40,0,0
28182,28188885000,-40,1,1
28183,28189885000,40,0,0
28184,28190885000,46,0,0
28185,28191885000,48,0,0
28186,28192885000,46,0,0
28187,28193885000,40,0,0
28188,28194885000,-38,1,1
28189,28195885000,38,0,0
28190,28196885000,-38,1,1
28191,28197885000,40,0,0
28192,28198885000,42,0,0
28193,28199885000,-42,1,1
28194,28200885000,-46,1,1
28195,28201885000,-46,1,1
28196,28202885000,-38,1,1
28197,28203885000,38,0,0
28198,28204885000,-38,1,1
28199,28205885000,40,0,0
28200,28206885000,46,0,0
28201,28207885000,40,0,0
28202,28208885000,-38,1,1
28203,28209885000,38,0,0
28204,28210885000,-38,1,1
28205,28211885000,38,0,0
28206,28212885000,-40,1,1
28207,28213885000,-38,1,1
28208,28214885000,40,0,0
28209,28215885000,-40,1,1
28210,28216885000,-38,1,1
28211,28217885000,38,0,0
28212,28218885000,-38,1,1
28213,28219885000,40,0,0
28214,28220885000,40,0,0
28215,28221885000,-38,1,1
28216,28222885000,38,0,0
28217,28223885000,-38,1,1
28218,28224885000,38,0,0
28219,28225885000,-38,1,1
28220,28226885000,38,0,0
28221,28227885000,-40,1,1
28222,28228885000,-40,1,1
28223,28229885000,42,0,0
28224,28230885000,40,0,0
28225,28231885000,-40,1,1
28226,28232885000,40,0,0
28227,28233885000,46,0,0
28228,28234885000,46,0,0
28229,28235885000,40,0,0
28230,28236885000,-38,1,1
28231,28237885000,38,0,0
28232,28238885000,-38,1,1
28233,28239885000,40,0,0
28234,28240885000,46,0,0
28235,28241885000,48,0,0
28236,28242885000,48,0,0
28237,28243885000,46,0,0
28238,28244885000,42,0,0
28239,28245885000,-42,1,1
28240,28246885000,-40,1,1
28241,28247885000,42,0,0
28242,28248885000,46,0,0
28243,28249885000,46,0,0
28244,28250885000,42,0,0
28245,28251885000,-42,1,1
28246,28252885000,-46,1,1
28247,28253885000,-48,1,1
28248,28254885000,-44,1,1
28249,28255885000,-40,1,1
28250,28256885000,42,0,0
28251,28257885000,40,0,0
28252,28258885000,-38,1,1
28253,28259885000,38,0,0
28254,28260885000,-40,1,1
28255,28261885000,-40,1,1
28256,28262885000,42,0,0
28257,28263885000,46,0,0
28258,28264885000,48,0,0
28259,28265885000,46,0,0
28260,28266885000,40,0,0
28261,28267885000,-38,1,1
28262,28268885000,38,0,0
28263,28269885000,-38,1,1
28264,28270885000,38,0,0
28265,28271885000,-38,1,1
28266,28272885000,38,0,0
28267,28273885000,-40,1,1
28268,28274885000,-40,1,1
28269,28275885000,42,0,0
28270,28276885000,46,0,0
28271,28277885000,46,0,0
28272,28278885000,40,0,0
28273,28279885000,-40,1,1
28274,28280885000,40,0,0
28275,28281885000,42,0,0
28276,28282885000,-42,1,1
28277,28283885000,-38,1,1
28278,28284885000,38,0,0
28279,28285885000,-38,1,1
28280,28286885000,40,0,0
28281,28287885000,40,0,0
28282,28288885000,-38,1,1
28283,28289885000,38,0,0
28284,28290885000,-38,1,1
28285,28291885000,40,0,0
28286,28292885000,46,0,0
28287,28293885000,46,0,0
28288,28294885000,42,0,0
28289,28295885000,-42,1,1
28290,28296885000,-40,1,1
28291,28297885000,42,0,0
28292,28298885000,46,0,0
28293,28299885000,46,0,0
28294,28300885000,42,0,0
28295,28301885000,-42,1,1
28296,28302885000,-40,1,1
28297,28303885000,42,0,0
28298,28304885000,46,0,0
28299,28305885000,46,0,0
28300,28306885000,42,0,0
28301,28307885000,-42,1,1
28302,28308885000,-38,1,1
28303,28309885000,38,0,0
28304,28310885000,-38,1,1
28305,28311885000,40,0,0
28306,28312885000,40,0,0
28307,28313885000,-38,1,1
28308,28314885000,38,0,0
28309,28315885000,-40,1,1
28310,28316885000,-44,1,1
28311,28317885000,-40,1,1
28312,28318885000,42,0,0
28313,28319885000,42,0,0
28314,28320885000,-42,1,1
28315,28321885000,-38,1,1
28316,28322885000,40,0,0
28317,28323885000,-40,1,1
28318,28324885000,-40,1,1
28319,28325885000,42,0,0
28320,28326885000,40,0,0
28321,28327885000,-40,1,1
28322,28328885000,40,0,0
28323,28329885000,40,0,0
28324,28330885000,-38,1,1
28325,28331885000,38,0,0
28326,28332885000,-40,1,1
28327,28333885000,-40,1,1
28328,28334885000,42,0,0
28329,28335885000,46,0,0
28330,28336885000,42,0,0
28331,28337885000,-42,1,1
28332,28338885000,-46,1,1
28333,28339885000,-44,1,1
28334,28340885000,-38,1,1
28335,28341885000,38,0,0
28336,28342885000,-38,1,1
28337,28343885000,38,0,0
28338,28344885000,-40,1,1
28339,28345885000,-46,1,1
28340,28346885000,-44,1,1
28341,28347885000,-38,1,1
28342,28348885000,40,0,0
28343,28349885000,-40,1,1
28344,28350885000,-46,1,1
28345,28351885000,-38,1,1
28346,28352885000,38,0,0
28347,28353885000,-38,1,1
28348,28354885000,38,0,0
28349,28355885000,-40,1,1
28350,28356885000,-40,1,1
28351,28357885000,42,0,0
28352,28358885000,40,0,0
28353,28359885000,-40,1,1
28354,28360885000,40,0,0
28355,28361885000,42,0,0
28356,28362885000,-42,1,1
28357,28363885000,-46,1,1
28358,28364885000,-40,1,1
28359,28365885000,42,0,0
28360,28366885000,42,0,0
28361,28367885000,-42,1,1
28362,28368885000,-40,1,1
28363,28369885000,42,0,0
28364,28370885000,46,0,0
28365,28371885000,48,0,0
28366,28372885000,46,0,0
28367,28373885000,42,0,0
28368,28374885000,-42,1,1
28369,28375885000,-38,1,1
28370,28376885000,40,0,0
28371,28377885000,-40,1,1
28372,28378885000,-40,1,1
28373,28379885000,42,0,0
28374,28380885000,42,0,0
28375,28381885000,-42,1,1
28376,28382885000,-40,1,1
28377,28383885000,42,0,0
28378,28384885000,40,0,0
28379,28385885000,-40,1,1
28380,28386885000,40,0,0
28381,28387885000,46,0,0
28382,28388885000,40,0,0
28383,28389885000,-40,1,1
28384,28390885000,40,0,0
28385,28391885000,46,0,0
28386,28392885000,42,0,0
28387,28393885000,-42,1,1
28388,28394885000,-40,1,1
28389,28395885000,42,0,0
28390,28396885000,46,0,0
28391,28397885000,46,0,0
28392,28398885000,40,0,0
28393,28399885000,-40,1,1
28394,28400885000,40,0,0
28395,28401885000,46,0,0
28396,28402885000,42,0,0
28397,28403885000,-42,1,1
28398,28404885000,-46,1,1
28399,28405885000,-48,1,1
28400,28406885000,-44,1,1
28401,28407885000,-38,1,1
28402,28408885000,40,0,0
28403,28409885000,-40,1,1
28404,28410885000,-40,1,1
28405,28411885000,42,0,0
28406,28412885000,46,0,0
28407,28413885000,40,0,0
28408,28414885000,-38,1,1
28409,28415885000,38,0,0
28410,28416885000,-38,1,1
28411,28417885000,40,0,0
28412,28418885000,46,0,0
28413,28419885000,48,0,0
28414,28420885000,48,0,0
28415,28421885000,46,0,0
28416,28422885000,42,0,0
28417,28423885000,-42,1,1
28418,28424885000,-40,1,1
28419,28425885000,42,0,0
28420,28426885000,46,0,0
28421,28427885000,42,0,0
28422,28428885000,-42,1,1
28423,28429885000,-38,1,1
28424,28430885000,38,0,0
28425,28431885000,-38,1,1
28426,28432885000,40,0,0
28427,28433885000,46,0,0
28428,28434885000,42,0,0
28429,28435885000,-42,1,1
28430,28436885000,-46,1,1
28431,28437885000,-48,1,1
28432,28438885000,-46,1,1
28433,28439885000,-44,1,1
28434,28440885000,-40,1,1
28435,28441885000,42,0,0
28436,28442885000,40,0,0
28437,28443885000,-40,1,1
28438,28444885000,40,0,0
28439,28445885000,40,0,0
28440,28446885000,-38,1,1
28441,28447885000,38,0,0
28442,28448885000,-38,1,1
28443,28449885000,40,0,0
28444,28450885000,46,0,0
28445,28451885000,40,0,0
28446,28452885000,-40,1,1
28447,28453885000,40,0,0
28448,28454885000,40,0,0
28449,28455885000,-40,1,1
28450,28456885000,40,0,0
28451,28457885000,46,0,0
28452,28458885000,48,0,0
28453,28459885000,48,0,0
28454,28460885000,48,0,0
28455,28461885000,48,0,0
28456,28462885000,48,0,0
28457,28463885000,46,0,0
28458,28464885000,42,0,0
28459,28465885000,-42,1,1
28460,28466885000,-46,1,1
28461,28467885000,-38,1,1
28462,28468885000,40,0,0
28463,28469885000,-40,1,1
28464,28470885000,-44,1,1
28465,28471885000,-40,1,1
28466,28472885000,42,0,0
28467,28473885000,46,0,0
28468,28474885000,40,0,0
28469,28475885000,-38,1,1
28470,28476885000,38,0,0
28471,28477885000,-40,1,1
28472,28478885000,-44,1,1
28473,28479885000,-40,1,1
28474,28480885000,42,0,0
28475,28481885000,46,0,0
28476,28482885000,48,0,0
28477,28483885000,48,0,0
28478,28484885000,46,0,0
28479,28485885000,40,0,0
28480,28486885000,-38,1,1
28481,28487885000,38,0,0
28482,28488885000,-38,1,1
28483,28489885000,38,0,0
28484,28490885000,-38,1,1
28485,28491885000,38,0,0
28486,28492885000,-40,1,1
28487,28493885000,-40,1,1
28488,28494885000,42,0,0
28489,28495885000,46,0,0
28490,28496885000,40,0,0
28491,28497885000,-40,1,1
28492,28498885000,40,0,0
28493,28499885000,46,0,0
28494,28500885000,46,0,0
28495,28501885000,40,0,0
28496,28502885000,-38,1,1
28497,28503885000,38,0,0
28498,28504885000,-40,1,1
28499,28505885000,-46,1,1
28500,28506885000,-46,1,1
28501,28507885000,-38,1,1
28502,28508885000,40,0,0
28503,28509885000,-40,1,1
28504,28510885000,-40,1,1
28505,28511885000,42,0,0
28506,28512885000,46,0,0
28507,28513885000,48,0,0
28508,28514885000,48,0,0
28509,28515885000,48,0,0
28510,28516885000,48,0,0
28511,28517885000,46,0,0
28512,28518885000,42,0,0
28513,28519885000,-42,1,1
28514,28520885000,-46,1,1
28515,28521885000,-40,1,1
28516,28522885000,42,0,0
28517,28523885000,40,0,0
28518,28524885000,-38,1,1
28519,28525885000,38,0,0
28520,28526885000,-40,1,1
28521,28527885000,-46,1,1
28522,28528885000,-46,1,1
28523,28529885000,-44,1,1
28524,28530885000,-40,1,1
28525,28531885000,42,0,0
28526,28532885000,46,0,0
28527,28533885000,48,0,0
28528,28534885000,48,0,0
28529,28535885000,48,0,0
28530,28536885000,48,0,0
28531,28537885000,46,0,0
28532,28538885000,42,0,0
28533,28539885000,-42,1,1
28534,28540885000,-38,1,1
28535,28541885000,38,0,0
28536,28542885000,-38,1,1
28537,28543885000,40,0,0
28538,28544885000,42,0,0
28539,28545885000,-42,1,1
28540,28546885000,-44,1,1
28541,28547885000,-40,1,1
28542,28548885000,42,0,0
28543,28549885000,46,0,0
28544,28550885000,42,0,0
28545,28551885000,-42,1,1
28546,28552885000,-38,1,1
28547,28553885000,40,0,0
28548,28554885000,-40,1,1
28549,28555885000,-46,1,1
28550,28556885000,-46,1,1
28551,28557885000,-38,1,1
28552,28558885000,40,0,0
28553,28559885000,-40,1,1
28554,28560885000,-46,1,1
28555,28561885000,-44,1,1
28556,28562885000,-36,1,1
28557,28563885000,36,0,0
28558,28564885000,-36,1,1
28559,28565885000,40,0,0
28560,28566885000,46,0,0
28561,28567885000,40,0,0
28562,28568885000,-40,1,1
28563,28569885000,40,0,0
28564,28570885000,42,0,0
28565,28571885000,-42,1,1
28566,28572885000,-40,1,1
28567,28573885000,42,0,0
28568,28574885000,46,0,0
28569,28575885000,42,0,0
28570,28576885000,-42,1,1
28571,28577885000,-46,1,1
28572,28578885000,-40,1,1
28573,28579885000,42,0,0
28574,28580885000,46,0,0
28575,28581885000,42,0,0
28576,28582885000,-42,1,1
28577,28583885000,-38,1,1
28578,28584885000,40,0,0
28579,28585885000,-40,1,1
28580,28586885000,-46,1,1
28581,28587885000,-46,1,1
28582,28588885000,-46,1,1
28583,28589885000,-40,1,1
28584,28590885000,42,0,0
28585,28591885000,46,0,0
28586,28592885000,40,0,0
28587,28593885000,-40,1,1
28588,28594885000,40,0,0
28589,28595885000,40,0,0
28590,28596885000,-38,1,1
28591,28597885000,38,0,0
28592,28598885000,-40,1,1
28593,28599885000,-38,1,1
28594,28600885000,40,0,0
28595,28601885000,-40,1,1
28596,28602885000,-40,1,1
28597,28603885000,42,0,0
28598,28604885000,40,0,0
28599,28605885000,-40,1,1
28600,28606885000,40,0,0
28601,28607885000,46,0,0
28602,28608885000,42,0,0
28603,28609885000,-42,1,1
28604,28610885000,-40,1,1
28605,28611885000,42,0,0
28606,28612885000,40,0,0
28607,28613885000,-40,1,1
28608,28614885000,40,0,0
28609,28615885000,46,0,0
28610,28616885000,42,0,0
28611,28617885000,-42,1,1
28612,28618885000,-46,1,1
28613,28619885000,-46,1,1
28614,28620885000,-40,1,1
28615,28621885000,42,0,0
28616,28622885000,46,0,0
28617,28623885000,42,0,0
28618,28624885000,-42,1,1
28619,28625885000,-40,1,1
28620,28626885000,42,0,0
28621,28627885000,46,0,0
28622,28628885000,48,0,0
28623,28629885000,48,0,0
28624,28630885000,48,0,0
28625,28631885000,48,0,0
28626,28632885000,48,0,0
28627,28633885000,48,0,0
28628,28634885000,46,0,0
28629,28635885000,42,0,0
28630,28636885000,-42,1,1
28631,28637885000,-46,1,1
28632,28638885000,-46,1,1
28633,28639885000,-44,1,1
28634,28640885000,-38,1,1
28635,28641885000,40,0,0
28636,28642885000,-40,1,1
28637,28643885000,-40,1,1
28638,28644885000,42,0,0
28639,28645885000,46,0,0
28640,28646885000,40,0,0
28641,28647885000,-38,1,1
28642,28648885000,38,0,0
28643,28649885000,-38,1,1
28644,28650885000,40,0,0
28645,28651885000,42,0,0
28646,28652885000,-42,1,1
28647,28653885000,-40,1,1
28648,28654885000,42,0,0
28649,28655885000,46,0,0
28650,28656885000,40,0,0
28651,28657885000,-40,1,1
28652,28658885000,40,0,0
28653,28659885000,46,0,0
28654,28660885000,40,0,0
28655,28661885000,-40,1,1
28656,28662885000,40,0,0
28657,28663885000,46,0,0
28658,28664885000,46,0,0
28659,28665885000,42,0,0
28660,28666885000,-42,1,1
28661,28667885000,-46,1,1
28662,28668885000,-46,1,1
28663,28669885000,-46,1,1
28664,28670885000,-46,1,1
28665,28671885000,-40,1,1
28666,28672885000,42,0,0
28667,28673885000,46,0,0
28668,28674885000,46,0,0
28669,28675885000,42,0,0
28670,28676885000,-42,1,1
28671,28677885000,-38,1,1
28672,28678885000,40,0,0
28673,28679885000,-40,1,1
28674,28680885000,-46,1,1
28675,28681885000,-46,1,1
28676,28682885000,-40,1,1
28677,28683885000,42,0,0
28678,28684885000,46,0,0
28679,28685885000,42,0,0
28680,28686885000,-42,1,1
28681,28687885000,-38,1,1
28682,28688885000,40,0,0
28683,28689885000,-40,1,1
28684,28690885000,-44,1,1
28685,28691885000,-40,1,1
28686,28692885000,42,0,0
28687,28693885000,42,0,0
28688,28694885000,-42,1,1
28689,28695885000,-40,1,1
28690,28696885000,42,0,0
28691,28697885000,46,0,0
28692,28698885000,42,0,0
28693,28699885000,-42,1,1
28694,28700885000,-40,1,1
28695,28701885000,42,0,0
28696,28702885000,46,0,0
28697,28703885000,46,0,0
28698,28704885000,40,0,0
28699,28705885000,-38,1,1
28700,28706885000,38,0,0
28701,28707885000,-40,1,1
28702,28708885000,-46,1,1
28703,28709885000,-48,1,1
28704,28710885000,-46,1,1
28705,28711885000,-44,1,1
28706,28712885000,-38,1,1
28707,28713885000,40,0,0
28708,28714885000,-40,1,1
28709,28715885000,-38,1,1
28710,28716885000,38,0,0
28711,28717885000,-38,1,1
28712,28718885000,40,0,0
28713,28719885000,42,0,0
28714,28720885000,-42,1,1
28715,28721885000,-46,1,1
28716,28722885000,-46,1,1
28717,28723885000,-46,1,1
28718,28724885000,-46,1,1
28719,28725885000,-38,1,1
28720,28726885000,38,0,0
28721,28727885000,-38,1,1
28722,28728885000,40,0,0
28723,28729885000,46,0,0
28724,28730885000,48,0,0
28725,28731885000,48,0,0
28726,28732885000,48,0,0
28727,28733885000,48,0,0
28728,28734885000,46,0,0
28729,28735885000,40,0,0
28730,28736885000,-38,1,1
28731,28737885000,38,0,0
28732,28738885000,-40,1,1
28733,28739885000,-40,1,1
28734,28740885000,42,0,0
28735,28741885000,40,0,0
28736,28742885000,-40,1,1
28737,28743885000,40,0,0
28738,28744885000,46,0,0
28739,28745885000,48,0,0
28740,28746885000,46,0,0
28741,28747885000,40,0,0
28742,28748885000,-38,1,1
28743,28749885000,38,0,0
28744,28750885000,-38,1,1
28745,28751885000,40,0,0
28746,28752885000,46,0,0
28747,28753885000,46,0,0
28748,28754885000,40,0,0
28749,28755885000,-40,1,1
28750,28756885000,40,0,0
28751,28757885000,46,0,0
28752,28758885000,40,0,0
28753,28759885000,-40,1,1
28754,28760885000,40,0,0
28755,28761885000,46,0,0
28756,28762885000,42,0,0
28757,28763885000,-42,1,1
28758,28764885000,-46,1,1
28759,28765885000,-46,1,1
28760,28766885000,-40,1,1
28761,28767885000,42,0,0
28762,28768885000,46,0,0
28763,28769885000,42,0,0
28764,28770885000,-42,1,1
28765,28771885000,-46,1,1
28766,28772885000,-40,1,1
28767,28773885000,42,0,0
28768,28774885000,46,0,0
28769,28775885000,42,0,0
28770,28776885000,-42,1,1
28771,28777885000,-46,1,1
28772,28778885000,-44,1,1
28773,28779885000,-40,1,1
28774,28780885000,42,0,0
28775,28781885000,46,0,0
28776,28782885000,48,0,0
28777,28783885000,46,0,0
28778,28784885000,42,0,0
28779,28785885000,-42,1,1
28780,28786885000,-46,1,1
28781,28787885000,-38,1,1
28782,28788885000,40,0,0
28783,28789885000,-40,1,1
28784,28790885000,-38,1,1
28785,28791885000,38,0,0
28786,28792885000,-38,1,1
28787,28793885000,40,0,0
28788,28794885000,40,0,0
28789,28795885000,-40,1,1
28790,28796885000,40,0,0
28791,28797885000,46,0,0
28792,28798885000,40,0,0
28793,28799885000,-36,1,1
28794,28800885000,36,0,0
28795,28801885000,-36,1,1
28796,28802885000,40,0,0
28797,28803885000,46,0,0
28798,28804885000,46,0,0
28799,28805885000,42,0,0
28800,28806885000,-42,1,1
28801,28807885000,-46,1,1
28802,28808885000,-46,1,1
28803,28809885000,-46,1,1
28804,28810885000,-48,1,1
28805,28811885000,-48,1,1
28806,28812885000,-44,1,1
28807,28813885000,-40,1,1
28808,28814885000,42,0,0
28809,28815885000,46,0,0
28810,28816885000,40,0,0
28811,28817885000,-40,1,1
28812,28818885000,40,0,0
28813,28819885000,42,0,0
28814,28820885000,-42,1,1
28815,28821885000,-40,1,1
28816,28822885000,42,0,0
28817,28823885000,42,0,0
28818,28824885000,-42,1,1
28819,28825885000,-46,1,1
28820,28826885000,-44,1,1
28821,28827885000,-40,1,1
28822,28828885000,42,0,0
28823,28829885000,46,0,0
28824,28830885000,40,0,0
28825,28831885000,-40,1,1
28826,28832885000,40,0,0
28827,28833885000,40,0,0
28828,28834885000,-40,1,1
28829,28835885000,40,0,0
28830,28836885000,40,0,0
28831,28837885000,-36,1,1
28832,28838885000,36,0,0
28833,28839885000,-34,1,1
28834,28840885000,36,0,0
28835,28841885000,-36,1,1
28836,28842885000,40,0,0
28837,28843885000,46,0,0
28838,28844885000,46,0,0
28839,28845885000,40,0,0
28840,28846885000,-40,1,1
28841,28847885000,40,0,0
28842,28848885000,42,0,0
28843,28849885000,-42,1,1
28844,28850885000,-36,1,1
28845,28851885000,36,0,0
28846,28852885000,-34,1,1
28847,28853885000,36,0,0
28848,28854885000,-34,1,1
28849,28855885000,36,0,0
28850,28856885000,-38,1,1
28851,28857885000,-46,1,1
28852,28858885000,-44,1,1
28853,28859885000,-38,1,1
28854,28860885000,40,0,0
28855,28861885000,-40,1,1
28856,28862885000,-36,1,1
28857,28863885000,38,0,0
28858,28864885000,-38,1,1
28859,28865885000,-40,1,1
28860,28866885000,42,0,0
28861,28867885000,42,0,0
28862,28868885000,-42,1,1
28863,28869885000,-40,1,1
28864,28870885000,42,0,0
28865,28871885000,40,0,0
28866,28872885000,-40,1,1
28867,28873885000,40,0,0
28868,28874885000,42,0,0
28869,28875885000,-42,1,1
28870,28876885000,-46,1,1
28871,28877885000,-38,1,1
28872,28878885000,40,0,0
28873,28879885000,-40,1,1
28874,28880885000,-38,1,1
28875,28881885000,38,0,0
28876,28882885000,-38,1,1
28877,28883885000,38,0,0
28878,28884885000,-40,1,1
28879,28885885000,-44,1,1
28880,28886885000,-40,1,1
28881,28887885000,42,0,0
28882,28888885000,46,0,0
28883,28889885000,40,0,0
28884,28890885000,-40,1,1
28885,28891885000,40,0,0
28886,28892885000,40,0,0
28887,28893885000,-40,1,1
28888,28894885000,40,0,0
28889,28895885000,46,0,0
28890,28896885000,42,0,0
28891,28897885000,-42,1,1
28892,28898885000,-36,1,1
28893,28899885000,36,0,0
28894,28900885000,-34,1,1
28895,28901885000,36,0,0
28896,28902885000,-34,1,1
28897,28903885000,36,0,0
28898,28904885000,-34,1,1
28899,28905885000,36,0,0
28900,28906885000,-36,1,1
28901,28907885000,40,0,0
28902,28908885000,42,0,0
28903,28909885000,-42,1,1
28904,28910885000,-46,1,1
28905,28911885000,-46,1,1
28906,28912885000,-38,1,1
28907,28913885000,38,0,0
28908,28914885000,-38,1,1
28909,28915885000,40,0,0
28910,28916885000,46,0,0
28911,28917885000,42,0,0
28912,28918885000,-42,1,1
28913,28919885000,-40,1,1
28914,28920885000,42,0,0
28915,28921885000,46,0,0
28916,28922885000,48,0,0
28917,28923885000,46,0,0
28918,28924885000,40,0,0
28919,28925885000,-38,1,1
28920,28926885000,38,0,0
28921,28927885000,-38,1,1
28922,28928885000,40,0,0
28923,28929885000,40,0,0
28924,28930885000,-40,1,1
28925,28931885000,40,0,0
28926,28932885000,40,0,0
28927,28933885000,-38,1,1
28928,28934885000,38,0,0
28929,28935885000,-40,1,1
28930,28936885000,-36,1,1
28931,28937885000,38,0,0
28932,28938885000,-38,1,1
28933,28939885000,-46,1,1
28934,28940885000,-38,1,1
28935,28941885000,40,0,0
28936,28942885000,-40,1,1
28937,28943885000,-46,1,1
28938,28944885000,-48,1,1
28939,28945885000,-46,1,1
28940,28946885000,-40,1,1
28941,28947885000,42,0,0
28942,28948885000,46,0,0
28943,28949885000,40,0,0
28944,28950885000,-40,1,1
28945,28951885000,40,0,0
28946,28952885000,42,0,0
28947,28953885000,-42,1,1
28948,28954885000,-40,1,1
28949,28955885000,42,0,0
28950,28956885000,46,0,0
28951,28957885000,46,0,0
28952,28958885000,42,0,0
28953,28959885000,-42,1,1
28954,28960885000,-40,1,1
28955,28961885000,42,0,0
28956,28962885000,46,0,0
28957,28963885000,46,0,0
28958,28964885000,42,0,0
28959,28965885000,-42,1,1
28960,28966885000,-40,1,1
28961,28967885000,42,0,0
28962,28968885000,40,0,0
28963,28969885000,-40,1,1
28964,28970885000,40,0,0
28965,28971885000,46,0,0
28966,28972885000,40,0,0
28967,28973885000,-40,1,1
28968,28974885000,40,0,0
28969,28975885000,40,0,0
28970,28976885000,-36,1,1
28971,28977885000,36,0,0
28972,28978885000,-36,1,1
28973,28979885000,40,0,0
28974,28980885000,46,0,0
28975,28981885000,42,0,0
28976,28982885000,-42,1,1
28977,28983885000,-38,1,1
28978,28984885000,40,0,0
28979,28985885000,-40,1,1
28980,28986885000,-36,1,1
28981,28987885000,38,0,0
28982,28988885000,-38,1,1
28983,28989885000,-38,1,1
28984,28990885000,38,0,0
28985,28991885000,-38,1,1
28986,28992885000,38,0,0
28987,28993885000,-38,1,1
28988,28994885000,38,0,0
28989,28995885000,-40,1,1
28990,28996885000,-44,1,1
28991,28997885000,-40,1,1
28992,28998885000,42,0,0
28993,28999885000,42,0,0
28994,29000885000,-42,1,1
28995,29001885000,-44,1,1
28996,29002885000,-40,1,1
28997,29003885000,42,0,0
28998,29004885000,46,0,0
28999,29005885000,40,0,0
29000,29006885000,-38,1,1
29001,29007885000,38,0,0
29002,29008885000,-40,1,1
29003,29009885000,-36,1,1
29004,29010885000,36,0,0
29005,29011885000,-34,1,1
29006,29012885000,36,0,0
29007,29013885000,-36,1,1
29008,29014885000,40,0,0
29009,29015885000,46,0,0
29010,29016885000,42,0,0
29011,29017885000,-42,1,1
29012,29018885000,-46,1,1
29013,29019885000,-44,1,1
29014,29020885000,-40,1,1
29015,29021885000,42,0,0
29016,29022885000,46,0,0
29017,29023885000,40,0,0
29018,29024885000,-40,1,1
29019,29025885000,40,0,0
29020,29026885000,46,0,0
29021,29027885000,48,0,0
29022,29028885000,46,0,0
29023,29029885000,42,0,0
29024,29030885000,-42,1,1
29025,29031885000,-46,1,1
29026,29032885000,-46,1,1
29027,29033885000,-38,1,1
29028,29034885000,38,0,0
29029,29035885000,-38,1,1
29030,29036885000,38,0,0
29031,29037885000,-38,1,1
29032,29038885000,40,0,0
29033,29039885000,40,0,0
29034,29040885000,-36,1,1
29035,29041885000,36,0,0
29036,29042885000,-38,1,1
29037,29043885000,-46,1,1
29038,29044885000,-46,1,1
29039,29045885000,-44,1,1
29040,29046885000,-36,1,1
29041,29047885000,38,0,0
29042,29048885000,-38,1,1
29043,29049885000,-46,1,1
29044,29050885000,-46,1,1
29045,29051885000,-46,1,1
29046,29052885000,-46,1,1
29047,29053885000,-40,1,1
29048,29054885000,42,0,0
29049,29055885000,46,0,0
29050,29056885000,42,0,0
29051,29057885000,-42,1,1
29052,29058885000,-46,1,1
29053,29059885000,-40,1,1
29054,29060885000,42,0,0
29055,29061885000,42,0,0
29056,29062885000,-42,1,1
29057,29063885000,-40,1,1
29058,29064885000,42,0,0
29059,29065885000,40,0,0
29060,29066885000,-40,1,1
29061,29067885000,40,0,0
29062,29068885000,42,0,0
29063,29069885000,-42,1,1
29064,29070885000,-46,1,1
29065,29071885000,-38,1,1
29066,29072885000,40,0,0
29067,29073885000,-40,1,1
29068,29074885000,-38,1,1
29069,29075885000,38,0,0
29070,29076885000,-38,1,1
29071,29077885000,38,0,0
29072,29078885000,-38,1,1
29073,29079885000,38,0,0
29074,29080885000,-38,1,1
29075,29081885000,38,0,0
29076,29082885000,-40,1,1
29077,29083885000,-46,1,1
29078,29084885000,-46,1,1
29079,29085885000,-40,1,1
29080,29086885000,42,0,0
29081,29087885000,40,0,0
29082,29088885000,-36,1,1
29083,29089885000,36,0,0
29084,29090885000,-38,1,1
29085,29091885000,-38,1,1
29086,29092885000,40,0,0
29087,29093885000,-40,1,1
29088,29094885000,-40,1,1
29089,29095885000,42,0,0
29090,29096885000,46,0,0
29091,29097885000,40,0,0
29092,29098885000,-36,1,1
29093,29099885000,36,0,0
29094,29100885000,-34,1,1
29095,29101885000,36,0,0
29096,29102885000,-38,1,1
29097,29103885000,-40,1,1
29098,29104885000,42,0,0
29099,29105885000,46,0,0
29100,29106885000,46,0,0
29101,29107885000,40,0,0
29102,29108885000,-38,1,1
29103,29109885000,38,0,0
29104,29110885000,-40,1,1
29105,29111885000,-38,1,1
29106,29112885000,40,0,0
29107,29113885000,-40,1,1
29108,29114885000,-36,1,1
29109,29115885000,36,0,0
29110,29116885000,-36,1,1
29111,29117885000,40,0,0
29112,29118885000,40,0,0
29113,29119885000,-38,1,1
29114,29120885000,38,0,0
29115,29121885000,-40,1,1
29116,29122885000,-40,1,1
29117,29123885000,42,0,0
29118,29124885000,46,0,0
29119,29125885000,46,0,0
29120,29126885000,42,0,0
29121,29127885000,-42,1,1
29122,29128885000,-46,1,1
29123,29129885000,-46,1,1
29124,29130885000,-48,1,1
29125,29131885000,-46,1,1
29126,29132885000,-40,1,1
29127,29133885000,42,0,0
29128,29134885000,40,0,0
29129,29135885000,-38,1,1
29130,29136885000,38,0,0
29131,29137885000,-40,1,1
29132,29138885000,-44,1,1
29133,29139885000,-36,1,1
29134,29140885000,36,0,0
29135,29141885000,-36,1,1
29136,29142885000,40,0,0
29137,29143885000,46,0,0
29138,29144885000,40,0,0
29139,29145885000,-38,1,1
29140,29146885000,38,0,0
29141,29147885000,-40,1,1
29142,29148885000,-46,1,1
29143,29149885000,-44,1,1
29144,29150885000,-36,1,1
29145,29151885000,38,0,0
29146,29152885000,-38,1,1
29147,29153885000,-46,1,1
29148,29154885000,-44,1,1
29149,29155885000,-38,1,1
29150,29156885000,40,0,0
29151,29157885000,-40,1,1
29152,29158885000,-46,1,1
29153,29159885000,-48,1,1
29154,29160885000,-46,1,1
29155,29161885000,-44,1,1
29156,29162885000,-40,1,1
29157,29163885000,42,0,0
29158,29164885000,40,0,0
29159,29165885000,-36,1,1
29160,29166885000,36,0,0
29161,29167885000,-36,1,1
29162,29168885000,40,0,0
29163,29169885000,42,0,0
29164,29170885000,-42,1,1
29165,29171885000,-44,1,1
29166,29172885000,-40,1,1
29167,29173885000,42,0,0
29168,29174885000,40,0,0
29169,29175885000,-40,1,1
29170,29176885000,40,0,0
29171,29177885000,40,0,0
29172,29178885000,-40,1,1
29173,29179885000,40,0,0
29174,29180885000,42,0,0
29175,29181885000,-42,1,1
29176,29182885000,-44,1,1
29177,29183885000,-38,1,1
29178,29184885000,40,0,0
29179,29185885000,-40,1,1
29180,29186885000,-46,1,1
29181,29187885000,-46,1,1
29182,29188885000,-40,1,1
29183,29189885000,42,0,0
29184,29190885000,40,0,0
29185,29191885000,-38,1,1
29186,29192885000,38,0,0
29187,29193885000,-40,1,1
29188,29194885000,-44,1,1
29189,29195885000,-40,1,1
29190,29196885000,42,0,0
29191,29197885000,46,0,0
29192,29198885000,46,0,0
29193,29199885000,40,0,0
29194,29200885000,-40,1,1
29195,29201885000,40,0,0
29196,29202885000,46,0,0
29197,29203885000,42,0,0
29198,29204885000,-42,1,1
29199,29205885000,-38,1,1
29200,29206885000,40,0,0
29201,29207885000,-40,1,1
29202,29208885000,-36,1,1
29203,29209885000,36,0,0
29204,29210885000,-34,1,1
29205,29211885000,36,0,0
29206,29212885000,-36,1,1
29207,29213885000,40,0,0
29208,29214885000,42,0,0
29209,29215885000,-42,1,1
29210,29216885000,-46,1,1
29211,29217885000,-46,1,1
29212,29218885000,-40,1,1
29213,29219885000,42,0,0
29214,29220885000,46,0,0
29215,29221885000,46,0,0
29216,29222885000,40,0,0
29217,29223885000,-40,1,1
29218,29224885000,40,0,0
29219,29225885000,46,0,0
29220,29226885000,42,0,0
29221,29227885000,-42,1,1
29222,29228885000,-46,1,1
29223,29229885000,-44,1,1
29224,29230885000,-40,1,1
29225,29231885000,42,0,0
29226,29232885000,42,0,0
29227,29233885000,-42,1,1
29228,29234885000,-46,1,1
29229,29235885000,-48,1,1
29230,29236885000,-46,1,1
29231,29237885000,-44,1,1
29232,29238885000,-36,1,1
29233,29239885000,36,0,0
29234,29240885000,-36,1,1
29235,29241885000,40,0,0
29236,29242885000,42,0,0
29237,29243885000,-42,1,1
29238,29244885000,-40,1,1
29239,29245885000,42,0,0
29240,29246885000,40,0,0
29241,29247885000,-40,1,1
29242,29248885000,40,0,0
29243,29249885000,40,0,0
29244,29250885000,-38,1,1
29245,29251885000,38,0,0
29246,29252885000,-40,1,1
29247,29253885000,-40,1,1
29248,29254885000,42,0,0
29249,29255885000,46,0,0
29250,29256885000,40,0,0
29251,29257885000,-38,1,1
29252,29258885000,38,0,0
29253,29259885000,-38,1,1
29254,29260885000,40,0,0
29255,29261885000,42,0,0
29256,29262885000,-42,1,1
29257,29263885000,-46,1,1
29258,29264885000,-38,1,1
29259,29265885000,40,0,0
29260,29266885000,-40,1,1
29261,29267885000,-46,1,1
29262,29268885000,-46,1,1
29263,29269885000,-40,1,1
29264,29270885000,42,0,0
29265,29271885000,46,0,0
29266,29272885000,46,0,0
29267,29273885000,42,0,0
29268,29274885000,-42,1,1
29269,29275885000,-38,1,1
29270,29276885000,40,0,0
29271,29277885000,-40,1,1
29272,29278885000,-40,1,1
29273,29279885000,42,0,0
29274,29280885000,42,0,0
29275,29281885000,-42,1,1
29276,29282885000,-40,1,1
29277,29283885000,42,0,0
29278,29284885000,46,0,0
29279,29285885000,40,0,0
29280,29286885000,-40,1,1
29281,29287885000,40,0,0
29282,29288885000,46,0,0
29283,29289885000,42,0,0
29284,29290885000,-42,1,1
29285,29291885000,-46,1,1
29286,29292885000,-38,1,1
29287,29293885000,38,0,0
29288,29294885000,-38,1,1
29289,29295885000,40,0,0
29290,29296885000,46,0,0
29291,29297885000,48,0,0
29292,29298885000,48,0,0
29293,29299885000,48,0,0
29294,29300885000,48,0,0
29295,29301885000,46,0,0
29296,29302885000,40,0,0
29297,29303885000,-40,1,1
29298,29304885000,40,0,0
29299,29305885000,46,0,0
29300,29306885000,46,0,0
29301,29307885000,40,0,0
29302,29308885000,-40,1,1
29303,29309885000,40,0,0
29304,29310885000,46,0,0
29305,29311885000,42,0,0
29306,29312885000,-42,1,1
29307,29313885000,-38,1,1
29308,29314885000,40,0,0
29309,29315885000,-40,1,1
29310,29316885000,-46,1,1
29311,29317885000,-44,1,1
29312,29318885000,-38,1,1
29313,29319885000,40,0,0
29314,29320885000,-40,1,1
29315,29321885000,-44,1,1
29316,29322885000,-36,1,1
29317,29323885000,36,0,0
29318,29324885000,-34,1,1
29319,29325885000,36,0,0
29320,29326885000,-34,1,1
29321,29327885000,36,0,0
29322,29328885000,-38,1,1
29323,29329885000,-46,1,1
29324,29330885000,-46,1,1
29325,29331885000,-44,1,1
29326,29332885000,-40,1,1
29327,29333885000,42,0,0
29328,29334885000,46,0,0
29329,29335885000,46,0,0
29330,29336885000,42,0,0
29331,29337885000,-42,1,1
29332,29338885000,-44,1,1
29333,29339885000,-40,1,1
29334,29340885000,42,0,0
29335,29341885000,46,0,0
29336,29342885000,46,0,0
29337,29343885000,42,0,0
29338,29344885000,-42,1,1
29339,29345885000,-38,1,1
29340,29346885000,40,0,0
29341,29347885000,-40,1,1
29342,29348885000,-38,1,1
29343,29349885000,38,0,0
29344,29350885000,-38,1,1
29345,29351885000,38,0,0
29346,29352885000,-40,1,1
29347,29353885000,-38,1,1
29348,29354885000,40,0,0
29349,29355885000,-40,1,1
29350,29356885000,-46,1,1
29351,29357885000,-40,1,1
29352,29358885000,42,0,0
29353,29359885000,46,0,0
29354,29360885000,42,0,0
29355,29361885000,-42,1,1
29356,29362885000,-36,1,1
29357,29363885000,38,0,0
29358,29364885000,-38,1,1
29359,29365885000,-46,1,1
29360,29366885000,-38,1,1
29361,29367885000,38,0,0
29362,29368885000,-38,1,1
29363,29369885000,40,0,0
29364,29370885000,42,0,0
29365,29371885000,-42,1,1
29366,29372885000,-46,1,1
29367,29373885000,-46,1,1
29368,29374885000,-46,1,1
29369,29375885000,-40,1,1
29370,29376885000,42,0,0
29371,29377885000,46,0,0
29372,29378885000,46,0,0
29373,29379885000,40,0,0
29374,29380885000,-40,1,1
29375,29381885000,40,0,0
29376,29382885000,46,0,0
29377,29383885000,40,0,0
29378,29384885000,-36,1,1
29379,29385885000,36,0,0
29380,29386885000,-38,1,1
29381,29387885000,-46,1,1
29382,29388885000,-46,1,1
29383,29389885000,-46,1,1
29384,29390885000,-48,1,1
29385,29391885000,-46,1,1
29386,29392885000,-44,1,1
29387,29393885000,-40,1,1
29388,29394885000,42,0,0
29389,29395885000,42,0,0
29390,29396885000,-42,1,1
29391,29397885000,-44,1,1
29392,29398885000,-36,1,1
29393,29399885000,38,0,0
29394,29400885000,-38,1,1
29395,29401885000,-40,1,1
29396,29402885000,42,0,0
29397,29403885000,42,0,0
29398,29404885000,-42,1,1
29399,29405885000,-46,1,1
29400,29406885000,-44,1,1
29401,29407885000,-36,1,1
29402,29408885000,36,0,0
29403,29409885000,-36,1,1
29404,29410885000,40,0,0
29405,29411885000,46,0,0
29406,29412885000,48,0,0
29407,29413885000,48,0,0
29408,29414885000,46,0,0
29409,29415885000,40,0,0
29410,29416885000,-38,1,1
29411,29417885000,38,0,0
29412,29418885000,-38,1,1
29413,29419885000,38,0,0
29414,29420885000,-38,1,1
29415,29421885000,40,0,0
29416,29422885000,42,0,0
29417,29423885000,-42,1,1
29418,29424885000,-44,1,1
29419,29425885000,-36,1,1
29420,29426885000,36,0,0
29421,29427885000,-36,1,1
29422,29428885000,40,0,0
29423,29429885000,40,0,0
29424,29430885000,-38,1,1
29425,29431885000,38,0,0
29426,29432885000,-38,1,1
29427,29433885000,40,0,0
29428,29434885000,42,0,0
29429,29435885000,-42,1,1
29430,29436885000,-46,1,1
29431,29437885000,-46,1,1
29432,29438885000,-48,1,1
29433,29439885000,-44,1,1
29434,29440885000,-40,1,1
29435,29441885000,42,0,0
29436,29442885000,40,0,0
29437,29443885000,-40,1,1
29438,29444885000,40,0,0
29439,29445885000,46,0,0
29440,29446885000,46,0,0
29441,29447885000,42,0,0
29442,29448885000,-42,1,1
29443,29449885000,-46,1,1
29444,29450885000,-46,1,1
29445,29451885000,-40,1,1
29446,29452885000,42,0,0
29447,29453885000,46,0,0
29448,29454885000,48,0,0
29449,29455885000,48,0,0
29450,29456885000,46,0,0
29451,29457885000,42,0,0
29452,29458885000,-42,1,1
29453,29459885000,-38,1,1
29454,29460885000,38,0,0
29455,29461885000,-38,1,1
29456,29462885000,40,0,0
29457,29463885000,46,0,0
29458,29464885000,42,0,0
29459,29465885000,-42,1,1
29460,29466885000,-36,1,1
29461,29467885000,36,0,0
29462,29468885000,-34,1,1
29463,29469885000,36,0,0
29464,29470885000,-38,1,1
29465,29471885000,-38,1,1
29466,29472885000,40,0,0
29467,29473885000,-40,1,1
29468,29474885000,-46,1,1
29469,29475885000,-44,1,1
29470,29476885000,-36,1,1
29471,29477885000,36,0,0
29472,29478885000,-34,1,1
29473,29479885000,36,0,0
29474,29480885000,-38,1,1
29475,29481885000,-40,1,1
29476,29482885000,42,0,0
29477,29483885000,46,0,0
29478,29484885000,42,0,0
29479,29485885000,-42,1,1
29480,29486885000,-40,1,1
29481,29487885000,42,0,0
29482,29488885000,40,0,0
29483,29489885000,-36,1,1
29484,29490885000,36,0,0
29485,29491885000,-34,1,1
29486,29492885000,36,0,0
29487,29493885000,-34,1,1
29488,29494885000,36,0,0
29489,29495885000,-38,1,1
29490,29496885000,-36,1,1
29491,29497885000,36,0,0
29492,29498885000,-34,1,1
29493,29499885000,36,0,0
29494,29500885000,-34,1,1
29495,29501885000,36,0,0
29496,29502885000,-36,1,1
29497,29503885000,40,0,0
29498,29504885000,46,0,0
29499,29505885000,46,0,0
29500,29506885000,42,0,0
29501,29507885000,-42,1,1
29502,29508885000,-46,1,1
29503,29509885000,-44,1,1
29504,29510885000,-36,1,1
29505,29511885000,38,0,0
29506,29512885000,-38,1,1
29507,29513885000,-38,1,1
29508,29514885000,38,0,0
29509,29515885000,-38,1,1
29510,29516885000,38,0,0
29511,29517885000,-40,1,1
29512,29518885000,-38,1,1
29513,29519885000,38,0,0
29514,29520885000,-38,1,1
29515,29521885000,38,0,0
29516,29522885000,-40,1,1
29517,29523885000,-44,1,1
29518,29524885000,-36,1,1
29519,29525885000,38,0,0
29520,29526885000,-38,1,1
29521,29527885000,-38,1,1
29522,29528885000,40,0,0
29523,29529885000,-40,1,1
29524,29530885000,-46,1,1
29525,29531885000,-44,1,1
29526,29532885000,-36,1,1
29527,29533885000,36,0,0
29528,29534885000,-36,1,1
29529,29535885000,40,0,0
29530,29536885000,46,0,0
29531,29537885000,48,0,0
29532,29538885000,44,0,0
29533,29539885000,38,0,0
29534,29540885000,-34,1,1
29535,29541885000,36,0,0
29536,29542885000,-36,1,1
29537,29543885000,40,0,0
29538,29544885000,46,0,0
29539,29545885000,40,0,0
29540,29546885000,-40,1,1
29541,29547885000,40,0,0
29542,29548885000,42,0,0
29543,29549885000,-42,1,1
29544,29550885000,-38,1,1
29545,29551885000,38,0,0
29546,29552885000,-38,1,1
29547,29553885000,40,0,0
29548,29554885000,46,0,0
29549,29555885000,48,0,0
29550,29556885000,48,0,0
29551,29557885000,48,0,0
29552,29558885000,46,0,0
29553,29559885000,42,0,0
29554,29560885000,-42,1,1
29555,29561885000,-38,1,1
29556,29562885000,38,0,0
29557,29563885000,-38,1,1
29558,29564885000,40,0,0
29559,29565885000,46,0,0
29560,29566885000,46,0,0
29561,29567885000,40,0,0
29562,29568885000,-38,1,1
29563,29569885000,38,0,0
29564,29570885000,-40,1,1
29565,29571885000,-44,1,1
29566,29572885000,-36,1,1
29567,29573885000,38,0,0
29568,29574885000,-38,1,1
29569,29575885000,-46,1,1
29570,29576885000,-44,1,1
29571,29577885000,-40,1,1
29572,29578885000,42,0,0
29573,29579885000,46,0,0
29574,29580885000,48,0,0
29575,29581885000,48,0,0
29576,29582885000,48,0,0
29577,29583885000,46,0,0
29578,29584885000,42,0,0
29579,29585885000,-42,1,1
29580,29586885000,-38,1,1
29581,29587885000,38,0,0
29582,29588885000,-38,1,1
29583,29589885000,40,0,0
29584,29590885000,46,0,0
29585,29591885000,42,0,0
29586,29592885000,-42,1,1
29587,29593885000,-46,1,1
29588,29594885000,-40,1,1
29589,29595885000,42,0,0
29590,29596885000,40,0,0
29591,29597885000,-40,1,1
29592,29598885000,40,0,0
29593,29599885000,46,0,0
29594,29600885000,46,0,0
29595,29601885000,40,0,0
29596,29602885000,-40,1,1
29597,29603885000,40,0,0
29598,29604885000,40,0,0
29599,29605885000,-40,1,1
29600,29606885000,40,0,0
29601,29607885000,42,0,0
29602,29608885000,-42,1,1
29603,29609885000,-38,1,1
29604,29610885000,40,0,0
29605,29611885000,-40,1,1
29606,29612885000,-40,1,1
29607,29613885000,42,0,0
29608,29614885000,46,0,0
29609,29615885000,46,0,0
29610,29616885000,42,0,0
29611,29617885000,-42,1,1
29612,29618885000,-46,1,1
29613,29619885000,-40,1,1
29614,29620885000,42,0,0
29615,29621885000,38,0,0
29616,29622885000,-34,1,1
29617,29623885000,36,0,0
29618,29624885000,-36,1,1
29619,29625885000,40,0,0
29620,29626885000,42,0,0
29621,29627885000,-42,1,1
29622,29628885000,-36,1,1
29623,29629885000,36,0,0
29624,29630885000,-36,1,1
29625,29631885000,40,0,0
29626,29632885000,46,0,0
29627,29633885000,46,0,0
29628,29634885000,42,0,0
29629,29635885000,-42,1,1
29630,29636885000,-40,1,1
29631,29637885000,42,0,0
29632,29638885000,46,0,0
29633,29639885000,46,0,0
29634,29640885000,40,0,0
29635,29641885000,-36,1,1
29636,29642885000,36,0,0
29637,29643885000,-34,1,1
29638,29644885000,36,0,0
29639,29645885000,-34,1,1
29640,29646885000,36,0,0
29641,29647885000,-38,1,1
29642,29648885000,-40,1,1
29643,29649885000,42,0,0
29644,29650885000,46,0,0
29645,29651885000,42,0,0
29646,29652885000,-42,1,1
29647,29653885000,-44,1,1
29648,29654885000,-36,1,1
29649,29655885000,36,0,0
29650,29656885000,-36,1,1
29651,29657885000,40,0,0
29652,29658885000,42,0,0
29653,29659885000,-42,1,1
29654,29660885000,-46,1,1
29655,29661885000,-46,1,1
29656,29662885000,-44,1,1
29657,29663885000,-36,1,1
29658,29664885000,36,0,0
29659,29665885000,-36,1,1
29660,29666885000,40,0,0
29661,29667885000,40,0,0
29662,29668885000,-38,1,1
29663,29669885000,38,0,0
29664,29670885000,-38,1,1
29665,29671885000,38,0,0
29666,29672885000,-40,1,1
29667,29673885000,-36,1,1
29668,29674885000,38,0,0
29669,29675885000,-38,1,1
29670,29676885000,-46,1,1
29671,29677885000,-40,1,1
29672,29678885000,42,0,0
29673,29679885000,46,0,0
29674,29680885000,48,0,0
29675,29681885000,48,0,0
29676,29682885000,48,0,0
29677,29683885000,48,0,0
29678,29684885000,46,0,0
29679,29685885000,42,0,0
29680,29686885000,-42,1,1
29681,29687885000,-40,1,1
29682,29688885000,42,0,0
29683,29689885000,40,0,0
29684,29690885000,-38,1,1
29685,29691885000,38,0,0
29686,29692885000,-38,1,1
29687,29693885000,38,0,0
29688,29694885000,-40,1,1
29689,29695885000,-36,1,1
29690,29696885000,38,0,0
29691,29697885000,-38,1,1
29692,29698885000,-40,1,1
29693,29699885000,42,0,0
29694,29700885000,42,0,0
29695,29701885000,-42,1,1
29696,29702885000,-36,1,1
29697,29703885000,36,0,0
29698,29704885000,-36,1,1
29699,29705885000,40,0,0
29700,29706885000,46,0,0
29701,29707885000,48,0,0
29702,29708885000,48,0,0
29703,29709885000,48,0,0
29704,29710885000,48,0,0
29705,29711885000,46,0,0
29706,29712885000,42,0,0
29707,29713885000,-42,1,1
29708,29714885000,-40,1,1
29709,29715885000,42,0,0
29710,29716885000,46,0,0
29711,29717885000,46,0,0
29712,29718885000,40,0,0
29713,29719885000,-40,1,1
29714,29720885000,40,0,0
29715,29721885000,46,0,0
29716,29722885000,40,0,0
29717,29723885000,-40,1,1
29718,29724885000,40,0,0
29719,29725885000,46,0,0
29720,29726885000,42,0,0
29721,29727885000,-42,1,1
29722,29728885000,-46,1,1
29723,29729885000,-44,1,1
29724,29730885000,-38,1,1
29725,29731885000,38,0,0
29726,29732885000,-40,1,1
29727,29733885000,-40,1,1
29728,29734885000,42,0,0
29729,29735885000,42,0,0
29730,29736885000,-42,1,1
29731,29737885000,-44,1,1
29732,29738885000,-40,1,1
29733,29739885000,42,0,0
29734,29740885000,42,0,0
29735,29741885000,-42,1,1
29736,29742885000,-46,1,1
29737,29743885000,-46,1,1
29738,29744885000,-44,1,1
29739,29745885000,-36,1,1
29740,29746885000,36,0,0
29741,29747885000,-34,1,1
29742,29748885000,36,0,0
29743,29749885000,-34,1,1
29744,29750885000,36,0,0
29745,29751885000,-34,1,1
29746,29752885000,36,0,0
29747,29753885000,-36,1,1
29748,29754885000,40,0,0
29749,29755885000,40,0,0
29750,29756885000,-40,1,1
29751,29757885000,40,0,0
29752,29758885000,46,0,0
29753,29759885000,42,0,0
29754,29760885000,-42,1,1
29755,29761885000,-40,1,1
29756,29762885000,42,0,0
29757,29763885000,38,0,0
29758,29764885000,-38,1,1
29759,29765885000,40,0,0
29760,29766885000,46,0,0
29761,29767885000,42,0,0
29762,29768885000,-42,1,1
29763,29769885000,-36,1,1
29764,29770885000,36,0,0
29765,29771885000,-36,1,1
29766,29772885000,40,0,0
29767,29773885000,40,0,0
29768,29774885000,-38,1,1
29769,29775885000,38,0,0
29770,29776885000,-38,1,1
29771,29777885000,38,0,0
29772,29778885000,-38,1,1
29773,29779885000,40,0,0
29774,29780885000,46,0,0
29775,29781885000,48,0,0
29776,29782885000,46,0,0
29777,29783885000,42,0,0
29778,29784885000,-42,1,1
29779,29785885000,-44,1,1
29780,29786885000,-36,1,1
29781,29787885000,36,0,0
29782,29788885000,-36,1,1
29783,29789885000,40,0,0
29784,29790885000,46,0,0
29785,29791885000,40,0,0
29786,29792885000,-40,1,1
29787,29793885000,40,0,0
29788,29794885000,44,0,0
29789,29795885000,38,0,0
29790,29796885000,-38,1,1
29791,29797885000,40,0,0
29792,29798885000,42,0,0
29793,29799885000,-42,1,1
29794,29800885000,-46,1,1
29795,29801885000,-38,1,1
29796,29802885000,38,0,0
29797,29803885000,-38,1,1
29798,29804885000,40,0,0
29799,29805885000,46,0,0
29800,29806885000,42,0,0
29801,29807885000,-42,1,1
29802,29808885000,-46,1,1
29803,29809885000,-40,1,1
29804,29810885000,42,0,0
29805,29811885000,46,0,0
29806,29812885000,40,0,0
29807,29813885000,-36,1,1
29808,29814885000,36,0,0
29809,29815885000,-38,1,1
29810,29816885000,-36,1,1
29811,29817885000,38,0,0
29812,29818885000,-38,1,1
29813,29819885000,-38,1,1
29814,29820885000,40,0,0
29815,29821885000,-40,1,1
29816,29822885000,-44,1,1
29817,29823885000,-40,1,1
29818,29824885000,42,0,0
29819,29825885000,46,0,0
29820,29826885000,46,0,0
29821,29827885000,42,0,0
29822,29828885000,-42,1,1
29823,29829885000,-46,1,1
29824,29830885000,-38,1,1
29825,29831885000,38,0,0
29826,29832885000,-38,1,1
29827,29833885000,38,0,0
29828,29834885000,-38,1,1
29829,29835885000,38,0,0
29830,29836885000,-38,1,1
29831,29837885000,38,0,0
29832,29838885000,-38,1,1
29833,29839885000,38,0,0
29834,29840885000,46,0,0
29835,29841885000,46,0,0
29836,29842885000,42,0,0
29837,29843885000,-42,1,1
29838,29844885000,-46,1,1
29839,29845885000,-44,1,1
29840,29846885000,-40,1,1
29841,29847885000,40,0,0
29842,29848885000,40,0,0
29843,29849885000,-38,1,1
29844,29850885000,38,0,0
29845,29851885000,-40,1,1
29846,29852885000,-44,1,1
29847,29853885000,-36,1,1
29848,29854885000,36,0,0
29849,29855885000,-34,1,1
29850,29856885000,36,0,0
29851,29857885000,-36,1,1
29852,29858885000,40,0,0
29853,29859885000,46,0,0
29854,29860885000,44,0,0
29855,29861885000,38,0,0
29856,29862885000,-34,1,1
29857,29863885000,36,0,0
29858,29864885000,-38,1,1
29859,29865885000,-46,1,1
29860,29866885000,-38,1,1
29861,29867885000,38,0,0
29862,29868885000,-40,1,1
29863,29869885000,-44,1,1
29864,29870885000,-40,1,1
29865,29871885000,42,0,0
29866,29872885000,46,0,0
29867,29873885000,48,0,0
29868,29874885000,48,0,0
29869,29875885000,46,0,0
29870,29876885000,42,0,0
29871,29877885000,-42,1,1
29872,29878885000,-40,1,1
29873,29879885000,42,0,0
29874,29880885000,46,0,0
29875,29881885000,40,0,0
29876,29882885000,-38,1,1
29877,29883885000,38,0,0
29878,29884885000,44,0,0
29879,29885885000,38,0,0
29880,29886885000,-34,1,1
29881,29887885000,36,0,0
29882,29888885000,-38,1,1
29883,29889885000,-46,1,1
29884,29890885000,-38,1,1
29885,29891885000,38,0,0
29886,29892885000,-40,1,1
29887,29893885000,-40,1,1
29888,29894885000,42,0,0
29889,29895885000,46,0,0
29890,29896885000,48,0,0
29891,29897885000,46,0,0
29892,29898885000,40,0,0
29893,29899885000,-36,1,1
29894,29900885000,36,0,0
29895,29901885000,-36,1,1
29896,29902885000,40,0,0
29897,29903885000,46,0,0
29898,29904885000,48,0,0
29899,29905885000,46,0,0
29900,29906885000,40,0,0
29901,29907885000,-40,1,1
29902,29908885000,40,0,0
29903,29909885000,46,0,0
29904,29910885000,42,0,0
29905,29911885000,-42,1,1
29906,29912885000,-46,1,1
29907,29913885000,-44,1,1
29908,29914885000,-36,1,1
29909,29915885000,38,0,0
29910,29916885000,-38,1,1
29911,29917885000,-46,1,1
29912,29918885000,-38,1,1
29913,29919885000,38,0,0
29914,29920885000,46,0,0
29915,29921885000,42,0,0
29916,29922885000,-42,1,1
29917,29923885000,-46,1,1
29918,29924885000,-38,1,1
29919,29925885000,38,0,0
29920,29926885000,46,0,0
29921,29927885000,48,0,0
29922,29928885000,46,0,0
29923,29929885000,42,0,0
29924,29930885000,-42,1,1
29925,29931885000,-40,1,1
29926,29932885000,42,0,0
29927,29933885000,46,0,0
29928,29934885000,42,0,0
29929,29935885000,-42,1,1
29930,29936885000,-38,1,1
29931,29937885000,38,0,0
29932,29938885000,-38,1,1
29933,29939885000,40,0,0
29934,29940885000,40,0,0
29935,29941885000,-40,1,1
29936,29942885000,40,0,0
29937,29943885000,46,0,0
29938,29944885000,46,0,0
29939,29945885000,40,0,0
29940,29946885000,-38,1,1
29941,29947885000,38,0,0
29942,29948885000,-40,1,1
29943,29949885000,-44,1,1
29944,29950885000,-36,1,1
29945,29951885000,36,0,0
29946,29952885000,-34,1,1
29947,29953885000,36,0,0
29948,29954885000,-34,1,1
29949,29955885000,36,0,0
29950,29956885000,-36,1,1
29951,29957885000,40,0,0
29952,29958885000,46,0,0
29953,29959885000,40,0,0
29954,29960885000,-38,1,1
29955,29961885000,38,0,0
29956,29962885000,-40,1,1
29957,29963885000,-44,1,1
29958,29964885000,-40,1,1
29959,29965885000,42,0,0
29960,29966885000,42,0,0
29961,29967885000,-42,1,1
29962,29968885000,-36,1,1
29963,29969885000,36,0,0
29964,29970885000,-34,1,1
29965,29971885000,36,0,0
29966,29972885000,-36,1,1
29967,29973885000,40,0,0
29968,29974885000,46,0,0
29969,29975885000,42,0,0
29970,29976885000,-42,1,1
29971,29977885000,-46,1,1
29972,29978885000,-46,1,1
29973,29979885000,-40,1,1
29974,29980885000,42,0,0
29975,29981885000,38,0,0
29976,29982885000,-34,1,1
29977,29983885000,36,0,0
29978,29984885000,-36,1,1
29979,29985885000,40,0,0
29980,29986885000,46,0,0
29981,29987885000,46,0,0
29982,29988885000,42,0,0
29983,29989885000,-42,1,1
29984,29990885000,-46,1,1
29985,29991885000,-46,1,1
29986,29992885000,-48,1,1
29987,29993885000,-46,1,1
29988,29994885000,-44,1,1
29989,29995885000,-40,1,1
29990,29996885000,42,0,0
29991,29997885000,40,0,0
29992,29998885000,-38,1,1
29993,29999885000,38,0,0
29994,30000885000,46,0,0
29995,30001885000,48,0,0
29996,30002885000,48,0,0
29997,30003885000,48,0,0
29998,30004885000,44,0,0
29999,30005885000,38,0,0
30000,30006885000,-34,1,1
30001,30007885000,36,0,0
30002,30008885000,-36,1,1
30003,30009885000,40,0,0
30004,30010885000,46,0,0
30005,30011885000,42,0,0
30006,30012885000,-42,1,1
30007,30013885000,-44,1,1
